run_id,kind,domain,arch,scale,train_dist,train_dist_meaning,seed,diagnostic,held_out,tier,status,notes
navigation-transformer-small-expert-s0,train,navigation,transformer,small,expert,shortest paths,0,,no,2,planned,
navigation-transformer-small-expert-s1,train,navigation,transformer,small,expert,shortest paths,1,,no,2,planned,
navigation-transformer-small-expert-s2,train,navigation,transformer,small,expert,shortest paths,2,,no,3,planned,
navigation-transformer-small-noisy-s0,train,navigation,transformer,small,noisy,noisy shortest paths,0,,no,2,planned,
navigation-transformer-small-noisy-s1,train,navigation,transformer,small,noisy,noisy shortest paths,1,,no,2,planned,
navigation-transformer-small-noisy-s2,train,navigation,transformer,small,noisy,noisy shortest paths,2,,no,3,planned,
navigation-transformer-small-random-s0,train,navigation,transformer,small,random,random walks,0,,no,2,planned,
navigation-transformer-small-random-s1,train,navigation,transformer,small,random,random walks,1,,no,2,planned,
navigation-transformer-small-random-s2,train,navigation,transformer,small,random,random walks,2,,no,3,planned,
navigation-transformer-medium-expert-s0,train,navigation,transformer,medium,expert,shortest paths,0,,no,1,planned,
navigation-transformer-medium-expert-s1,train,navigation,transformer,medium,expert,shortest paths,1,,no,2,planned,
navigation-transformer-medium-expert-s2,train,navigation,transformer,medium,expert,shortest paths,2,,no,3,planned,
navigation-transformer-medium-noisy-s0,train,navigation,transformer,medium,noisy,noisy shortest paths,0,,no,1,planned,
navigation-transformer-medium-noisy-s1,train,navigation,transformer,medium,noisy,noisy shortest paths,1,,no,2,planned,
navigation-transformer-medium-noisy-s2,train,navigation,transformer,medium,noisy,noisy shortest paths,2,,no,3,planned,
navigation-transformer-medium-random-s0,train,navigation,transformer,medium,random,random walks,0,,no,1,planned,
navigation-transformer-medium-random-s1,train,navigation,transformer,medium,random,random walks,1,,no,2,planned,
navigation-transformer-medium-random-s2,train,navigation,transformer,medium,random,random walks,2,,no,3,planned,
navigation-transformer-large-expert-s0,train,navigation,transformer,large,expert,shortest paths,0,,no,3,planned,
navigation-transformer-large-expert-s1,train,navigation,transformer,large,expert,shortest paths,1,,no,3,planned,
navigation-transformer-large-expert-s2,train,navigation,transformer,large,expert,shortest paths,2,,no,3,planned,
navigation-transformer-large-noisy-s0,train,navigation,transformer,large,noisy,noisy shortest paths,0,,no,3,planned,
navigation-transformer-large-noisy-s1,train,navigation,transformer,large,noisy,noisy shortest paths,1,,no,3,planned,
navigation-transformer-large-noisy-s2,train,navigation,transformer,large,noisy,noisy shortest paths,2,,no,3,planned,
navigation-transformer-large-random-s0,train,navigation,transformer,large,random,random walks,0,,no,3,planned,
navigation-transformer-large-random-s1,train,navigation,transformer,large,random,random walks,1,,no,3,planned,
navigation-transformer-large-random-s2,train,navigation,transformer,large,random,random walks,2,,no,3,planned,
navigation-ssm-small-expert-s0,train,navigation,ssm,small,expert,shortest paths,0,,no,2,planned,
navigation-ssm-small-expert-s1,train,navigation,ssm,small,expert,shortest paths,1,,no,2,planned,
navigation-ssm-small-expert-s2,train,navigation,ssm,small,expert,shortest paths,2,,no,3,planned,
navigation-ssm-small-noisy-s0,train,navigation,ssm,small,noisy,noisy shortest paths,0,,no,2,planned,
navigation-ssm-small-noisy-s1,train,navigation,ssm,small,noisy,noisy shortest paths,1,,no,2,planned,
navigation-ssm-small-noisy-s2,train,navigation,ssm,small,noisy,noisy shortest paths,2,,no,3,planned,
navigation-ssm-small-random-s0,train,navigation,ssm,small,random,random walks,0,,no,2,planned,
navigation-ssm-small-random-s1,train,navigation,ssm,small,random,random walks,1,,no,2,planned,
navigation-ssm-small-random-s2,train,navigation,ssm,small,random,random walks,2,,no,3,planned,
navigation-ssm-medium-expert-s0,train,navigation,ssm,medium,expert,shortest paths,0,,no,1,planned,
navigation-ssm-medium-expert-s1,train,navigation,ssm,medium,expert,shortest paths,1,,no,2,planned,
navigation-ssm-medium-expert-s2,train,navigation,ssm,medium,expert,shortest paths,2,,no,3,planned,
navigation-ssm-medium-noisy-s0,train,navigation,ssm,medium,noisy,noisy shortest paths,0,,no,1,planned,
navigation-ssm-medium-noisy-s1,train,navigation,ssm,medium,noisy,noisy shortest paths,1,,no,2,planned,
navigation-ssm-medium-noisy-s2,train,navigation,ssm,medium,noisy,noisy shortest paths,2,,no,3,planned,
navigation-ssm-medium-random-s0,train,navigation,ssm,medium,random,random walks,0,,no,1,planned,
navigation-ssm-medium-random-s1,train,navigation,ssm,medium,random,random walks,1,,no,2,planned,
navigation-ssm-medium-random-s2,train,navigation,ssm,medium,random,random walks,2,,no,3,planned,
navigation-ssm-large-expert-s0,train,navigation,ssm,large,expert,shortest paths,0,,no,3,planned,
navigation-ssm-large-expert-s1,train,navigation,ssm,large,expert,shortest paths,1,,no,3,planned,
navigation-ssm-large-expert-s2,train,navigation,ssm,large,expert,shortest paths,2,,no,3,planned,
navigation-ssm-large-noisy-s0,train,navigation,ssm,large,noisy,noisy shortest paths,0,,no,3,planned,
navigation-ssm-large-noisy-s1,train,navigation,ssm,large,noisy,noisy shortest paths,1,,no,3,planned,
navigation-ssm-large-noisy-s2,train,navigation,ssm,large,noisy,noisy shortest paths,2,,no,3,planned,
navigation-ssm-large-random-s0,train,navigation,ssm,large,random,random walks,0,,no,3,planned,
navigation-ssm-large-random-s1,train,navigation,ssm,large,random,random walks,1,,no,3,planned,
navigation-ssm-large-random-s2,train,navigation,ssm,large,random,random walks,2,,no,3,planned,
navigation-lstm-small-expert-s0,train,navigation,lstm,small,expert,shortest paths,0,,yes,4,planned,
navigation-lstm-small-expert-s1,train,navigation,lstm,small,expert,shortest paths,1,,yes,4,planned,
navigation-lstm-small-expert-s2,train,navigation,lstm,small,expert,shortest paths,2,,yes,4,planned,
navigation-lstm-small-noisy-s0,train,navigation,lstm,small,noisy,noisy shortest paths,0,,yes,4,planned,
navigation-lstm-small-noisy-s1,train,navigation,lstm,small,noisy,noisy shortest paths,1,,yes,4,planned,
navigation-lstm-small-noisy-s2,train,navigation,lstm,small,noisy,noisy shortest paths,2,,yes,4,planned,
navigation-lstm-small-random-s0,train,navigation,lstm,small,random,random walks,0,,yes,4,planned,
navigation-lstm-small-random-s1,train,navigation,lstm,small,random,random walks,1,,yes,4,planned,
navigation-lstm-small-random-s2,train,navigation,lstm,small,random,random walks,2,,yes,4,planned,
navigation-lstm-medium-expert-s0,train,navigation,lstm,medium,expert,shortest paths,0,,yes,4,planned,
navigation-lstm-medium-expert-s1,train,navigation,lstm,medium,expert,shortest paths,1,,yes,4,planned,
navigation-lstm-medium-expert-s2,train,navigation,lstm,medium,expert,shortest paths,2,,yes,4,planned,
navigation-lstm-medium-noisy-s0,train,navigation,lstm,medium,noisy,noisy shortest paths,0,,yes,4,planned,
navigation-lstm-medium-noisy-s1,train,navigation,lstm,medium,noisy,noisy shortest paths,1,,yes,4,planned,
navigation-lstm-medium-noisy-s2,train,navigation,lstm,medium,noisy,noisy shortest paths,2,,yes,4,planned,
navigation-lstm-medium-random-s0,train,navigation,lstm,medium,random,random walks,0,,yes,4,planned,
navigation-lstm-medium-random-s1,train,navigation,lstm,medium,random,random walks,1,,yes,4,planned,
navigation-lstm-medium-random-s2,train,navigation,lstm,medium,random,random walks,2,,yes,4,planned,
navigation-lstm-large-expert-s0,train,navigation,lstm,large,expert,shortest paths,0,,yes,4,planned,
navigation-lstm-large-expert-s1,train,navigation,lstm,large,expert,shortest paths,1,,yes,4,planned,
navigation-lstm-large-expert-s2,train,navigation,lstm,large,expert,shortest paths,2,,yes,4,planned,
navigation-lstm-large-noisy-s0,train,navigation,lstm,large,noisy,noisy shortest paths,0,,yes,4,planned,
navigation-lstm-large-noisy-s1,train,navigation,lstm,large,noisy,noisy shortest paths,1,,yes,4,planned,
navigation-lstm-large-noisy-s2,train,navigation,lstm,large,noisy,noisy shortest paths,2,,yes,4,planned,
navigation-lstm-large-random-s0,train,navigation,lstm,large,random,random walks,0,,yes,4,planned,
navigation-lstm-large-random-s1,train,navigation,lstm,large,random,random walks,1,,yes,4,planned,
navigation-lstm-large-random-s2,train,navigation,lstm,large,random,random walks,2,,yes,4,planned,
lattice-transformer-small-expert-s0,train,lattice,transformer,small,expert,shortest paths,0,,no,2,planned,
lattice-transformer-small-expert-s1,train,lattice,transformer,small,expert,shortest paths,1,,no,2,planned,
lattice-transformer-small-expert-s2,train,lattice,transformer,small,expert,shortest paths,2,,no,3,planned,
lattice-transformer-small-noisy-s0,train,lattice,transformer,small,noisy,noisy shortest paths,0,,no,2,planned,
lattice-transformer-small-noisy-s1,train,lattice,transformer,small,noisy,noisy shortest paths,1,,no,2,planned,
lattice-transformer-small-noisy-s2,train,lattice,transformer,small,noisy,noisy shortest paths,2,,no,3,planned,
lattice-transformer-small-random-s0,train,lattice,transformer,small,random,random walks,0,,no,2,planned,
lattice-transformer-small-random-s1,train,lattice,transformer,small,random,random walks,1,,no,2,planned,
lattice-transformer-small-random-s2,train,lattice,transformer,small,random,random walks,2,,no,3,planned,
lattice-transformer-medium-expert-s0,train,lattice,transformer,medium,expert,shortest paths,0,,no,1,planned,
lattice-transformer-medium-expert-s1,train,lattice,transformer,medium,expert,shortest paths,1,,no,2,planned,
lattice-transformer-medium-expert-s2,train,lattice,transformer,medium,expert,shortest paths,2,,no,3,planned,
lattice-transformer-medium-noisy-s0,train,lattice,transformer,medium,noisy,noisy shortest paths,0,,no,1,planned,
lattice-transformer-medium-noisy-s1,train,lattice,transformer,medium,noisy,noisy shortest paths,1,,no,2,planned,
lattice-transformer-medium-noisy-s2,train,lattice,transformer,medium,noisy,noisy shortest paths,2,,no,3,planned,
lattice-transformer-medium-random-s0,train,lattice,transformer,medium,random,random walks,0,,no,1,planned,
lattice-transformer-medium-random-s1,train,lattice,transformer,medium,random,random walks,1,,no,2,planned,
lattice-transformer-medium-random-s2,train,lattice,transformer,medium,random,random walks,2,,no,3,planned,
lattice-transformer-large-expert-s0,train,lattice,transformer,large,expert,shortest paths,0,,no,3,planned,
lattice-transformer-large-expert-s1,train,lattice,transformer,large,expert,shortest paths,1,,no,3,planned,
lattice-transformer-large-expert-s2,train,lattice,transformer,large,expert,shortest paths,2,,no,3,planned,
lattice-transformer-large-noisy-s0,train,lattice,transformer,large,noisy,noisy shortest paths,0,,no,3,planned,
lattice-transformer-large-noisy-s1,train,lattice,transformer,large,noisy,noisy shortest paths,1,,no,3,planned,
lattice-transformer-large-noisy-s2,train,lattice,transformer,large,noisy,noisy shortest paths,2,,no,3,planned,
lattice-transformer-large-random-s0,train,lattice,transformer,large,random,random walks,0,,no,3,planned,
lattice-transformer-large-random-s1,train,lattice,transformer,large,random,random walks,1,,no,3,planned,
lattice-transformer-large-random-s2,train,lattice,transformer,large,random,random walks,2,,no,3,planned,
lattice-ssm-small-expert-s0,train,lattice,ssm,small,expert,shortest paths,0,,no,2,planned,
lattice-ssm-small-expert-s1,train,lattice,ssm,small,expert,shortest paths,1,,no,2,planned,
lattice-ssm-small-expert-s2,train,lattice,ssm,small,expert,shortest paths,2,,no,3,planned,
lattice-ssm-small-noisy-s0,train,lattice,ssm,small,noisy,noisy shortest paths,0,,no,2,planned,
lattice-ssm-small-noisy-s1,train,lattice,ssm,small,noisy,noisy shortest paths,1,,no,2,planned,
lattice-ssm-small-noisy-s2,train,lattice,ssm,small,noisy,noisy shortest paths,2,,no,3,planned,
lattice-ssm-small-random-s0,train,lattice,ssm,small,random,random walks,0,,no,2,planned,
lattice-ssm-small-random-s1,train,lattice,ssm,small,random,random walks,1,,no,2,planned,
lattice-ssm-small-random-s2,train,lattice,ssm,small,random,random walks,2,,no,3,planned,
lattice-ssm-medium-expert-s0,train,lattice,ssm,medium,expert,shortest paths,0,,no,1,planned,
lattice-ssm-medium-expert-s1,train,lattice,ssm,medium,expert,shortest paths,1,,no,2,planned,
lattice-ssm-medium-expert-s2,train,lattice,ssm,medium,expert,shortest paths,2,,no,3,planned,
lattice-ssm-medium-noisy-s0,train,lattice,ssm,medium,noisy,noisy shortest paths,0,,no,1,planned,
lattice-ssm-medium-noisy-s1,train,lattice,ssm,medium,noisy,noisy shortest paths,1,,no,2,planned,
lattice-ssm-medium-noisy-s2,train,lattice,ssm,medium,noisy,noisy shortest paths,2,,no,3,planned,
lattice-ssm-medium-random-s0,train,lattice,ssm,medium,random,random walks,0,,no,1,planned,
lattice-ssm-medium-random-s1,train,lattice,ssm,medium,random,random walks,1,,no,2,planned,
lattice-ssm-medium-random-s2,train,lattice,ssm,medium,random,random walks,2,,no,3,planned,
lattice-ssm-large-expert-s0,train,lattice,ssm,large,expert,shortest paths,0,,no,3,planned,
lattice-ssm-large-expert-s1,train,lattice,ssm,large,expert,shortest paths,1,,no,3,planned,
lattice-ssm-large-expert-s2,train,lattice,ssm,large,expert,shortest paths,2,,no,3,planned,
lattice-ssm-large-noisy-s0,train,lattice,ssm,large,noisy,noisy shortest paths,0,,no,3,planned,
lattice-ssm-large-noisy-s1,train,lattice,ssm,large,noisy,noisy shortest paths,1,,no,3,planned,
lattice-ssm-large-noisy-s2,train,lattice,ssm,large,noisy,noisy shortest paths,2,,no,3,planned,
lattice-ssm-large-random-s0,train,lattice,ssm,large,random,random walks,0,,no,3,planned,
lattice-ssm-large-random-s1,train,lattice,ssm,large,random,random walks,1,,no,3,planned,
lattice-ssm-large-random-s2,train,lattice,ssm,large,random,random walks,2,,no,3,planned,
lattice-lstm-small-expert-s0,train,lattice,lstm,small,expert,shortest paths,0,,yes,4,planned,
lattice-lstm-small-expert-s1,train,lattice,lstm,small,expert,shortest paths,1,,yes,4,planned,
lattice-lstm-small-expert-s2,train,lattice,lstm,small,expert,shortest paths,2,,yes,4,planned,
lattice-lstm-small-noisy-s0,train,lattice,lstm,small,noisy,noisy shortest paths,0,,yes,4,planned,
lattice-lstm-small-noisy-s1,train,lattice,lstm,small,noisy,noisy shortest paths,1,,yes,4,planned,
lattice-lstm-small-noisy-s2,train,lattice,lstm,small,noisy,noisy shortest paths,2,,yes,4,planned,
lattice-lstm-small-random-s0,train,lattice,lstm,small,random,random walks,0,,yes,4,planned,
lattice-lstm-small-random-s1,train,lattice,lstm,small,random,random walks,1,,yes,4,planned,
lattice-lstm-small-random-s2,train,lattice,lstm,small,random,random walks,2,,yes,4,planned,
lattice-lstm-medium-expert-s0,train,lattice,lstm,medium,expert,shortest paths,0,,yes,4,planned,
lattice-lstm-medium-expert-s1,train,lattice,lstm,medium,expert,shortest paths,1,,yes,4,planned,
lattice-lstm-medium-expert-s2,train,lattice,lstm,medium,expert,shortest paths,2,,yes,4,planned,
lattice-lstm-medium-noisy-s0,train,lattice,lstm,medium,noisy,noisy shortest paths,0,,yes,4,planned,
lattice-lstm-medium-noisy-s1,train,lattice,lstm,medium,noisy,noisy shortest paths,1,,yes,4,planned,
lattice-lstm-medium-noisy-s2,train,lattice,lstm,medium,noisy,noisy shortest paths,2,,yes,4,planned,
lattice-lstm-medium-random-s0,train,lattice,lstm,medium,random,random walks,0,,yes,4,planned,
lattice-lstm-medium-random-s1,train,lattice,lstm,medium,random,random walks,1,,yes,4,planned,
lattice-lstm-medium-random-s2,train,lattice,lstm,medium,random,random walks,2,,yes,4,planned,
lattice-lstm-large-expert-s0,train,lattice,lstm,large,expert,shortest paths,0,,yes,4,planned,
lattice-lstm-large-expert-s1,train,lattice,lstm,large,expert,shortest paths,1,,yes,4,planned,
lattice-lstm-large-expert-s2,train,lattice,lstm,large,expert,shortest paths,2,,yes,4,planned,
lattice-lstm-large-noisy-s0,train,lattice,lstm,large,noisy,noisy shortest paths,0,,yes,4,planned,
lattice-lstm-large-noisy-s1,train,lattice,lstm,large,noisy,noisy shortest paths,1,,yes,4,planned,
lattice-lstm-large-noisy-s2,train,lattice,lstm,large,noisy,noisy shortest paths,2,,yes,4,planned,
lattice-lstm-large-random-s0,train,lattice,lstm,large,random,random walks,0,,yes,4,planned,
lattice-lstm-large-random-s1,train,lattice,lstm,large,random,random walks,1,,yes,4,planned,
lattice-lstm-large-random-s2,train,lattice,lstm,large,random,random walks,2,,yes,4,planned,
othello-transformer-small-expert-s0,train,othello,transformer,small,expert,championship games,0,,no,2,planned,
othello-transformer-small-expert-s1,train,othello,transformer,small,expert,championship games,1,,no,2,planned,
othello-transformer-small-expert-s2,train,othello,transformer,small,expert,championship games,2,,no,3,planned,
othello-transformer-small-noisy-s0,train,othello,transformer,small,noisy,championship + random moves,0,,no,2,planned,
othello-transformer-small-noisy-s1,train,othello,transformer,small,noisy,championship + random moves,1,,no,2,planned,
othello-transformer-small-noisy-s2,train,othello,transformer,small,noisy,championship + random moves,2,,no,3,planned,
othello-transformer-small-random-s0,train,othello,transformer,small,random,random legal games,0,,no,2,planned,
othello-transformer-small-random-s1,train,othello,transformer,small,random,random legal games,1,,no,2,planned,
othello-transformer-small-random-s2,train,othello,transformer,small,random,random legal games,2,,no,3,planned,
othello-transformer-medium-expert-s0,train,othello,transformer,medium,expert,championship games,0,,no,1,planned,
othello-transformer-medium-expert-s1,train,othello,transformer,medium,expert,championship games,1,,no,2,planned,
othello-transformer-medium-expert-s2,train,othello,transformer,medium,expert,championship games,2,,no,3,planned,
othello-transformer-medium-noisy-s0,train,othello,transformer,medium,noisy,championship + random moves,0,,no,1,planned,
othello-transformer-medium-noisy-s1,train,othello,transformer,medium,noisy,championship + random moves,1,,no,2,planned,
othello-transformer-medium-noisy-s2,train,othello,transformer,medium,noisy,championship + random moves,2,,no,3,planned,
othello-transformer-medium-random-s0,train,othello,transformer,medium,random,random legal games,0,,no,1,planned,
othello-transformer-medium-random-s1,train,othello,transformer,medium,random,random legal games,1,,no,2,planned,
othello-transformer-medium-random-s2,train,othello,transformer,medium,random,random legal games,2,,no,3,planned,
othello-transformer-large-expert-s0,train,othello,transformer,large,expert,championship games,0,,no,3,planned,
othello-transformer-large-expert-s1,train,othello,transformer,large,expert,championship games,1,,no,3,planned,
othello-transformer-large-expert-s2,train,othello,transformer,large,expert,championship games,2,,no,3,planned,
othello-transformer-large-noisy-s0,train,othello,transformer,large,noisy,championship + random moves,0,,no,3,planned,
othello-transformer-large-noisy-s1,train,othello,transformer,large,noisy,championship + random moves,1,,no,3,planned,
othello-transformer-large-noisy-s2,train,othello,transformer,large,noisy,championship + random moves,2,,no,3,planned,
othello-transformer-large-random-s0,train,othello,transformer,large,random,random legal games,0,,no,3,planned,
othello-transformer-large-random-s1,train,othello,transformer,large,random,random legal games,1,,no,3,planned,
othello-transformer-large-random-s2,train,othello,transformer,large,random,random legal games,2,,no,3,planned,
othello-ssm-small-expert-s0,train,othello,ssm,small,expert,championship games,0,,no,2,planned,
othello-ssm-small-expert-s1,train,othello,ssm,small,expert,championship games,1,,no,2,planned,
othello-ssm-small-expert-s2,train,othello,ssm,small,expert,championship games,2,,no,3,planned,
othello-ssm-small-noisy-s0,train,othello,ssm,small,noisy,championship + random moves,0,,no,2,planned,
othello-ssm-small-noisy-s1,train,othello,ssm,small,noisy,championship + random moves,1,,no,2,planned,
othello-ssm-small-noisy-s2,train,othello,ssm,small,noisy,championship + random moves,2,,no,3,planned,
othello-ssm-small-random-s0,train,othello,ssm,small,random,random legal games,0,,no,2,planned,
othello-ssm-small-random-s1,train,othello,ssm,small,random,random legal games,1,,no,2,planned,
othello-ssm-small-random-s2,train,othello,ssm,small,random,random legal games,2,,no,3,planned,
othello-ssm-medium-expert-s0,train,othello,ssm,medium,expert,championship games,0,,no,1,planned,
othello-ssm-medium-expert-s1,train,othello,ssm,medium,expert,championship games,1,,no,2,planned,
othello-ssm-medium-expert-s2,train,othello,ssm,medium,expert,championship games,2,,no,3,planned,
othello-ssm-medium-noisy-s0,train,othello,ssm,medium,noisy,championship + random moves,0,,no,1,planned,
othello-ssm-medium-noisy-s1,train,othello,ssm,medium,noisy,championship + random moves,1,,no,2,planned,
othello-ssm-medium-noisy-s2,train,othello,ssm,medium,noisy,championship + random moves,2,,no,3,planned,
othello-ssm-medium-random-s0,train,othello,ssm,medium,random,random legal games,0,,no,1,planned,
othello-ssm-medium-random-s1,train,othello,ssm,medium,random,random legal games,1,,no,2,planned,
othello-ssm-medium-random-s2,train,othello,ssm,medium,random,random legal games,2,,no,3,planned,
othello-ssm-large-expert-s0,train,othello,ssm,large,expert,championship games,0,,no,3,planned,
othello-ssm-large-expert-s1,train,othello,ssm,large,expert,championship games,1,,no,3,planned,
othello-ssm-large-expert-s2,train,othello,ssm,large,expert,championship games,2,,no,3,planned,
othello-ssm-large-noisy-s0,train,othello,ssm,large,noisy,championship + random moves,0,,no,3,planned,
othello-ssm-large-noisy-s1,train,othello,ssm,large,noisy,championship + random moves,1,,no,3,planned,
othello-ssm-large-noisy-s2,train,othello,ssm,large,noisy,championship + random moves,2,,no,3,planned,
othello-ssm-large-random-s0,train,othello,ssm,large,random,random legal games,0,,no,3,planned,
othello-ssm-large-random-s1,train,othello,ssm,large,random,random legal games,1,,no,3,planned,
othello-ssm-large-random-s2,train,othello,ssm,large,random,random legal games,2,,no,3,planned,
othello-lstm-small-expert-s0,train,othello,lstm,small,expert,championship games,0,,yes,4,planned,
othello-lstm-small-expert-s1,train,othello,lstm,small,expert,championship games,1,,yes,4,planned,
othello-lstm-small-expert-s2,train,othello,lstm,small,expert,championship games,2,,yes,4,planned,
othello-lstm-small-noisy-s0,train,othello,lstm,small,noisy,championship + random moves,0,,yes,4,planned,
othello-lstm-small-noisy-s1,train,othello,lstm,small,noisy,championship + random moves,1,,yes,4,planned,
othello-lstm-small-noisy-s2,train,othello,lstm,small,noisy,championship + random moves,2,,yes,4,planned,
othello-lstm-small-random-s0,train,othello,lstm,small,random,random legal games,0,,yes,4,planned,
othello-lstm-small-random-s1,train,othello,lstm,small,random,random legal games,1,,yes,4,planned,
othello-lstm-small-random-s2,train,othello,lstm,small,random,random legal games,2,,yes,4,planned,
othello-lstm-medium-expert-s0,train,othello,lstm,medium,expert,championship games,0,,yes,4,planned,
othello-lstm-medium-expert-s1,train,othello,lstm,medium,expert,championship games,1,,yes,4,planned,
othello-lstm-medium-expert-s2,train,othello,lstm,medium,expert,championship games,2,,yes,4,planned,
othello-lstm-medium-noisy-s0,train,othello,lstm,medium,noisy,championship + random moves,0,,yes,4,planned,
othello-lstm-medium-noisy-s1,train,othello,lstm,medium,noisy,championship + random moves,1,,yes,4,planned,
othello-lstm-medium-noisy-s2,train,othello,lstm,medium,noisy,championship + random moves,2,,yes,4,planned,
othello-lstm-medium-random-s0,train,othello,lstm,medium,random,random legal games,0,,yes,4,planned,
othello-lstm-medium-random-s1,train,othello,lstm,medium,random,random legal games,1,,yes,4,planned,
othello-lstm-medium-random-s2,train,othello,lstm,medium,random,random legal games,2,,yes,4,planned,
othello-lstm-large-expert-s0,train,othello,lstm,large,expert,championship games,0,,yes,4,planned,
othello-lstm-large-expert-s1,train,othello,lstm,large,expert,championship games,1,,yes,4,planned,
othello-lstm-large-expert-s2,train,othello,lstm,large,expert,championship games,2,,yes,4,planned,
othello-lstm-large-noisy-s0,train,othello,lstm,large,noisy,championship + random moves,0,,yes,4,planned,
othello-lstm-large-noisy-s1,train,othello,lstm,large,noisy,championship + random moves,1,,yes,4,planned,
othello-lstm-large-noisy-s2,train,othello,lstm,large,noisy,championship + random moves,2,,yes,4,planned,
othello-lstm-large-random-s0,train,othello,lstm,large,random,random legal games,0,,yes,4,planned,
othello-lstm-large-random-s1,train,othello,lstm,large,random,random legal games,1,,yes,4,planned,
othello-lstm-large-random-s2,train,othello,lstm,large,random,random legal games,2,,yes,4,planned,
connect4-transformer-small-expert-s0,train,connect4,transformer,small,expert,minimax play,0,,no,2,planned,
connect4-transformer-small-expert-s1,train,connect4,transformer,small,expert,minimax play,1,,no,2,planned,
connect4-transformer-small-expert-s2,train,connect4,transformer,small,expert,minimax play,2,,no,3,planned,
connect4-transformer-small-noisy-s0,train,connect4,transformer,small,noisy,minimax + random moves,0,,no,2,planned,
connect4-transformer-small-noisy-s1,train,connect4,transformer,small,noisy,minimax + random moves,1,,no,2,planned,
connect4-transformer-small-noisy-s2,train,connect4,transformer,small,noisy,minimax + random moves,2,,no,3,planned,
connect4-transformer-small-random-s0,train,connect4,transformer,small,random,random legal games,0,,no,2,planned,
connect4-transformer-small-random-s1,train,connect4,transformer,small,random,random legal games,1,,no,2,planned,
connect4-transformer-small-random-s2,train,connect4,transformer,small,random,random legal games,2,,no,3,planned,
connect4-transformer-medium-expert-s0,train,connect4,transformer,medium,expert,minimax play,0,,no,1,planned,
connect4-transformer-medium-expert-s1,train,connect4,transformer,medium,expert,minimax play,1,,no,2,planned,
connect4-transformer-medium-expert-s2,train,connect4,transformer,medium,expert,minimax play,2,,no,3,planned,
connect4-transformer-medium-noisy-s0,train,connect4,transformer,medium,noisy,minimax + random moves,0,,no,1,planned,
connect4-transformer-medium-noisy-s1,train,connect4,transformer,medium,noisy,minimax + random moves,1,,no,2,planned,
connect4-transformer-medium-noisy-s2,train,connect4,transformer,medium,noisy,minimax + random moves,2,,no,3,planned,
connect4-transformer-medium-random-s0,train,connect4,transformer,medium,random,random legal games,0,,no,1,planned,
connect4-transformer-medium-random-s1,train,connect4,transformer,medium,random,random legal games,1,,no,2,planned,
connect4-transformer-medium-random-s2,train,connect4,transformer,medium,random,random legal games,2,,no,3,planned,
connect4-transformer-large-expert-s0,train,connect4,transformer,large,expert,minimax play,0,,no,3,planned,
connect4-transformer-large-expert-s1,train,connect4,transformer,large,expert,minimax play,1,,no,3,planned,
connect4-transformer-large-expert-s2,train,connect4,transformer,large,expert,minimax play,2,,no,3,planned,
connect4-transformer-large-noisy-s0,train,connect4,transformer,large,noisy,minimax + random moves,0,,no,3,planned,
connect4-transformer-large-noisy-s1,train,connect4,transformer,large,noisy,minimax + random moves,1,,no,3,planned,
connect4-transformer-large-noisy-s2,train,connect4,transformer,large,noisy,minimax + random moves,2,,no,3,planned,
connect4-transformer-large-random-s0,train,connect4,transformer,large,random,random legal games,0,,no,3,planned,
connect4-transformer-large-random-s1,train,connect4,transformer,large,random,random legal games,1,,no,3,planned,
connect4-transformer-large-random-s2,train,connect4,transformer,large,random,random legal games,2,,no,3,planned,
connect4-ssm-small-expert-s0,train,connect4,ssm,small,expert,minimax play,0,,no,2,planned,
connect4-ssm-small-expert-s1,train,connect4,ssm,small,expert,minimax play,1,,no,2,planned,
connect4-ssm-small-expert-s2,train,connect4,ssm,small,expert,minimax play,2,,no,3,planned,
connect4-ssm-small-noisy-s0,train,connect4,ssm,small,noisy,minimax + random moves,0,,no,2,planned,
connect4-ssm-small-noisy-s1,train,connect4,ssm,small,noisy,minimax + random moves,1,,no,2,planned,
connect4-ssm-small-noisy-s2,train,connect4,ssm,small,noisy,minimax + random moves,2,,no,3,planned,
connect4-ssm-small-random-s0,train,connect4,ssm,small,random,random legal games,0,,no,2,planned,
connect4-ssm-small-random-s1,train,connect4,ssm,small,random,random legal games,1,,no,2,planned,
connect4-ssm-small-random-s2,train,connect4,ssm,small,random,random legal games,2,,no,3,planned,
connect4-ssm-medium-expert-s0,train,connect4,ssm,medium,expert,minimax play,0,,no,1,planned,
connect4-ssm-medium-expert-s1,train,connect4,ssm,medium,expert,minimax play,1,,no,2,planned,
connect4-ssm-medium-expert-s2,train,connect4,ssm,medium,expert,minimax play,2,,no,3,planned,
connect4-ssm-medium-noisy-s0,train,connect4,ssm,medium,noisy,minimax + random moves,0,,no,1,planned,
connect4-ssm-medium-noisy-s1,train,connect4,ssm,medium,noisy,minimax + random moves,1,,no,2,planned,
connect4-ssm-medium-noisy-s2,train,connect4,ssm,medium,noisy,minimax + random moves,2,,no,3,planned,
connect4-ssm-medium-random-s0,train,connect4,ssm,medium,random,random legal games,0,,no,1,planned,
connect4-ssm-medium-random-s1,train,connect4,ssm,medium,random,random legal games,1,,no,2,planned,
connect4-ssm-medium-random-s2,train,connect4,ssm,medium,random,random legal games,2,,no,3,planned,
connect4-ssm-large-expert-s0,train,connect4,ssm,large,expert,minimax play,0,,no,3,planned,
connect4-ssm-large-expert-s1,train,connect4,ssm,large,expert,minimax play,1,,no,3,planned,
connect4-ssm-large-expert-s2,train,connect4,ssm,large,expert,minimax play,2,,no,3,planned,
connect4-ssm-large-noisy-s0,train,connect4,ssm,large,noisy,minimax + random moves,0,,no,3,planned,
connect4-ssm-large-noisy-s1,train,connect4,ssm,large,noisy,minimax + random moves,1,,no,3,planned,
connect4-ssm-large-noisy-s2,train,connect4,ssm,large,noisy,minimax + random moves,2,,no,3,planned,
connect4-ssm-large-random-s0,train,connect4,ssm,large,random,random legal games,0,,no,3,planned,
connect4-ssm-large-random-s1,train,connect4,ssm,large,random,random legal games,1,,no,3,planned,
connect4-ssm-large-random-s2,train,connect4,ssm,large,random,random legal games,2,,no,3,planned,
connect4-lstm-small-expert-s0,train,connect4,lstm,small,expert,minimax play,0,,yes,4,planned,
connect4-lstm-small-expert-s1,train,connect4,lstm,small,expert,minimax play,1,,yes,4,planned,
connect4-lstm-small-expert-s2,train,connect4,lstm,small,expert,minimax play,2,,yes,4,planned,
connect4-lstm-small-noisy-s0,train,connect4,lstm,small,noisy,minimax + random moves,0,,yes,4,planned,
connect4-lstm-small-noisy-s1,train,connect4,lstm,small,noisy,minimax + random moves,1,,yes,4,planned,
connect4-lstm-small-noisy-s2,train,connect4,lstm,small,noisy,minimax + random moves,2,,yes,4,planned,
connect4-lstm-small-random-s0,train,connect4,lstm,small,random,random legal games,0,,yes,4,planned,
connect4-lstm-small-random-s1,train,connect4,lstm,small,random,random legal games,1,,yes,4,planned,
connect4-lstm-small-random-s2,train,connect4,lstm,small,random,random legal games,2,,yes,4,planned,
connect4-lstm-medium-expert-s0,train,connect4,lstm,medium,expert,minimax play,0,,yes,4,planned,
connect4-lstm-medium-expert-s1,train,connect4,lstm,medium,expert,minimax play,1,,yes,4,planned,
connect4-lstm-medium-expert-s2,train,connect4,lstm,medium,expert,minimax play,2,,yes,4,planned,
connect4-lstm-medium-noisy-s0,train,connect4,lstm,medium,noisy,minimax + random moves,0,,yes,4,planned,
connect4-lstm-medium-noisy-s1,train,connect4,lstm,medium,noisy,minimax + random moves,1,,yes,4,planned,
connect4-lstm-medium-noisy-s2,train,connect4,lstm,medium,noisy,minimax + random moves,2,,yes,4,planned,
connect4-lstm-medium-random-s0,train,connect4,lstm,medium,random,random legal games,0,,yes,4,planned,
connect4-lstm-medium-random-s1,train,connect4,lstm,medium,random,random legal games,1,,yes,4,planned,
connect4-lstm-medium-random-s2,train,connect4,lstm,medium,random,random legal games,2,,yes,4,planned,
connect4-lstm-large-expert-s0,train,connect4,lstm,large,expert,minimax play,0,,yes,4,planned,
connect4-lstm-large-expert-s1,train,connect4,lstm,large,expert,minimax play,1,,yes,4,planned,
connect4-lstm-large-expert-s2,train,connect4,lstm,large,expert,minimax play,2,,yes,4,planned,
connect4-lstm-large-noisy-s0,train,connect4,lstm,large,noisy,minimax + random moves,0,,yes,4,planned,
connect4-lstm-large-noisy-s1,train,connect4,lstm,large,noisy,minimax + random moves,1,,yes,4,planned,
connect4-lstm-large-noisy-s2,train,connect4,lstm,large,noisy,minimax + random moves,2,,yes,4,planned,
connect4-lstm-large-random-s0,train,connect4,lstm,large,random,random legal games,0,,yes,4,planned,
connect4-lstm-large-random-s1,train,connect4,lstm,large,random,random legal games,1,,yes,4,planned,
connect4-lstm-large-random-s2,train,connect4,lstm,large,random,random legal games,2,,yes,4,planned,
interpreter-transformer-small-expert-s0,train,interpreter,transformer,small,expert,structured programs,0,,no,2,planned,
interpreter-transformer-small-expert-s1,train,interpreter,transformer,small,expert,structured programs,1,,no,2,planned,
interpreter-transformer-small-expert-s2,train,interpreter,transformer,small,expert,structured programs,2,,no,3,planned,
interpreter-transformer-small-noisy-s0,train,interpreter,transformer,small,noisy,structured + random ops,0,,no,2,planned,
interpreter-transformer-small-noisy-s1,train,interpreter,transformer,small,noisy,structured + random ops,1,,no,2,planned,
interpreter-transformer-small-noisy-s2,train,interpreter,transformer,small,noisy,structured + random ops,2,,no,3,planned,
interpreter-transformer-small-random-s0,train,interpreter,transformer,small,random,random valid ops,0,,no,2,planned,
interpreter-transformer-small-random-s1,train,interpreter,transformer,small,random,random valid ops,1,,no,2,planned,
interpreter-transformer-small-random-s2,train,interpreter,transformer,small,random,random valid ops,2,,no,3,planned,
interpreter-transformer-medium-expert-s0,train,interpreter,transformer,medium,expert,structured programs,0,,no,1,planned,
interpreter-transformer-medium-expert-s1,train,interpreter,transformer,medium,expert,structured programs,1,,no,2,planned,
interpreter-transformer-medium-expert-s2,train,interpreter,transformer,medium,expert,structured programs,2,,no,3,planned,
interpreter-transformer-medium-noisy-s0,train,interpreter,transformer,medium,noisy,structured + random ops,0,,no,1,planned,
interpreter-transformer-medium-noisy-s1,train,interpreter,transformer,medium,noisy,structured + random ops,1,,no,2,planned,
interpreter-transformer-medium-noisy-s2,train,interpreter,transformer,medium,noisy,structured + random ops,2,,no,3,planned,
interpreter-transformer-medium-random-s0,train,interpreter,transformer,medium,random,random valid ops,0,,no,1,planned,
interpreter-transformer-medium-random-s1,train,interpreter,transformer,medium,random,random valid ops,1,,no,2,planned,
interpreter-transformer-medium-random-s2,train,interpreter,transformer,medium,random,random valid ops,2,,no,3,planned,
interpreter-transformer-large-expert-s0,train,interpreter,transformer,large,expert,structured programs,0,,no,3,planned,
interpreter-transformer-large-expert-s1,train,interpreter,transformer,large,expert,structured programs,1,,no,3,planned,
interpreter-transformer-large-expert-s2,train,interpreter,transformer,large,expert,structured programs,2,,no,3,planned,
interpreter-transformer-large-noisy-s0,train,interpreter,transformer,large,noisy,structured + random ops,0,,no,3,planned,
interpreter-transformer-large-noisy-s1,train,interpreter,transformer,large,noisy,structured + random ops,1,,no,3,planned,
interpreter-transformer-large-noisy-s2,train,interpreter,transformer,large,noisy,structured + random ops,2,,no,3,planned,
interpreter-transformer-large-random-s0,train,interpreter,transformer,large,random,random valid ops,0,,no,3,planned,
interpreter-transformer-large-random-s1,train,interpreter,transformer,large,random,random valid ops,1,,no,3,planned,
interpreter-transformer-large-random-s2,train,interpreter,transformer,large,random,random valid ops,2,,no,3,planned,
interpreter-ssm-small-expert-s0,train,interpreter,ssm,small,expert,structured programs,0,,no,2,planned,
interpreter-ssm-small-expert-s1,train,interpreter,ssm,small,expert,structured programs,1,,no,2,planned,
interpreter-ssm-small-expert-s2,train,interpreter,ssm,small,expert,structured programs,2,,no,3,planned,
interpreter-ssm-small-noisy-s0,train,interpreter,ssm,small,noisy,structured + random ops,0,,no,2,planned,
interpreter-ssm-small-noisy-s1,train,interpreter,ssm,small,noisy,structured + random ops,1,,no,2,planned,
interpreter-ssm-small-noisy-s2,train,interpreter,ssm,small,noisy,structured + random ops,2,,no,3,planned,
interpreter-ssm-small-random-s0,train,interpreter,ssm,small,random,random valid ops,0,,no,2,planned,
interpreter-ssm-small-random-s1,train,interpreter,ssm,small,random,random valid ops,1,,no,2,planned,
interpreter-ssm-small-random-s2,train,interpreter,ssm,small,random,random valid ops,2,,no,3,planned,
interpreter-ssm-medium-expert-s0,train,interpreter,ssm,medium,expert,structured programs,0,,no,1,planned,
interpreter-ssm-medium-expert-s1,train,interpreter,ssm,medium,expert,structured programs,1,,no,2,planned,
interpreter-ssm-medium-expert-s2,train,interpreter,ssm,medium,expert,structured programs,2,,no,3,planned,
interpreter-ssm-medium-noisy-s0,train,interpreter,ssm,medium,noisy,structured + random ops,0,,no,1,planned,
interpreter-ssm-medium-noisy-s1,train,interpreter,ssm,medium,noisy,structured + random ops,1,,no,2,planned,
interpreter-ssm-medium-noisy-s2,train,interpreter,ssm,medium,noisy,structured + random ops,2,,no,3,planned,
interpreter-ssm-medium-random-s0,train,interpreter,ssm,medium,random,random valid ops,0,,no,1,planned,
interpreter-ssm-medium-random-s1,train,interpreter,ssm,medium,random,random valid ops,1,,no,2,planned,
interpreter-ssm-medium-random-s2,train,interpreter,ssm,medium,random,random valid ops,2,,no,3,planned,
interpreter-ssm-large-expert-s0,train,interpreter,ssm,large,expert,structured programs,0,,no,3,planned,
interpreter-ssm-large-expert-s1,train,interpreter,ssm,large,expert,structured programs,1,,no,3,planned,
interpreter-ssm-large-expert-s2,train,interpreter,ssm,large,expert,structured programs,2,,no,3,planned,
interpreter-ssm-large-noisy-s0,train,interpreter,ssm,large,noisy,structured + random ops,0,,no,3,planned,
interpreter-ssm-large-noisy-s1,train,interpreter,ssm,large,noisy,structured + random ops,1,,no,3,planned,
interpreter-ssm-large-noisy-s2,train,interpreter,ssm,large,noisy,structured + random ops,2,,no,3,planned,
interpreter-ssm-large-random-s0,train,interpreter,ssm,large,random,random valid ops,0,,no,3,planned,
interpreter-ssm-large-random-s1,train,interpreter,ssm,large,random,random valid ops,1,,no,3,planned,
interpreter-ssm-large-random-s2,train,interpreter,ssm,large,random,random valid ops,2,,no,3,planned,
interpreter-lstm-small-expert-s0,train,interpreter,lstm,small,expert,structured programs,0,,yes,4,planned,
interpreter-lstm-small-expert-s1,train,interpreter,lstm,small,expert,structured programs,1,,yes,4,planned,
interpreter-lstm-small-expert-s2,train,interpreter,lstm,small,expert,structured programs,2,,yes,4,planned,
interpreter-lstm-small-noisy-s0,train,interpreter,lstm,small,noisy,structured + random ops,0,,yes,4,planned,
interpreter-lstm-small-noisy-s1,train,interpreter,lstm,small,noisy,structured + random ops,1,,yes,4,planned,
interpreter-lstm-small-noisy-s2,train,interpreter,lstm,small,noisy,structured + random ops,2,,yes,4,planned,
interpreter-lstm-small-random-s0,train,interpreter,lstm,small,random,random valid ops,0,,yes,4,planned,
interpreter-lstm-small-random-s1,train,interpreter,lstm,small,random,random valid ops,1,,yes,4,planned,
interpreter-lstm-small-random-s2,train,interpreter,lstm,small,random,random valid ops,2,,yes,4,planned,
interpreter-lstm-medium-expert-s0,train,interpreter,lstm,medium,expert,structured programs,0,,yes,4,planned,
interpreter-lstm-medium-expert-s1,train,interpreter,lstm,medium,expert,structured programs,1,,yes,4,planned,
interpreter-lstm-medium-expert-s2,train,interpreter,lstm,medium,expert,structured programs,2,,yes,4,planned,
interpreter-lstm-medium-noisy-s0,train,interpreter,lstm,medium,noisy,structured + random ops,0,,yes,4,planned,
interpreter-lstm-medium-noisy-s1,train,interpreter,lstm,medium,noisy,structured + random ops,1,,yes,4,planned,
interpreter-lstm-medium-noisy-s2,train,interpreter,lstm,medium,noisy,structured + random ops,2,,yes,4,planned,
interpreter-lstm-medium-random-s0,train,interpreter,lstm,medium,random,random valid ops,0,,yes,4,planned,
interpreter-lstm-medium-random-s1,train,interpreter,lstm,medium,random,random valid ops,1,,yes,4,planned,
interpreter-lstm-medium-random-s2,train,interpreter,lstm,medium,random,random valid ops,2,,yes,4,planned,
interpreter-lstm-large-expert-s0,train,interpreter,lstm,large,expert,structured programs,0,,yes,4,planned,
interpreter-lstm-large-expert-s1,train,interpreter,lstm,large,expert,structured programs,1,,yes,4,planned,
interpreter-lstm-large-expert-s2,train,interpreter,lstm,large,expert,structured programs,2,,yes,4,planned,
interpreter-lstm-large-noisy-s0,train,interpreter,lstm,large,noisy,structured + random ops,0,,yes,4,planned,
interpreter-lstm-large-noisy-s1,train,interpreter,lstm,large,noisy,structured + random ops,1,,yes,4,planned,
interpreter-lstm-large-noisy-s2,train,interpreter,lstm,large,noisy,structured + random ops,2,,yes,4,planned,
interpreter-lstm-large-random-s0,train,interpreter,lstm,large,random,random valid ops,0,,yes,4,planned,
interpreter-lstm-large-random-s1,train,interpreter,lstm,large,random,random valid ops,1,,yes,4,planned,
interpreter-lstm-large-random-s2,train,interpreter,lstm,large,random,random valid ops,2,,yes,4,planned,
chemistry-transformer-small-expert-s0,train,chemistry,transformer,small,expert,USPTO / ORD routes,0,,yes,4,planned,
chemistry-transformer-small-expert-s1,train,chemistry,transformer,small,expert,USPTO / ORD routes,1,,yes,4,planned,
chemistry-transformer-small-expert-s2,train,chemistry,transformer,small,expert,USPTO / ORD routes,2,,yes,4,planned,
chemistry-transformer-small-noisy-s0,train,chemistry,transformer,small,noisy,routes + random steps,0,,yes,4,planned,
chemistry-transformer-small-noisy-s1,train,chemistry,transformer,small,noisy,routes + random steps,1,,yes,4,planned,
chemistry-transformer-small-noisy-s2,train,chemistry,transformer,small,noisy,routes + random steps,2,,yes,4,planned,
chemistry-transformer-small-random-s0,train,chemistry,transformer,small,random,random valid steps,0,,yes,4,planned,
chemistry-transformer-small-random-s1,train,chemistry,transformer,small,random,random valid steps,1,,yes,4,planned,
chemistry-transformer-small-random-s2,train,chemistry,transformer,small,random,random valid steps,2,,yes,4,planned,
chemistry-transformer-medium-expert-s0,train,chemistry,transformer,medium,expert,USPTO / ORD routes,0,,yes,4,planned,
chemistry-transformer-medium-expert-s1,train,chemistry,transformer,medium,expert,USPTO / ORD routes,1,,yes,4,planned,
chemistry-transformer-medium-expert-s2,train,chemistry,transformer,medium,expert,USPTO / ORD routes,2,,yes,4,planned,
chemistry-transformer-medium-noisy-s0,train,chemistry,transformer,medium,noisy,routes + random steps,0,,yes,4,planned,
chemistry-transformer-medium-noisy-s1,train,chemistry,transformer,medium,noisy,routes + random steps,1,,yes,4,planned,
chemistry-transformer-medium-noisy-s2,train,chemistry,transformer,medium,noisy,routes + random steps,2,,yes,4,planned,
chemistry-transformer-medium-random-s0,train,chemistry,transformer,medium,random,random valid steps,0,,yes,4,planned,
chemistry-transformer-medium-random-s1,train,chemistry,transformer,medium,random,random valid steps,1,,yes,4,planned,
chemistry-transformer-medium-random-s2,train,chemistry,transformer,medium,random,random valid steps,2,,yes,4,planned,
chemistry-transformer-large-expert-s0,train,chemistry,transformer,large,expert,USPTO / ORD routes,0,,yes,4,planned,
chemistry-transformer-large-expert-s1,train,chemistry,transformer,large,expert,USPTO / ORD routes,1,,yes,4,planned,
chemistry-transformer-large-expert-s2,train,chemistry,transformer,large,expert,USPTO / ORD routes,2,,yes,4,planned,
chemistry-transformer-large-noisy-s0,train,chemistry,transformer,large,noisy,routes + random steps,0,,yes,4,planned,
chemistry-transformer-large-noisy-s1,train,chemistry,transformer,large,noisy,routes + random steps,1,,yes,4,planned,
chemistry-transformer-large-noisy-s2,train,chemistry,transformer,large,noisy,routes + random steps,2,,yes,4,planned,
chemistry-transformer-large-random-s0,train,chemistry,transformer,large,random,random valid steps,0,,yes,4,planned,
chemistry-transformer-large-random-s1,train,chemistry,transformer,large,random,random valid steps,1,,yes,4,planned,
chemistry-transformer-large-random-s2,train,chemistry,transformer,large,random,random valid steps,2,,yes,4,planned,
chemistry-ssm-small-expert-s0,train,chemistry,ssm,small,expert,USPTO / ORD routes,0,,yes,4,planned,
chemistry-ssm-small-expert-s1,train,chemistry,ssm,small,expert,USPTO / ORD routes,1,,yes,4,planned,
chemistry-ssm-small-expert-s2,train,chemistry,ssm,small,expert,USPTO / ORD routes,2,,yes,4,planned,
chemistry-ssm-small-noisy-s0,train,chemistry,ssm,small,noisy,routes + random steps,0,,yes,4,planned,
chemistry-ssm-small-noisy-s1,train,chemistry,ssm,small,noisy,routes + random steps,1,,yes,4,planned,
chemistry-ssm-small-noisy-s2,train,chemistry,ssm,small,noisy,routes + random steps,2,,yes,4,planned,
chemistry-ssm-small-random-s0,train,chemistry,ssm,small,random,random valid steps,0,,yes,4,planned,
chemistry-ssm-small-random-s1,train,chemistry,ssm,small,random,random valid steps,1,,yes,4,planned,
chemistry-ssm-small-random-s2,train,chemistry,ssm,small,random,random valid steps,2,,yes,4,planned,
chemistry-ssm-medium-expert-s0,train,chemistry,ssm,medium,expert,USPTO / ORD routes,0,,yes,4,planned,
chemistry-ssm-medium-expert-s1,train,chemistry,ssm,medium,expert,USPTO / ORD routes,1,,yes,4,planned,
chemistry-ssm-medium-expert-s2,train,chemistry,ssm,medium,expert,USPTO / ORD routes,2,,yes,4,planned,
chemistry-ssm-medium-noisy-s0,train,chemistry,ssm,medium,noisy,routes + random steps,0,,yes,4,planned,
chemistry-ssm-medium-noisy-s1,train,chemistry,ssm,medium,noisy,routes + random steps,1,,yes,4,planned,
chemistry-ssm-medium-noisy-s2,train,chemistry,ssm,medium,noisy,routes + random steps,2,,yes,4,planned,
chemistry-ssm-medium-random-s0,train,chemistry,ssm,medium,random,random valid steps,0,,yes,4,planned,
chemistry-ssm-medium-random-s1,train,chemistry,ssm,medium,random,random valid steps,1,,yes,4,planned,
chemistry-ssm-medium-random-s2,train,chemistry,ssm,medium,random,random valid steps,2,,yes,4,planned,
chemistry-ssm-large-expert-s0,train,chemistry,ssm,large,expert,USPTO / ORD routes,0,,yes,4,planned,
chemistry-ssm-large-expert-s1,train,chemistry,ssm,large,expert,USPTO / ORD routes,1,,yes,4,planned,
chemistry-ssm-large-expert-s2,train,chemistry,ssm,large,expert,USPTO / ORD routes,2,,yes,4,planned,
chemistry-ssm-large-noisy-s0,train,chemistry,ssm,large,noisy,routes + random steps,0,,yes,4,planned,
chemistry-ssm-large-noisy-s1,train,chemistry,ssm,large,noisy,routes + random steps,1,,yes,4,planned,
chemistry-ssm-large-noisy-s2,train,chemistry,ssm,large,noisy,routes + random steps,2,,yes,4,planned,
chemistry-ssm-large-random-s0,train,chemistry,ssm,large,random,random valid steps,0,,yes,4,planned,
chemistry-ssm-large-random-s1,train,chemistry,ssm,large,random,random valid steps,1,,yes,4,planned,
chemistry-ssm-large-random-s2,train,chemistry,ssm,large,random,random valid steps,2,,yes,4,planned,
chemistry-lstm-small-expert-s0,train,chemistry,lstm,small,expert,USPTO / ORD routes,0,,yes,4,planned,
chemistry-lstm-small-expert-s1,train,chemistry,lstm,small,expert,USPTO / ORD routes,1,,yes,4,planned,
chemistry-lstm-small-expert-s2,train,chemistry,lstm,small,expert,USPTO / ORD routes,2,,yes,4,planned,
chemistry-lstm-small-noisy-s0,train,chemistry,lstm,small,noisy,routes + random steps,0,,yes,4,planned,
chemistry-lstm-small-noisy-s1,train,chemistry,lstm,small,noisy,routes + random steps,1,,yes,4,planned,
chemistry-lstm-small-noisy-s2,train,chemistry,lstm,small,noisy,routes + random steps,2,,yes,4,planned,
chemistry-lstm-small-random-s0,train,chemistry,lstm,small,random,random valid steps,0,,yes,4,planned,
chemistry-lstm-small-random-s1,train,chemistry,lstm,small,random,random valid steps,1,,yes,4,planned,
chemistry-lstm-small-random-s2,train,chemistry,lstm,small,random,random valid steps,2,,yes,4,planned,
chemistry-lstm-medium-expert-s0,train,chemistry,lstm,medium,expert,USPTO / ORD routes,0,,yes,4,planned,
chemistry-lstm-medium-expert-s1,train,chemistry,lstm,medium,expert,USPTO / ORD routes,1,,yes,4,planned,
chemistry-lstm-medium-expert-s2,train,chemistry,lstm,medium,expert,USPTO / ORD routes,2,,yes,4,planned,
chemistry-lstm-medium-noisy-s0,train,chemistry,lstm,medium,noisy,routes + random steps,0,,yes,4,planned,
chemistry-lstm-medium-noisy-s1,train,chemistry,lstm,medium,noisy,routes + random steps,1,,yes,4,planned,
chemistry-lstm-medium-noisy-s2,train,chemistry,lstm,medium,noisy,routes + random steps,2,,yes,4,planned,
chemistry-lstm-medium-random-s0,train,chemistry,lstm,medium,random,random valid steps,0,,yes,4,planned,
chemistry-lstm-medium-random-s1,train,chemistry,lstm,medium,random,random valid steps,1,,yes,4,planned,
chemistry-lstm-medium-random-s2,train,chemistry,lstm,medium,random,random valid steps,2,,yes,4,planned,
chemistry-lstm-large-expert-s0,train,chemistry,lstm,large,expert,USPTO / ORD routes,0,,yes,4,planned,
chemistry-lstm-large-expert-s1,train,chemistry,lstm,large,expert,USPTO / ORD routes,1,,yes,4,planned,
chemistry-lstm-large-expert-s2,train,chemistry,lstm,large,expert,USPTO / ORD routes,2,,yes,4,planned,
chemistry-lstm-large-noisy-s0,train,chemistry,lstm,large,noisy,routes + random steps,0,,yes,4,planned,
chemistry-lstm-large-noisy-s1,train,chemistry,lstm,large,noisy,routes + random steps,1,,yes,4,planned,
chemistry-lstm-large-noisy-s2,train,chemistry,lstm,large,noisy,routes + random steps,2,,yes,4,planned,
chemistry-lstm-large-random-s0,train,chemistry,lstm,large,random,random valid steps,0,,yes,4,planned,
chemistry-lstm-large-random-s1,train,chemistry,lstm,large,random,random valid steps,1,,yes,4,planned,
chemistry-lstm-large-random-s2,train,chemistry,lstm,large,random,random valid steps,2,,yes,4,planned,
navigation-transformer-small-expert-s0::d1_next_token,eval,navigation,transformer,small,expert,shortest paths,0,d1_next_token,no,2,planned,
navigation-transformer-small-expert-s0::d2_myhill_nerode,eval,navigation,transformer,small,expert,shortest paths,0,d2_myhill_nerode,no,2,planned,
navigation-transformer-small-expert-s0::d3_inductive_bias,eval,navigation,transformer,small,expert,shortest paths,0,d3_inductive_bias,no,2,planned,
navigation-transformer-small-expert-s0::d4_probing,eval,navigation,transformer,small,expert,shortest paths,0,d4_probing,no,2,planned,
navigation-transformer-small-expert-s0::fragility,eval,navigation,transformer,small,expert,shortest paths,0,fragility,no,2,planned,
navigation-transformer-small-expert-s1::d1_next_token,eval,navigation,transformer,small,expert,shortest paths,1,d1_next_token,no,2,planned,
navigation-transformer-small-expert-s1::d2_myhill_nerode,eval,navigation,transformer,small,expert,shortest paths,1,d2_myhill_nerode,no,2,planned,
navigation-transformer-small-expert-s1::d3_inductive_bias,eval,navigation,transformer,small,expert,shortest paths,1,d3_inductive_bias,no,2,planned,
navigation-transformer-small-expert-s1::d4_probing,eval,navigation,transformer,small,expert,shortest paths,1,d4_probing,no,2,planned,
navigation-transformer-small-expert-s1::fragility,eval,navigation,transformer,small,expert,shortest paths,1,fragility,no,2,planned,
navigation-transformer-small-expert-s2::d1_next_token,eval,navigation,transformer,small,expert,shortest paths,2,d1_next_token,no,3,planned,
navigation-transformer-small-expert-s2::d2_myhill_nerode,eval,navigation,transformer,small,expert,shortest paths,2,d2_myhill_nerode,no,3,planned,
navigation-transformer-small-expert-s2::d3_inductive_bias,eval,navigation,transformer,small,expert,shortest paths,2,d3_inductive_bias,no,3,planned,
navigation-transformer-small-expert-s2::d4_probing,eval,navigation,transformer,small,expert,shortest paths,2,d4_probing,no,3,planned,
navigation-transformer-small-expert-s2::fragility,eval,navigation,transformer,small,expert,shortest paths,2,fragility,no,3,planned,
navigation-transformer-small-noisy-s0::d1_next_token,eval,navigation,transformer,small,noisy,noisy shortest paths,0,d1_next_token,no,2,planned,
navigation-transformer-small-noisy-s0::d2_myhill_nerode,eval,navigation,transformer,small,noisy,noisy shortest paths,0,d2_myhill_nerode,no,2,planned,
navigation-transformer-small-noisy-s0::d3_inductive_bias,eval,navigation,transformer,small,noisy,noisy shortest paths,0,d3_inductive_bias,no,2,planned,
navigation-transformer-small-noisy-s0::d4_probing,eval,navigation,transformer,small,noisy,noisy shortest paths,0,d4_probing,no,2,planned,
navigation-transformer-small-noisy-s0::fragility,eval,navigation,transformer,small,noisy,noisy shortest paths,0,fragility,no,2,planned,
navigation-transformer-small-noisy-s1::d1_next_token,eval,navigation,transformer,small,noisy,noisy shortest paths,1,d1_next_token,no,2,planned,
navigation-transformer-small-noisy-s1::d2_myhill_nerode,eval,navigation,transformer,small,noisy,noisy shortest paths,1,d2_myhill_nerode,no,2,planned,
navigation-transformer-small-noisy-s1::d3_inductive_bias,eval,navigation,transformer,small,noisy,noisy shortest paths,1,d3_inductive_bias,no,2,planned,
navigation-transformer-small-noisy-s1::d4_probing,eval,navigation,transformer,small,noisy,noisy shortest paths,1,d4_probing,no,2,planned,
navigation-transformer-small-noisy-s1::fragility,eval,navigation,transformer,small,noisy,noisy shortest paths,1,fragility,no,2,planned,
navigation-transformer-small-noisy-s2::d1_next_token,eval,navigation,transformer,small,noisy,noisy shortest paths,2,d1_next_token,no,3,planned,
navigation-transformer-small-noisy-s2::d2_myhill_nerode,eval,navigation,transformer,small,noisy,noisy shortest paths,2,d2_myhill_nerode,no,3,planned,
navigation-transformer-small-noisy-s2::d3_inductive_bias,eval,navigation,transformer,small,noisy,noisy shortest paths,2,d3_inductive_bias,no,3,planned,
navigation-transformer-small-noisy-s2::d4_probing,eval,navigation,transformer,small,noisy,noisy shortest paths,2,d4_probing,no,3,planned,
navigation-transformer-small-noisy-s2::fragility,eval,navigation,transformer,small,noisy,noisy shortest paths,2,fragility,no,3,planned,
navigation-transformer-small-random-s0::d1_next_token,eval,navigation,transformer,small,random,random walks,0,d1_next_token,no,2,planned,
navigation-transformer-small-random-s0::d2_myhill_nerode,eval,navigation,transformer,small,random,random walks,0,d2_myhill_nerode,no,2,planned,
navigation-transformer-small-random-s0::d3_inductive_bias,eval,navigation,transformer,small,random,random walks,0,d3_inductive_bias,no,2,planned,
navigation-transformer-small-random-s0::d4_probing,eval,navigation,transformer,small,random,random walks,0,d4_probing,no,2,planned,
navigation-transformer-small-random-s0::fragility,eval,navigation,transformer,small,random,random walks,0,fragility,no,2,planned,
navigation-transformer-small-random-s1::d1_next_token,eval,navigation,transformer,small,random,random walks,1,d1_next_token,no,2,planned,
navigation-transformer-small-random-s1::d2_myhill_nerode,eval,navigation,transformer,small,random,random walks,1,d2_myhill_nerode,no,2,planned,
navigation-transformer-small-random-s1::d3_inductive_bias,eval,navigation,transformer,small,random,random walks,1,d3_inductive_bias,no,2,planned,
navigation-transformer-small-random-s1::d4_probing,eval,navigation,transformer,small,random,random walks,1,d4_probing,no,2,planned,
navigation-transformer-small-random-s1::fragility,eval,navigation,transformer,small,random,random walks,1,fragility,no,2,planned,
navigation-transformer-small-random-s2::d1_next_token,eval,navigation,transformer,small,random,random walks,2,d1_next_token,no,3,planned,
navigation-transformer-small-random-s2::d2_myhill_nerode,eval,navigation,transformer,small,random,random walks,2,d2_myhill_nerode,no,3,planned,
navigation-transformer-small-random-s2::d3_inductive_bias,eval,navigation,transformer,small,random,random walks,2,d3_inductive_bias,no,3,planned,
navigation-transformer-small-random-s2::d4_probing,eval,navigation,transformer,small,random,random walks,2,d4_probing,no,3,planned,
navigation-transformer-small-random-s2::fragility,eval,navigation,transformer,small,random,random walks,2,fragility,no,3,planned,
navigation-transformer-medium-expert-s0::d1_next_token,eval,navigation,transformer,medium,expert,shortest paths,0,d1_next_token,no,1,planned,
navigation-transformer-medium-expert-s0::d2_myhill_nerode,eval,navigation,transformer,medium,expert,shortest paths,0,d2_myhill_nerode,no,1,planned,
navigation-transformer-medium-expert-s0::d3_inductive_bias,eval,navigation,transformer,medium,expert,shortest paths,0,d3_inductive_bias,no,1,planned,
navigation-transformer-medium-expert-s0::d4_probing,eval,navigation,transformer,medium,expert,shortest paths,0,d4_probing,no,1,planned,
navigation-transformer-medium-expert-s0::fragility,eval,navigation,transformer,medium,expert,shortest paths,0,fragility,no,1,planned,
navigation-transformer-medium-expert-s1::d1_next_token,eval,navigation,transformer,medium,expert,shortest paths,1,d1_next_token,no,2,planned,
navigation-transformer-medium-expert-s1::d2_myhill_nerode,eval,navigation,transformer,medium,expert,shortest paths,1,d2_myhill_nerode,no,2,planned,
navigation-transformer-medium-expert-s1::d3_inductive_bias,eval,navigation,transformer,medium,expert,shortest paths,1,d3_inductive_bias,no,2,planned,
navigation-transformer-medium-expert-s1::d4_probing,eval,navigation,transformer,medium,expert,shortest paths,1,d4_probing,no,2,planned,
navigation-transformer-medium-expert-s1::fragility,eval,navigation,transformer,medium,expert,shortest paths,1,fragility,no,2,planned,
navigation-transformer-medium-expert-s2::d1_next_token,eval,navigation,transformer,medium,expert,shortest paths,2,d1_next_token,no,3,planned,
navigation-transformer-medium-expert-s2::d2_myhill_nerode,eval,navigation,transformer,medium,expert,shortest paths,2,d2_myhill_nerode,no,3,planned,
navigation-transformer-medium-expert-s2::d3_inductive_bias,eval,navigation,transformer,medium,expert,shortest paths,2,d3_inductive_bias,no,3,planned,
navigation-transformer-medium-expert-s2::d4_probing,eval,navigation,transformer,medium,expert,shortest paths,2,d4_probing,no,3,planned,
navigation-transformer-medium-expert-s2::fragility,eval,navigation,transformer,medium,expert,shortest paths,2,fragility,no,3,planned,
navigation-transformer-medium-noisy-s0::d1_next_token,eval,navigation,transformer,medium,noisy,noisy shortest paths,0,d1_next_token,no,1,planned,
navigation-transformer-medium-noisy-s0::d2_myhill_nerode,eval,navigation,transformer,medium,noisy,noisy shortest paths,0,d2_myhill_nerode,no,1,planned,
navigation-transformer-medium-noisy-s0::d3_inductive_bias,eval,navigation,transformer,medium,noisy,noisy shortest paths,0,d3_inductive_bias,no,1,planned,
navigation-transformer-medium-noisy-s0::d4_probing,eval,navigation,transformer,medium,noisy,noisy shortest paths,0,d4_probing,no,1,planned,
navigation-transformer-medium-noisy-s0::fragility,eval,navigation,transformer,medium,noisy,noisy shortest paths,0,fragility,no,1,planned,
navigation-transformer-medium-noisy-s1::d1_next_token,eval,navigation,transformer,medium,noisy,noisy shortest paths,1,d1_next_token,no,2,planned,
navigation-transformer-medium-noisy-s1::d2_myhill_nerode,eval,navigation,transformer,medium,noisy,noisy shortest paths,1,d2_myhill_nerode,no,2,planned,
navigation-transformer-medium-noisy-s1::d3_inductive_bias,eval,navigation,transformer,medium,noisy,noisy shortest paths,1,d3_inductive_bias,no,2,planned,
navigation-transformer-medium-noisy-s1::d4_probing,eval,navigation,transformer,medium,noisy,noisy shortest paths,1,d4_probing,no,2,planned,
navigation-transformer-medium-noisy-s1::fragility,eval,navigation,transformer,medium,noisy,noisy shortest paths,1,fragility,no,2,planned,
navigation-transformer-medium-noisy-s2::d1_next_token,eval,navigation,transformer,medium,noisy,noisy shortest paths,2,d1_next_token,no,3,planned,
navigation-transformer-medium-noisy-s2::d2_myhill_nerode,eval,navigation,transformer,medium,noisy,noisy shortest paths,2,d2_myhill_nerode,no,3,planned,
navigation-transformer-medium-noisy-s2::d3_inductive_bias,eval,navigation,transformer,medium,noisy,noisy shortest paths,2,d3_inductive_bias,no,3,planned,
navigation-transformer-medium-noisy-s2::d4_probing,eval,navigation,transformer,medium,noisy,noisy shortest paths,2,d4_probing,no,3,planned,
navigation-transformer-medium-noisy-s2::fragility,eval,navigation,transformer,medium,noisy,noisy shortest paths,2,fragility,no,3,planned,
navigation-transformer-medium-random-s0::d1_next_token,eval,navigation,transformer,medium,random,random walks,0,d1_next_token,no,1,planned,
navigation-transformer-medium-random-s0::d2_myhill_nerode,eval,navigation,transformer,medium,random,random walks,0,d2_myhill_nerode,no,1,planned,
navigation-transformer-medium-random-s0::d3_inductive_bias,eval,navigation,transformer,medium,random,random walks,0,d3_inductive_bias,no,1,planned,
navigation-transformer-medium-random-s0::d4_probing,eval,navigation,transformer,medium,random,random walks,0,d4_probing,no,1,planned,
navigation-transformer-medium-random-s0::fragility,eval,navigation,transformer,medium,random,random walks,0,fragility,no,1,planned,
navigation-transformer-medium-random-s1::d1_next_token,eval,navigation,transformer,medium,random,random walks,1,d1_next_token,no,2,planned,
navigation-transformer-medium-random-s1::d2_myhill_nerode,eval,navigation,transformer,medium,random,random walks,1,d2_myhill_nerode,no,2,planned,
navigation-transformer-medium-random-s1::d3_inductive_bias,eval,navigation,transformer,medium,random,random walks,1,d3_inductive_bias,no,2,planned,
navigation-transformer-medium-random-s1::d4_probing,eval,navigation,transformer,medium,random,random walks,1,d4_probing,no,2,planned,
navigation-transformer-medium-random-s1::fragility,eval,navigation,transformer,medium,random,random walks,1,fragility,no,2,planned,
navigation-transformer-medium-random-s2::d1_next_token,eval,navigation,transformer,medium,random,random walks,2,d1_next_token,no,3,planned,
navigation-transformer-medium-random-s2::d2_myhill_nerode,eval,navigation,transformer,medium,random,random walks,2,d2_myhill_nerode,no,3,planned,
navigation-transformer-medium-random-s2::d3_inductive_bias,eval,navigation,transformer,medium,random,random walks,2,d3_inductive_bias,no,3,planned,
navigation-transformer-medium-random-s2::d4_probing,eval,navigation,transformer,medium,random,random walks,2,d4_probing,no,3,planned,
navigation-transformer-medium-random-s2::fragility,eval,navigation,transformer,medium,random,random walks,2,fragility,no,3,planned,
navigation-transformer-large-expert-s0::d1_next_token,eval,navigation,transformer,large,expert,shortest paths,0,d1_next_token,no,3,planned,
navigation-transformer-large-expert-s0::d2_myhill_nerode,eval,navigation,transformer,large,expert,shortest paths,0,d2_myhill_nerode,no,3,planned,
navigation-transformer-large-expert-s0::d3_inductive_bias,eval,navigation,transformer,large,expert,shortest paths,0,d3_inductive_bias,no,3,planned,
navigation-transformer-large-expert-s0::d4_probing,eval,navigation,transformer,large,expert,shortest paths,0,d4_probing,no,3,planned,
navigation-transformer-large-expert-s0::fragility,eval,navigation,transformer,large,expert,shortest paths,0,fragility,no,3,planned,
navigation-transformer-large-expert-s1::d1_next_token,eval,navigation,transformer,large,expert,shortest paths,1,d1_next_token,no,3,planned,
navigation-transformer-large-expert-s1::d2_myhill_nerode,eval,navigation,transformer,large,expert,shortest paths,1,d2_myhill_nerode,no,3,planned,
navigation-transformer-large-expert-s1::d3_inductive_bias,eval,navigation,transformer,large,expert,shortest paths,1,d3_inductive_bias,no,3,planned,
navigation-transformer-large-expert-s1::d4_probing,eval,navigation,transformer,large,expert,shortest paths,1,d4_probing,no,3,planned,
navigation-transformer-large-expert-s1::fragility,eval,navigation,transformer,large,expert,shortest paths,1,fragility,no,3,planned,
navigation-transformer-large-expert-s2::d1_next_token,eval,navigation,transformer,large,expert,shortest paths,2,d1_next_token,no,3,planned,
navigation-transformer-large-expert-s2::d2_myhill_nerode,eval,navigation,transformer,large,expert,shortest paths,2,d2_myhill_nerode,no,3,planned,
navigation-transformer-large-expert-s2::d3_inductive_bias,eval,navigation,transformer,large,expert,shortest paths,2,d3_inductive_bias,no,3,planned,
navigation-transformer-large-expert-s2::d4_probing,eval,navigation,transformer,large,expert,shortest paths,2,d4_probing,no,3,planned,
navigation-transformer-large-expert-s2::fragility,eval,navigation,transformer,large,expert,shortest paths,2,fragility,no,3,planned,
navigation-transformer-large-noisy-s0::d1_next_token,eval,navigation,transformer,large,noisy,noisy shortest paths,0,d1_next_token,no,3,planned,
navigation-transformer-large-noisy-s0::d2_myhill_nerode,eval,navigation,transformer,large,noisy,noisy shortest paths,0,d2_myhill_nerode,no,3,planned,
navigation-transformer-large-noisy-s0::d3_inductive_bias,eval,navigation,transformer,large,noisy,noisy shortest paths,0,d3_inductive_bias,no,3,planned,
navigation-transformer-large-noisy-s0::d4_probing,eval,navigation,transformer,large,noisy,noisy shortest paths,0,d4_probing,no,3,planned,
navigation-transformer-large-noisy-s0::fragility,eval,navigation,transformer,large,noisy,noisy shortest paths,0,fragility,no,3,planned,
navigation-transformer-large-noisy-s1::d1_next_token,eval,navigation,transformer,large,noisy,noisy shortest paths,1,d1_next_token,no,3,planned,
navigation-transformer-large-noisy-s1::d2_myhill_nerode,eval,navigation,transformer,large,noisy,noisy shortest paths,1,d2_myhill_nerode,no,3,planned,
navigation-transformer-large-noisy-s1::d3_inductive_bias,eval,navigation,transformer,large,noisy,noisy shortest paths,1,d3_inductive_bias,no,3,planned,
navigation-transformer-large-noisy-s1::d4_probing,eval,navigation,transformer,large,noisy,noisy shortest paths,1,d4_probing,no,3,planned,
navigation-transformer-large-noisy-s1::fragility,eval,navigation,transformer,large,noisy,noisy shortest paths,1,fragility,no,3,planned,
navigation-transformer-large-noisy-s2::d1_next_token,eval,navigation,transformer,large,noisy,noisy shortest paths,2,d1_next_token,no,3,planned,
navigation-transformer-large-noisy-s2::d2_myhill_nerode,eval,navigation,transformer,large,noisy,noisy shortest paths,2,d2_myhill_nerode,no,3,planned,
navigation-transformer-large-noisy-s2::d3_inductive_bias,eval,navigation,transformer,large,noisy,noisy shortest paths,2,d3_inductive_bias,no,3,planned,
navigation-transformer-large-noisy-s2::d4_probing,eval,navigation,transformer,large,noisy,noisy shortest paths,2,d4_probing,no,3,planned,
navigation-transformer-large-noisy-s2::fragility,eval,navigation,transformer,large,noisy,noisy shortest paths,2,fragility,no,3,planned,
navigation-transformer-large-random-s0::d1_next_token,eval,navigation,transformer,large,random,random walks,0,d1_next_token,no,3,planned,
navigation-transformer-large-random-s0::d2_myhill_nerode,eval,navigation,transformer,large,random,random walks,0,d2_myhill_nerode,no,3,planned,
navigation-transformer-large-random-s0::d3_inductive_bias,eval,navigation,transformer,large,random,random walks,0,d3_inductive_bias,no,3,planned,
navigation-transformer-large-random-s0::d4_probing,eval,navigation,transformer,large,random,random walks,0,d4_probing,no,3,planned,
navigation-transformer-large-random-s0::fragility,eval,navigation,transformer,large,random,random walks,0,fragility,no,3,planned,
navigation-transformer-large-random-s1::d1_next_token,eval,navigation,transformer,large,random,random walks,1,d1_next_token,no,3,planned,
navigation-transformer-large-random-s1::d2_myhill_nerode,eval,navigation,transformer,large,random,random walks,1,d2_myhill_nerode,no,3,planned,
navigation-transformer-large-random-s1::d3_inductive_bias,eval,navigation,transformer,large,random,random walks,1,d3_inductive_bias,no,3,planned,
navigation-transformer-large-random-s1::d4_probing,eval,navigation,transformer,large,random,random walks,1,d4_probing,no,3,planned,
navigation-transformer-large-random-s1::fragility,eval,navigation,transformer,large,random,random walks,1,fragility,no,3,planned,
navigation-transformer-large-random-s2::d1_next_token,eval,navigation,transformer,large,random,random walks,2,d1_next_token,no,3,planned,
navigation-transformer-large-random-s2::d2_myhill_nerode,eval,navigation,transformer,large,random,random walks,2,d2_myhill_nerode,no,3,planned,
navigation-transformer-large-random-s2::d3_inductive_bias,eval,navigation,transformer,large,random,random walks,2,d3_inductive_bias,no,3,planned,
navigation-transformer-large-random-s2::d4_probing,eval,navigation,transformer,large,random,random walks,2,d4_probing,no,3,planned,
navigation-transformer-large-random-s2::fragility,eval,navigation,transformer,large,random,random walks,2,fragility,no,3,planned,
navigation-ssm-small-expert-s0::d1_next_token,eval,navigation,ssm,small,expert,shortest paths,0,d1_next_token,no,2,planned,
navigation-ssm-small-expert-s0::d2_myhill_nerode,eval,navigation,ssm,small,expert,shortest paths,0,d2_myhill_nerode,no,2,planned,
navigation-ssm-small-expert-s0::d3_inductive_bias,eval,navigation,ssm,small,expert,shortest paths,0,d3_inductive_bias,no,2,planned,
navigation-ssm-small-expert-s0::d4_probing,eval,navigation,ssm,small,expert,shortest paths,0,d4_probing,no,2,planned,
navigation-ssm-small-expert-s0::fragility,eval,navigation,ssm,small,expert,shortest paths,0,fragility,no,2,planned,
navigation-ssm-small-expert-s1::d1_next_token,eval,navigation,ssm,small,expert,shortest paths,1,d1_next_token,no,2,planned,
navigation-ssm-small-expert-s1::d2_myhill_nerode,eval,navigation,ssm,small,expert,shortest paths,1,d2_myhill_nerode,no,2,planned,
navigation-ssm-small-expert-s1::d3_inductive_bias,eval,navigation,ssm,small,expert,shortest paths,1,d3_inductive_bias,no,2,planned,
navigation-ssm-small-expert-s1::d4_probing,eval,navigation,ssm,small,expert,shortest paths,1,d4_probing,no,2,planned,
navigation-ssm-small-expert-s1::fragility,eval,navigation,ssm,small,expert,shortest paths,1,fragility,no,2,planned,
navigation-ssm-small-expert-s2::d1_next_token,eval,navigation,ssm,small,expert,shortest paths,2,d1_next_token,no,3,planned,
navigation-ssm-small-expert-s2::d2_myhill_nerode,eval,navigation,ssm,small,expert,shortest paths,2,d2_myhill_nerode,no,3,planned,
navigation-ssm-small-expert-s2::d3_inductive_bias,eval,navigation,ssm,small,expert,shortest paths,2,d3_inductive_bias,no,3,planned,
navigation-ssm-small-expert-s2::d4_probing,eval,navigation,ssm,small,expert,shortest paths,2,d4_probing,no,3,planned,
navigation-ssm-small-expert-s2::fragility,eval,navigation,ssm,small,expert,shortest paths,2,fragility,no,3,planned,
navigation-ssm-small-noisy-s0::d1_next_token,eval,navigation,ssm,small,noisy,noisy shortest paths,0,d1_next_token,no,2,planned,
navigation-ssm-small-noisy-s0::d2_myhill_nerode,eval,navigation,ssm,small,noisy,noisy shortest paths,0,d2_myhill_nerode,no,2,planned,
navigation-ssm-small-noisy-s0::d3_inductive_bias,eval,navigation,ssm,small,noisy,noisy shortest paths,0,d3_inductive_bias,no,2,planned,
navigation-ssm-small-noisy-s0::d4_probing,eval,navigation,ssm,small,noisy,noisy shortest paths,0,d4_probing,no,2,planned,
navigation-ssm-small-noisy-s0::fragility,eval,navigation,ssm,small,noisy,noisy shortest paths,0,fragility,no,2,planned,
navigation-ssm-small-noisy-s1::d1_next_token,eval,navigation,ssm,small,noisy,noisy shortest paths,1,d1_next_token,no,2,planned,
navigation-ssm-small-noisy-s1::d2_myhill_nerode,eval,navigation,ssm,small,noisy,noisy shortest paths,1,d2_myhill_nerode,no,2,planned,
navigation-ssm-small-noisy-s1::d3_inductive_bias,eval,navigation,ssm,small,noisy,noisy shortest paths,1,d3_inductive_bias,no,2,planned,
navigation-ssm-small-noisy-s1::d4_probing,eval,navigation,ssm,small,noisy,noisy shortest paths,1,d4_probing,no,2,planned,
navigation-ssm-small-noisy-s1::fragility,eval,navigation,ssm,small,noisy,noisy shortest paths,1,fragility,no,2,planned,
navigation-ssm-small-noisy-s2::d1_next_token,eval,navigation,ssm,small,noisy,noisy shortest paths,2,d1_next_token,no,3,planned,
navigation-ssm-small-noisy-s2::d2_myhill_nerode,eval,navigation,ssm,small,noisy,noisy shortest paths,2,d2_myhill_nerode,no,3,planned,
navigation-ssm-small-noisy-s2::d3_inductive_bias,eval,navigation,ssm,small,noisy,noisy shortest paths,2,d3_inductive_bias,no,3,planned,
navigation-ssm-small-noisy-s2::d4_probing,eval,navigation,ssm,small,noisy,noisy shortest paths,2,d4_probing,no,3,planned,
navigation-ssm-small-noisy-s2::fragility,eval,navigation,ssm,small,noisy,noisy shortest paths,2,fragility,no,3,planned,
navigation-ssm-small-random-s0::d1_next_token,eval,navigation,ssm,small,random,random walks,0,d1_next_token,no,2,planned,
navigation-ssm-small-random-s0::d2_myhill_nerode,eval,navigation,ssm,small,random,random walks,0,d2_myhill_nerode,no,2,planned,
navigation-ssm-small-random-s0::d3_inductive_bias,eval,navigation,ssm,small,random,random walks,0,d3_inductive_bias,no,2,planned,
navigation-ssm-small-random-s0::d4_probing,eval,navigation,ssm,small,random,random walks,0,d4_probing,no,2,planned,
navigation-ssm-small-random-s0::fragility,eval,navigation,ssm,small,random,random walks,0,fragility,no,2,planned,
navigation-ssm-small-random-s1::d1_next_token,eval,navigation,ssm,small,random,random walks,1,d1_next_token,no,2,planned,
navigation-ssm-small-random-s1::d2_myhill_nerode,eval,navigation,ssm,small,random,random walks,1,d2_myhill_nerode,no,2,planned,
navigation-ssm-small-random-s1::d3_inductive_bias,eval,navigation,ssm,small,random,random walks,1,d3_inductive_bias,no,2,planned,
navigation-ssm-small-random-s1::d4_probing,eval,navigation,ssm,small,random,random walks,1,d4_probing,no,2,planned,
navigation-ssm-small-random-s1::fragility,eval,navigation,ssm,small,random,random walks,1,fragility,no,2,planned,
navigation-ssm-small-random-s2::d1_next_token,eval,navigation,ssm,small,random,random walks,2,d1_next_token,no,3,planned,
navigation-ssm-small-random-s2::d2_myhill_nerode,eval,navigation,ssm,small,random,random walks,2,d2_myhill_nerode,no,3,planned,
navigation-ssm-small-random-s2::d3_inductive_bias,eval,navigation,ssm,small,random,random walks,2,d3_inductive_bias,no,3,planned,
navigation-ssm-small-random-s2::d4_probing,eval,navigation,ssm,small,random,random walks,2,d4_probing,no,3,planned,
navigation-ssm-small-random-s2::fragility,eval,navigation,ssm,small,random,random walks,2,fragility,no,3,planned,
navigation-ssm-medium-expert-s0::d1_next_token,eval,navigation,ssm,medium,expert,shortest paths,0,d1_next_token,no,1,planned,
navigation-ssm-medium-expert-s0::d2_myhill_nerode,eval,navigation,ssm,medium,expert,shortest paths,0,d2_myhill_nerode,no,1,planned,
navigation-ssm-medium-expert-s0::d3_inductive_bias,eval,navigation,ssm,medium,expert,shortest paths,0,d3_inductive_bias,no,1,planned,
navigation-ssm-medium-expert-s0::d4_probing,eval,navigation,ssm,medium,expert,shortest paths,0,d4_probing,no,1,planned,
navigation-ssm-medium-expert-s0::fragility,eval,navigation,ssm,medium,expert,shortest paths,0,fragility,no,1,planned,
navigation-ssm-medium-expert-s1::d1_next_token,eval,navigation,ssm,medium,expert,shortest paths,1,d1_next_token,no,2,planned,
navigation-ssm-medium-expert-s1::d2_myhill_nerode,eval,navigation,ssm,medium,expert,shortest paths,1,d2_myhill_nerode,no,2,planned,
navigation-ssm-medium-expert-s1::d3_inductive_bias,eval,navigation,ssm,medium,expert,shortest paths,1,d3_inductive_bias,no,2,planned,
navigation-ssm-medium-expert-s1::d4_probing,eval,navigation,ssm,medium,expert,shortest paths,1,d4_probing,no,2,planned,
navigation-ssm-medium-expert-s1::fragility,eval,navigation,ssm,medium,expert,shortest paths,1,fragility,no,2,planned,
navigation-ssm-medium-expert-s2::d1_next_token,eval,navigation,ssm,medium,expert,shortest paths,2,d1_next_token,no,3,planned,
navigation-ssm-medium-expert-s2::d2_myhill_nerode,eval,navigation,ssm,medium,expert,shortest paths,2,d2_myhill_nerode,no,3,planned,
navigation-ssm-medium-expert-s2::d3_inductive_bias,eval,navigation,ssm,medium,expert,shortest paths,2,d3_inductive_bias,no,3,planned,
navigation-ssm-medium-expert-s2::d4_probing,eval,navigation,ssm,medium,expert,shortest paths,2,d4_probing,no,3,planned,
navigation-ssm-medium-expert-s2::fragility,eval,navigation,ssm,medium,expert,shortest paths,2,fragility,no,3,planned,
navigation-ssm-medium-noisy-s0::d1_next_token,eval,navigation,ssm,medium,noisy,noisy shortest paths,0,d1_next_token,no,1,planned,
navigation-ssm-medium-noisy-s0::d2_myhill_nerode,eval,navigation,ssm,medium,noisy,noisy shortest paths,0,d2_myhill_nerode,no,1,planned,
navigation-ssm-medium-noisy-s0::d3_inductive_bias,eval,navigation,ssm,medium,noisy,noisy shortest paths,0,d3_inductive_bias,no,1,planned,
navigation-ssm-medium-noisy-s0::d4_probing,eval,navigation,ssm,medium,noisy,noisy shortest paths,0,d4_probing,no,1,planned,
navigation-ssm-medium-noisy-s0::fragility,eval,navigation,ssm,medium,noisy,noisy shortest paths,0,fragility,no,1,planned,
navigation-ssm-medium-noisy-s1::d1_next_token,eval,navigation,ssm,medium,noisy,noisy shortest paths,1,d1_next_token,no,2,planned,
navigation-ssm-medium-noisy-s1::d2_myhill_nerode,eval,navigation,ssm,medium,noisy,noisy shortest paths,1,d2_myhill_nerode,no,2,planned,
navigation-ssm-medium-noisy-s1::d3_inductive_bias,eval,navigation,ssm,medium,noisy,noisy shortest paths,1,d3_inductive_bias,no,2,planned,
navigation-ssm-medium-noisy-s1::d4_probing,eval,navigation,ssm,medium,noisy,noisy shortest paths,1,d4_probing,no,2,planned,
navigation-ssm-medium-noisy-s1::fragility,eval,navigation,ssm,medium,noisy,noisy shortest paths,1,fragility,no,2,planned,
navigation-ssm-medium-noisy-s2::d1_next_token,eval,navigation,ssm,medium,noisy,noisy shortest paths,2,d1_next_token,no,3,planned,
navigation-ssm-medium-noisy-s2::d2_myhill_nerode,eval,navigation,ssm,medium,noisy,noisy shortest paths,2,d2_myhill_nerode,no,3,planned,
navigation-ssm-medium-noisy-s2::d3_inductive_bias,eval,navigation,ssm,medium,noisy,noisy shortest paths,2,d3_inductive_bias,no,3,planned,
navigation-ssm-medium-noisy-s2::d4_probing,eval,navigation,ssm,medium,noisy,noisy shortest paths,2,d4_probing,no,3,planned,
navigation-ssm-medium-noisy-s2::fragility,eval,navigation,ssm,medium,noisy,noisy shortest paths,2,fragility,no,3,planned,
navigation-ssm-medium-random-s0::d1_next_token,eval,navigation,ssm,medium,random,random walks,0,d1_next_token,no,1,planned,
navigation-ssm-medium-random-s0::d2_myhill_nerode,eval,navigation,ssm,medium,random,random walks,0,d2_myhill_nerode,no,1,planned,
navigation-ssm-medium-random-s0::d3_inductive_bias,eval,navigation,ssm,medium,random,random walks,0,d3_inductive_bias,no,1,planned,
navigation-ssm-medium-random-s0::d4_probing,eval,navigation,ssm,medium,random,random walks,0,d4_probing,no,1,planned,
navigation-ssm-medium-random-s0::fragility,eval,navigation,ssm,medium,random,random walks,0,fragility,no,1,planned,
navigation-ssm-medium-random-s1::d1_next_token,eval,navigation,ssm,medium,random,random walks,1,d1_next_token,no,2,planned,
navigation-ssm-medium-random-s1::d2_myhill_nerode,eval,navigation,ssm,medium,random,random walks,1,d2_myhill_nerode,no,2,planned,
navigation-ssm-medium-random-s1::d3_inductive_bias,eval,navigation,ssm,medium,random,random walks,1,d3_inductive_bias,no,2,planned,
navigation-ssm-medium-random-s1::d4_probing,eval,navigation,ssm,medium,random,random walks,1,d4_probing,no,2,planned,
navigation-ssm-medium-random-s1::fragility,eval,navigation,ssm,medium,random,random walks,1,fragility,no,2,planned,
navigation-ssm-medium-random-s2::d1_next_token,eval,navigation,ssm,medium,random,random walks,2,d1_next_token,no,3,planned,
navigation-ssm-medium-random-s2::d2_myhill_nerode,eval,navigation,ssm,medium,random,random walks,2,d2_myhill_nerode,no,3,planned,
navigation-ssm-medium-random-s2::d3_inductive_bias,eval,navigation,ssm,medium,random,random walks,2,d3_inductive_bias,no,3,planned,
navigation-ssm-medium-random-s2::d4_probing,eval,navigation,ssm,medium,random,random walks,2,d4_probing,no,3,planned,
navigation-ssm-medium-random-s2::fragility,eval,navigation,ssm,medium,random,random walks,2,fragility,no,3,planned,
navigation-ssm-large-expert-s0::d1_next_token,eval,navigation,ssm,large,expert,shortest paths,0,d1_next_token,no,3,planned,
navigation-ssm-large-expert-s0::d2_myhill_nerode,eval,navigation,ssm,large,expert,shortest paths,0,d2_myhill_nerode,no,3,planned,
navigation-ssm-large-expert-s0::d3_inductive_bias,eval,navigation,ssm,large,expert,shortest paths,0,d3_inductive_bias,no,3,planned,
navigation-ssm-large-expert-s0::d4_probing,eval,navigation,ssm,large,expert,shortest paths,0,d4_probing,no,3,planned,
navigation-ssm-large-expert-s0::fragility,eval,navigation,ssm,large,expert,shortest paths,0,fragility,no,3,planned,
navigation-ssm-large-expert-s1::d1_next_token,eval,navigation,ssm,large,expert,shortest paths,1,d1_next_token,no,3,planned,
navigation-ssm-large-expert-s1::d2_myhill_nerode,eval,navigation,ssm,large,expert,shortest paths,1,d2_myhill_nerode,no,3,planned,
navigation-ssm-large-expert-s1::d3_inductive_bias,eval,navigation,ssm,large,expert,shortest paths,1,d3_inductive_bias,no,3,planned,
navigation-ssm-large-expert-s1::d4_probing,eval,navigation,ssm,large,expert,shortest paths,1,d4_probing,no,3,planned,
navigation-ssm-large-expert-s1::fragility,eval,navigation,ssm,large,expert,shortest paths,1,fragility,no,3,planned,
navigation-ssm-large-expert-s2::d1_next_token,eval,navigation,ssm,large,expert,shortest paths,2,d1_next_token,no,3,planned,
navigation-ssm-large-expert-s2::d2_myhill_nerode,eval,navigation,ssm,large,expert,shortest paths,2,d2_myhill_nerode,no,3,planned,
navigation-ssm-large-expert-s2::d3_inductive_bias,eval,navigation,ssm,large,expert,shortest paths,2,d3_inductive_bias,no,3,planned,
navigation-ssm-large-expert-s2::d4_probing,eval,navigation,ssm,large,expert,shortest paths,2,d4_probing,no,3,planned,
navigation-ssm-large-expert-s2::fragility,eval,navigation,ssm,large,expert,shortest paths,2,fragility,no,3,planned,
navigation-ssm-large-noisy-s0::d1_next_token,eval,navigation,ssm,large,noisy,noisy shortest paths,0,d1_next_token,no,3,planned,
navigation-ssm-large-noisy-s0::d2_myhill_nerode,eval,navigation,ssm,large,noisy,noisy shortest paths,0,d2_myhill_nerode,no,3,planned,
navigation-ssm-large-noisy-s0::d3_inductive_bias,eval,navigation,ssm,large,noisy,noisy shortest paths,0,d3_inductive_bias,no,3,planned,
navigation-ssm-large-noisy-s0::d4_probing,eval,navigation,ssm,large,noisy,noisy shortest paths,0,d4_probing,no,3,planned,
navigation-ssm-large-noisy-s0::fragility,eval,navigation,ssm,large,noisy,noisy shortest paths,0,fragility,no,3,planned,
navigation-ssm-large-noisy-s1::d1_next_token,eval,navigation,ssm,large,noisy,noisy shortest paths,1,d1_next_token,no,3,planned,
navigation-ssm-large-noisy-s1::d2_myhill_nerode,eval,navigation,ssm,large,noisy,noisy shortest paths,1,d2_myhill_nerode,no,3,planned,
navigation-ssm-large-noisy-s1::d3_inductive_bias,eval,navigation,ssm,large,noisy,noisy shortest paths,1,d3_inductive_bias,no,3,planned,
navigation-ssm-large-noisy-s1::d4_probing,eval,navigation,ssm,large,noisy,noisy shortest paths,1,d4_probing,no,3,planned,
navigation-ssm-large-noisy-s1::fragility,eval,navigation,ssm,large,noisy,noisy shortest paths,1,fragility,no,3,planned,
navigation-ssm-large-noisy-s2::d1_next_token,eval,navigation,ssm,large,noisy,noisy shortest paths,2,d1_next_token,no,3,planned,
navigation-ssm-large-noisy-s2::d2_myhill_nerode,eval,navigation,ssm,large,noisy,noisy shortest paths,2,d2_myhill_nerode,no,3,planned,
navigation-ssm-large-noisy-s2::d3_inductive_bias,eval,navigation,ssm,large,noisy,noisy shortest paths,2,d3_inductive_bias,no,3,planned,
navigation-ssm-large-noisy-s2::d4_probing,eval,navigation,ssm,large,noisy,noisy shortest paths,2,d4_probing,no,3,planned,
navigation-ssm-large-noisy-s2::fragility,eval,navigation,ssm,large,noisy,noisy shortest paths,2,fragility,no,3,planned,
navigation-ssm-large-random-s0::d1_next_token,eval,navigation,ssm,large,random,random walks,0,d1_next_token,no,3,planned,
navigation-ssm-large-random-s0::d2_myhill_nerode,eval,navigation,ssm,large,random,random walks,0,d2_myhill_nerode,no,3,planned,
navigation-ssm-large-random-s0::d3_inductive_bias,eval,navigation,ssm,large,random,random walks,0,d3_inductive_bias,no,3,planned,
navigation-ssm-large-random-s0::d4_probing,eval,navigation,ssm,large,random,random walks,0,d4_probing,no,3,planned,
navigation-ssm-large-random-s0::fragility,eval,navigation,ssm,large,random,random walks,0,fragility,no,3,planned,
navigation-ssm-large-random-s1::d1_next_token,eval,navigation,ssm,large,random,random walks,1,d1_next_token,no,3,planned,
navigation-ssm-large-random-s1::d2_myhill_nerode,eval,navigation,ssm,large,random,random walks,1,d2_myhill_nerode,no,3,planned,
navigation-ssm-large-random-s1::d3_inductive_bias,eval,navigation,ssm,large,random,random walks,1,d3_inductive_bias,no,3,planned,
navigation-ssm-large-random-s1::d4_probing,eval,navigation,ssm,large,random,random walks,1,d4_probing,no,3,planned,
navigation-ssm-large-random-s1::fragility,eval,navigation,ssm,large,random,random walks,1,fragility,no,3,planned,
navigation-ssm-large-random-s2::d1_next_token,eval,navigation,ssm,large,random,random walks,2,d1_next_token,no,3,planned,
navigation-ssm-large-random-s2::d2_myhill_nerode,eval,navigation,ssm,large,random,random walks,2,d2_myhill_nerode,no,3,planned,
navigation-ssm-large-random-s2::d3_inductive_bias,eval,navigation,ssm,large,random,random walks,2,d3_inductive_bias,no,3,planned,
navigation-ssm-large-random-s2::d4_probing,eval,navigation,ssm,large,random,random walks,2,d4_probing,no,3,planned,
navigation-ssm-large-random-s2::fragility,eval,navigation,ssm,large,random,random walks,2,fragility,no,3,planned,
navigation-lstm-small-expert-s0::d1_next_token,eval,navigation,lstm,small,expert,shortest paths,0,d1_next_token,yes,4,planned,
navigation-lstm-small-expert-s0::d2_myhill_nerode,eval,navigation,lstm,small,expert,shortest paths,0,d2_myhill_nerode,yes,4,planned,
navigation-lstm-small-expert-s0::d3_inductive_bias,eval,navigation,lstm,small,expert,shortest paths,0,d3_inductive_bias,yes,4,planned,
navigation-lstm-small-expert-s0::d4_probing,eval,navigation,lstm,small,expert,shortest paths,0,d4_probing,yes,4,planned,
navigation-lstm-small-expert-s0::fragility,eval,navigation,lstm,small,expert,shortest paths,0,fragility,yes,4,planned,
navigation-lstm-small-expert-s1::d1_next_token,eval,navigation,lstm,small,expert,shortest paths,1,d1_next_token,yes,4,planned,
navigation-lstm-small-expert-s1::d2_myhill_nerode,eval,navigation,lstm,small,expert,shortest paths,1,d2_myhill_nerode,yes,4,planned,
navigation-lstm-small-expert-s1::d3_inductive_bias,eval,navigation,lstm,small,expert,shortest paths,1,d3_inductive_bias,yes,4,planned,
navigation-lstm-small-expert-s1::d4_probing,eval,navigation,lstm,small,expert,shortest paths,1,d4_probing,yes,4,planned,
navigation-lstm-small-expert-s1::fragility,eval,navigation,lstm,small,expert,shortest paths,1,fragility,yes,4,planned,
navigation-lstm-small-expert-s2::d1_next_token,eval,navigation,lstm,small,expert,shortest paths,2,d1_next_token,yes,4,planned,
navigation-lstm-small-expert-s2::d2_myhill_nerode,eval,navigation,lstm,small,expert,shortest paths,2,d2_myhill_nerode,yes,4,planned,
navigation-lstm-small-expert-s2::d3_inductive_bias,eval,navigation,lstm,small,expert,shortest paths,2,d3_inductive_bias,yes,4,planned,
navigation-lstm-small-expert-s2::d4_probing,eval,navigation,lstm,small,expert,shortest paths,2,d4_probing,yes,4,planned,
navigation-lstm-small-expert-s2::fragility,eval,navigation,lstm,small,expert,shortest paths,2,fragility,yes,4,planned,
navigation-lstm-small-noisy-s0::d1_next_token,eval,navigation,lstm,small,noisy,noisy shortest paths,0,d1_next_token,yes,4,planned,
navigation-lstm-small-noisy-s0::d2_myhill_nerode,eval,navigation,lstm,small,noisy,noisy shortest paths,0,d2_myhill_nerode,yes,4,planned,
navigation-lstm-small-noisy-s0::d3_inductive_bias,eval,navigation,lstm,small,noisy,noisy shortest paths,0,d3_inductive_bias,yes,4,planned,
navigation-lstm-small-noisy-s0::d4_probing,eval,navigation,lstm,small,noisy,noisy shortest paths,0,d4_probing,yes,4,planned,
navigation-lstm-small-noisy-s0::fragility,eval,navigation,lstm,small,noisy,noisy shortest paths,0,fragility,yes,4,planned,
navigation-lstm-small-noisy-s1::d1_next_token,eval,navigation,lstm,small,noisy,noisy shortest paths,1,d1_next_token,yes,4,planned,
navigation-lstm-small-noisy-s1::d2_myhill_nerode,eval,navigation,lstm,small,noisy,noisy shortest paths,1,d2_myhill_nerode,yes,4,planned,
navigation-lstm-small-noisy-s1::d3_inductive_bias,eval,navigation,lstm,small,noisy,noisy shortest paths,1,d3_inductive_bias,yes,4,planned,
navigation-lstm-small-noisy-s1::d4_probing,eval,navigation,lstm,small,noisy,noisy shortest paths,1,d4_probing,yes,4,planned,
navigation-lstm-small-noisy-s1::fragility,eval,navigation,lstm,small,noisy,noisy shortest paths,1,fragility,yes,4,planned,
navigation-lstm-small-noisy-s2::d1_next_token,eval,navigation,lstm,small,noisy,noisy shortest paths,2,d1_next_token,yes,4,planned,
navigation-lstm-small-noisy-s2::d2_myhill_nerode,eval,navigation,lstm,small,noisy,noisy shortest paths,2,d2_myhill_nerode,yes,4,planned,
navigation-lstm-small-noisy-s2::d3_inductive_bias,eval,navigation,lstm,small,noisy,noisy shortest paths,2,d3_inductive_bias,yes,4,planned,
navigation-lstm-small-noisy-s2::d4_probing,eval,navigation,lstm,small,noisy,noisy shortest paths,2,d4_probing,yes,4,planned,
navigation-lstm-small-noisy-s2::fragility,eval,navigation,lstm,small,noisy,noisy shortest paths,2,fragility,yes,4,planned,
navigation-lstm-small-random-s0::d1_next_token,eval,navigation,lstm,small,random,random walks,0,d1_next_token,yes,4,planned,
navigation-lstm-small-random-s0::d2_myhill_nerode,eval,navigation,lstm,small,random,random walks,0,d2_myhill_nerode,yes,4,planned,
navigation-lstm-small-random-s0::d3_inductive_bias,eval,navigation,lstm,small,random,random walks,0,d3_inductive_bias,yes,4,planned,
navigation-lstm-small-random-s0::d4_probing,eval,navigation,lstm,small,random,random walks,0,d4_probing,yes,4,planned,
navigation-lstm-small-random-s0::fragility,eval,navigation,lstm,small,random,random walks,0,fragility,yes,4,planned,
navigation-lstm-small-random-s1::d1_next_token,eval,navigation,lstm,small,random,random walks,1,d1_next_token,yes,4,planned,
navigation-lstm-small-random-s1::d2_myhill_nerode,eval,navigation,lstm,small,random,random walks,1,d2_myhill_nerode,yes,4,planned,
navigation-lstm-small-random-s1::d3_inductive_bias,eval,navigation,lstm,small,random,random walks,1,d3_inductive_bias,yes,4,planned,
navigation-lstm-small-random-s1::d4_probing,eval,navigation,lstm,small,random,random walks,1,d4_probing,yes,4,planned,
navigation-lstm-small-random-s1::fragility,eval,navigation,lstm,small,random,random walks,1,fragility,yes,4,planned,
navigation-lstm-small-random-s2::d1_next_token,eval,navigation,lstm,small,random,random walks,2,d1_next_token,yes,4,planned,
navigation-lstm-small-random-s2::d2_myhill_nerode,eval,navigation,lstm,small,random,random walks,2,d2_myhill_nerode,yes,4,planned,
navigation-lstm-small-random-s2::d3_inductive_bias,eval,navigation,lstm,small,random,random walks,2,d3_inductive_bias,yes,4,planned,
navigation-lstm-small-random-s2::d4_probing,eval,navigation,lstm,small,random,random walks,2,d4_probing,yes,4,planned,
navigation-lstm-small-random-s2::fragility,eval,navigation,lstm,small,random,random walks,2,fragility,yes,4,planned,
navigation-lstm-medium-expert-s0::d1_next_token,eval,navigation,lstm,medium,expert,shortest paths,0,d1_next_token,yes,4,planned,
navigation-lstm-medium-expert-s0::d2_myhill_nerode,eval,navigation,lstm,medium,expert,shortest paths,0,d2_myhill_nerode,yes,4,planned,
navigation-lstm-medium-expert-s0::d3_inductive_bias,eval,navigation,lstm,medium,expert,shortest paths,0,d3_inductive_bias,yes,4,planned,
navigation-lstm-medium-expert-s0::d4_probing,eval,navigation,lstm,medium,expert,shortest paths,0,d4_probing,yes,4,planned,
navigation-lstm-medium-expert-s0::fragility,eval,navigation,lstm,medium,expert,shortest paths,0,fragility,yes,4,planned,
navigation-lstm-medium-expert-s1::d1_next_token,eval,navigation,lstm,medium,expert,shortest paths,1,d1_next_token,yes,4,planned,
navigation-lstm-medium-expert-s1::d2_myhill_nerode,eval,navigation,lstm,medium,expert,shortest paths,1,d2_myhill_nerode,yes,4,planned,
navigation-lstm-medium-expert-s1::d3_inductive_bias,eval,navigation,lstm,medium,expert,shortest paths,1,d3_inductive_bias,yes,4,planned,
navigation-lstm-medium-expert-s1::d4_probing,eval,navigation,lstm,medium,expert,shortest paths,1,d4_probing,yes,4,planned,
navigation-lstm-medium-expert-s1::fragility,eval,navigation,lstm,medium,expert,shortest paths,1,fragility,yes,4,planned,
navigation-lstm-medium-expert-s2::d1_next_token,eval,navigation,lstm,medium,expert,shortest paths,2,d1_next_token,yes,4,planned,
navigation-lstm-medium-expert-s2::d2_myhill_nerode,eval,navigation,lstm,medium,expert,shortest paths,2,d2_myhill_nerode,yes,4,planned,
navigation-lstm-medium-expert-s2::d3_inductive_bias,eval,navigation,lstm,medium,expert,shortest paths,2,d3_inductive_bias,yes,4,planned,
navigation-lstm-medium-expert-s2::d4_probing,eval,navigation,lstm,medium,expert,shortest paths,2,d4_probing,yes,4,planned,
navigation-lstm-medium-expert-s2::fragility,eval,navigation,lstm,medium,expert,shortest paths,2,fragility,yes,4,planned,
navigation-lstm-medium-noisy-s0::d1_next_token,eval,navigation,lstm,medium,noisy,noisy shortest paths,0,d1_next_token,yes,4,planned,
navigation-lstm-medium-noisy-s0::d2_myhill_nerode,eval,navigation,lstm,medium,noisy,noisy shortest paths,0,d2_myhill_nerode,yes,4,planned,
navigation-lstm-medium-noisy-s0::d3_inductive_bias,eval,navigation,lstm,medium,noisy,noisy shortest paths,0,d3_inductive_bias,yes,4,planned,
navigation-lstm-medium-noisy-s0::d4_probing,eval,navigation,lstm,medium,noisy,noisy shortest paths,0,d4_probing,yes,4,planned,
navigation-lstm-medium-noisy-s0::fragility,eval,navigation,lstm,medium,noisy,noisy shortest paths,0,fragility,yes,4,planned,
navigation-lstm-medium-noisy-s1::d1_next_token,eval,navigation,lstm,medium,noisy,noisy shortest paths,1,d1_next_token,yes,4,planned,
navigation-lstm-medium-noisy-s1::d2_myhill_nerode,eval,navigation,lstm,medium,noisy,noisy shortest paths,1,d2_myhill_nerode,yes,4,planned,
navigation-lstm-medium-noisy-s1::d3_inductive_bias,eval,navigation,lstm,medium,noisy,noisy shortest paths,1,d3_inductive_bias,yes,4,planned,
navigation-lstm-medium-noisy-s1::d4_probing,eval,navigation,lstm,medium,noisy,noisy shortest paths,1,d4_probing,yes,4,planned,
navigation-lstm-medium-noisy-s1::fragility,eval,navigation,lstm,medium,noisy,noisy shortest paths,1,fragility,yes,4,planned,
navigation-lstm-medium-noisy-s2::d1_next_token,eval,navigation,lstm,medium,noisy,noisy shortest paths,2,d1_next_token,yes,4,planned,
navigation-lstm-medium-noisy-s2::d2_myhill_nerode,eval,navigation,lstm,medium,noisy,noisy shortest paths,2,d2_myhill_nerode,yes,4,planned,
navigation-lstm-medium-noisy-s2::d3_inductive_bias,eval,navigation,lstm,medium,noisy,noisy shortest paths,2,d3_inductive_bias,yes,4,planned,
navigation-lstm-medium-noisy-s2::d4_probing,eval,navigation,lstm,medium,noisy,noisy shortest paths,2,d4_probing,yes,4,planned,
navigation-lstm-medium-noisy-s2::fragility,eval,navigation,lstm,medium,noisy,noisy shortest paths,2,fragility,yes,4,planned,
navigation-lstm-medium-random-s0::d1_next_token,eval,navigation,lstm,medium,random,random walks,0,d1_next_token,yes,4,planned,
navigation-lstm-medium-random-s0::d2_myhill_nerode,eval,navigation,lstm,medium,random,random walks,0,d2_myhill_nerode,yes,4,planned,
navigation-lstm-medium-random-s0::d3_inductive_bias,eval,navigation,lstm,medium,random,random walks,0,d3_inductive_bias,yes,4,planned,
navigation-lstm-medium-random-s0::d4_probing,eval,navigation,lstm,medium,random,random walks,0,d4_probing,yes,4,planned,
navigation-lstm-medium-random-s0::fragility,eval,navigation,lstm,medium,random,random walks,0,fragility,yes,4,planned,
navigation-lstm-medium-random-s1::d1_next_token,eval,navigation,lstm,medium,random,random walks,1,d1_next_token,yes,4,planned,
navigation-lstm-medium-random-s1::d2_myhill_nerode,eval,navigation,lstm,medium,random,random walks,1,d2_myhill_nerode,yes,4,planned,
navigation-lstm-medium-random-s1::d3_inductive_bias,eval,navigation,lstm,medium,random,random walks,1,d3_inductive_bias,yes,4,planned,
navigation-lstm-medium-random-s1::d4_probing,eval,navigation,lstm,medium,random,random walks,1,d4_probing,yes,4,planned,
navigation-lstm-medium-random-s1::fragility,eval,navigation,lstm,medium,random,random walks,1,fragility,yes,4,planned,
navigation-lstm-medium-random-s2::d1_next_token,eval,navigation,lstm,medium,random,random walks,2,d1_next_token,yes,4,planned,
navigation-lstm-medium-random-s2::d2_myhill_nerode,eval,navigation,lstm,medium,random,random walks,2,d2_myhill_nerode,yes,4,planned,
navigation-lstm-medium-random-s2::d3_inductive_bias,eval,navigation,lstm,medium,random,random walks,2,d3_inductive_bias,yes,4,planned,
navigation-lstm-medium-random-s2::d4_probing,eval,navigation,lstm,medium,random,random walks,2,d4_probing,yes,4,planned,
navigation-lstm-medium-random-s2::fragility,eval,navigation,lstm,medium,random,random walks,2,fragility,yes,4,planned,
navigation-lstm-large-expert-s0::d1_next_token,eval,navigation,lstm,large,expert,shortest paths,0,d1_next_token,yes,4,planned,
navigation-lstm-large-expert-s0::d2_myhill_nerode,eval,navigation,lstm,large,expert,shortest paths,0,d2_myhill_nerode,yes,4,planned,
navigation-lstm-large-expert-s0::d3_inductive_bias,eval,navigation,lstm,large,expert,shortest paths,0,d3_inductive_bias,yes,4,planned,
navigation-lstm-large-expert-s0::d4_probing,eval,navigation,lstm,large,expert,shortest paths,0,d4_probing,yes,4,planned,
navigation-lstm-large-expert-s0::fragility,eval,navigation,lstm,large,expert,shortest paths,0,fragility,yes,4,planned,
navigation-lstm-large-expert-s1::d1_next_token,eval,navigation,lstm,large,expert,shortest paths,1,d1_next_token,yes,4,planned,
navigation-lstm-large-expert-s1::d2_myhill_nerode,eval,navigation,lstm,large,expert,shortest paths,1,d2_myhill_nerode,yes,4,planned,
navigation-lstm-large-expert-s1::d3_inductive_bias,eval,navigation,lstm,large,expert,shortest paths,1,d3_inductive_bias,yes,4,planned,
navigation-lstm-large-expert-s1::d4_probing,eval,navigation,lstm,large,expert,shortest paths,1,d4_probing,yes,4,planned,
navigation-lstm-large-expert-s1::fragility,eval,navigation,lstm,large,expert,shortest paths,1,fragility,yes,4,planned,
navigation-lstm-large-expert-s2::d1_next_token,eval,navigation,lstm,large,expert,shortest paths,2,d1_next_token,yes,4,planned,
navigation-lstm-large-expert-s2::d2_myhill_nerode,eval,navigation,lstm,large,expert,shortest paths,2,d2_myhill_nerode,yes,4,planned,
navigation-lstm-large-expert-s2::d3_inductive_bias,eval,navigation,lstm,large,expert,shortest paths,2,d3_inductive_bias,yes,4,planned,
navigation-lstm-large-expert-s2::d4_probing,eval,navigation,lstm,large,expert,shortest paths,2,d4_probing,yes,4,planned,
navigation-lstm-large-expert-s2::fragility,eval,navigation,lstm,large,expert,shortest paths,2,fragility,yes,4,planned,
navigation-lstm-large-noisy-s0::d1_next_token,eval,navigation,lstm,large,noisy,noisy shortest paths,0,d1_next_token,yes,4,planned,
navigation-lstm-large-noisy-s0::d2_myhill_nerode,eval,navigation,lstm,large,noisy,noisy shortest paths,0,d2_myhill_nerode,yes,4,planned,
navigation-lstm-large-noisy-s0::d3_inductive_bias,eval,navigation,lstm,large,noisy,noisy shortest paths,0,d3_inductive_bias,yes,4,planned,
navigation-lstm-large-noisy-s0::d4_probing,eval,navigation,lstm,large,noisy,noisy shortest paths,0,d4_probing,yes,4,planned,
navigation-lstm-large-noisy-s0::fragility,eval,navigation,lstm,large,noisy,noisy shortest paths,0,fragility,yes,4,planned,
navigation-lstm-large-noisy-s1::d1_next_token,eval,navigation,lstm,large,noisy,noisy shortest paths,1,d1_next_token,yes,4,planned,
navigation-lstm-large-noisy-s1::d2_myhill_nerode,eval,navigation,lstm,large,noisy,noisy shortest paths,1,d2_myhill_nerode,yes,4,planned,
navigation-lstm-large-noisy-s1::d3_inductive_bias,eval,navigation,lstm,large,noisy,noisy shortest paths,1,d3_inductive_bias,yes,4,planned,
navigation-lstm-large-noisy-s1::d4_probing,eval,navigation,lstm,large,noisy,noisy shortest paths,1,d4_probing,yes,4,planned,
navigation-lstm-large-noisy-s1::fragility,eval,navigation,lstm,large,noisy,noisy shortest paths,1,fragility,yes,4,planned,
navigation-lstm-large-noisy-s2::d1_next_token,eval,navigation,lstm,large,noisy,noisy shortest paths,2,d1_next_token,yes,4,planned,
navigation-lstm-large-noisy-s2::d2_myhill_nerode,eval,navigation,lstm,large,noisy,noisy shortest paths,2,d2_myhill_nerode,yes,4,planned,
navigation-lstm-large-noisy-s2::d3_inductive_bias,eval,navigation,lstm,large,noisy,noisy shortest paths,2,d3_inductive_bias,yes,4,planned,
navigation-lstm-large-noisy-s2::d4_probing,eval,navigation,lstm,large,noisy,noisy shortest paths,2,d4_probing,yes,4,planned,
navigation-lstm-large-noisy-s2::fragility,eval,navigation,lstm,large,noisy,noisy shortest paths,2,fragility,yes,4,planned,
navigation-lstm-large-random-s0::d1_next_token,eval,navigation,lstm,large,random,random walks,0,d1_next_token,yes,4,planned,
navigation-lstm-large-random-s0::d2_myhill_nerode,eval,navigation,lstm,large,random,random walks,0,d2_myhill_nerode,yes,4,planned,
navigation-lstm-large-random-s0::d3_inductive_bias,eval,navigation,lstm,large,random,random walks,0,d3_inductive_bias,yes,4,planned,
navigation-lstm-large-random-s0::d4_probing,eval,navigation,lstm,large,random,random walks,0,d4_probing,yes,4,planned,
navigation-lstm-large-random-s0::fragility,eval,navigation,lstm,large,random,random walks,0,fragility,yes,4,planned,
navigation-lstm-large-random-s1::d1_next_token,eval,navigation,lstm,large,random,random walks,1,d1_next_token,yes,4,planned,
navigation-lstm-large-random-s1::d2_myhill_nerode,eval,navigation,lstm,large,random,random walks,1,d2_myhill_nerode,yes,4,planned,
navigation-lstm-large-random-s1::d3_inductive_bias,eval,navigation,lstm,large,random,random walks,1,d3_inductive_bias,yes,4,planned,
navigation-lstm-large-random-s1::d4_probing,eval,navigation,lstm,large,random,random walks,1,d4_probing,yes,4,planned,
navigation-lstm-large-random-s1::fragility,eval,navigation,lstm,large,random,random walks,1,fragility,yes,4,planned,
navigation-lstm-large-random-s2::d1_next_token,eval,navigation,lstm,large,random,random walks,2,d1_next_token,yes,4,planned,
navigation-lstm-large-random-s2::d2_myhill_nerode,eval,navigation,lstm,large,random,random walks,2,d2_myhill_nerode,yes,4,planned,
navigation-lstm-large-random-s2::d3_inductive_bias,eval,navigation,lstm,large,random,random walks,2,d3_inductive_bias,yes,4,planned,
navigation-lstm-large-random-s2::d4_probing,eval,navigation,lstm,large,random,random walks,2,d4_probing,yes,4,planned,
navigation-lstm-large-random-s2::fragility,eval,navigation,lstm,large,random,random walks,2,fragility,yes,4,planned,
lattice-transformer-small-expert-s0::d1_next_token,eval,lattice,transformer,small,expert,shortest paths,0,d1_next_token,no,2,planned,
lattice-transformer-small-expert-s0::d2_myhill_nerode,eval,lattice,transformer,small,expert,shortest paths,0,d2_myhill_nerode,no,2,planned,
lattice-transformer-small-expert-s0::d3_inductive_bias,eval,lattice,transformer,small,expert,shortest paths,0,d3_inductive_bias,no,2,planned,
lattice-transformer-small-expert-s0::d4_probing,eval,lattice,transformer,small,expert,shortest paths,0,d4_probing,no,2,planned,
lattice-transformer-small-expert-s0::fragility,eval,lattice,transformer,small,expert,shortest paths,0,fragility,no,2,planned,
lattice-transformer-small-expert-s1::d1_next_token,eval,lattice,transformer,small,expert,shortest paths,1,d1_next_token,no,2,planned,
lattice-transformer-small-expert-s1::d2_myhill_nerode,eval,lattice,transformer,small,expert,shortest paths,1,d2_myhill_nerode,no,2,planned,
lattice-transformer-small-expert-s1::d3_inductive_bias,eval,lattice,transformer,small,expert,shortest paths,1,d3_inductive_bias,no,2,planned,
lattice-transformer-small-expert-s1::d4_probing,eval,lattice,transformer,small,expert,shortest paths,1,d4_probing,no,2,planned,
lattice-transformer-small-expert-s1::fragility,eval,lattice,transformer,small,expert,shortest paths,1,fragility,no,2,planned,
lattice-transformer-small-expert-s2::d1_next_token,eval,lattice,transformer,small,expert,shortest paths,2,d1_next_token,no,3,planned,
lattice-transformer-small-expert-s2::d2_myhill_nerode,eval,lattice,transformer,small,expert,shortest paths,2,d2_myhill_nerode,no,3,planned,
lattice-transformer-small-expert-s2::d3_inductive_bias,eval,lattice,transformer,small,expert,shortest paths,2,d3_inductive_bias,no,3,planned,
lattice-transformer-small-expert-s2::d4_probing,eval,lattice,transformer,small,expert,shortest paths,2,d4_probing,no,3,planned,
lattice-transformer-small-expert-s2::fragility,eval,lattice,transformer,small,expert,shortest paths,2,fragility,no,3,planned,
lattice-transformer-small-noisy-s0::d1_next_token,eval,lattice,transformer,small,noisy,noisy shortest paths,0,d1_next_token,no,2,planned,
lattice-transformer-small-noisy-s0::d2_myhill_nerode,eval,lattice,transformer,small,noisy,noisy shortest paths,0,d2_myhill_nerode,no,2,planned,
lattice-transformer-small-noisy-s0::d3_inductive_bias,eval,lattice,transformer,small,noisy,noisy shortest paths,0,d3_inductive_bias,no,2,planned,
lattice-transformer-small-noisy-s0::d4_probing,eval,lattice,transformer,small,noisy,noisy shortest paths,0,d4_probing,no,2,planned,
lattice-transformer-small-noisy-s0::fragility,eval,lattice,transformer,small,noisy,noisy shortest paths,0,fragility,no,2,planned,
lattice-transformer-small-noisy-s1::d1_next_token,eval,lattice,transformer,small,noisy,noisy shortest paths,1,d1_next_token,no,2,planned,
lattice-transformer-small-noisy-s1::d2_myhill_nerode,eval,lattice,transformer,small,noisy,noisy shortest paths,1,d2_myhill_nerode,no,2,planned,
lattice-transformer-small-noisy-s1::d3_inductive_bias,eval,lattice,transformer,small,noisy,noisy shortest paths,1,d3_inductive_bias,no,2,planned,
lattice-transformer-small-noisy-s1::d4_probing,eval,lattice,transformer,small,noisy,noisy shortest paths,1,d4_probing,no,2,planned,
lattice-transformer-small-noisy-s1::fragility,eval,lattice,transformer,small,noisy,noisy shortest paths,1,fragility,no,2,planned,
lattice-transformer-small-noisy-s2::d1_next_token,eval,lattice,transformer,small,noisy,noisy shortest paths,2,d1_next_token,no,3,planned,
lattice-transformer-small-noisy-s2::d2_myhill_nerode,eval,lattice,transformer,small,noisy,noisy shortest paths,2,d2_myhill_nerode,no,3,planned,
lattice-transformer-small-noisy-s2::d3_inductive_bias,eval,lattice,transformer,small,noisy,noisy shortest paths,2,d3_inductive_bias,no,3,planned,
lattice-transformer-small-noisy-s2::d4_probing,eval,lattice,transformer,small,noisy,noisy shortest paths,2,d4_probing,no,3,planned,
lattice-transformer-small-noisy-s2::fragility,eval,lattice,transformer,small,noisy,noisy shortest paths,2,fragility,no,3,planned,
lattice-transformer-small-random-s0::d1_next_token,eval,lattice,transformer,small,random,random walks,0,d1_next_token,no,2,planned,
lattice-transformer-small-random-s0::d2_myhill_nerode,eval,lattice,transformer,small,random,random walks,0,d2_myhill_nerode,no,2,planned,
lattice-transformer-small-random-s0::d3_inductive_bias,eval,lattice,transformer,small,random,random walks,0,d3_inductive_bias,no,2,planned,
lattice-transformer-small-random-s0::d4_probing,eval,lattice,transformer,small,random,random walks,0,d4_probing,no,2,planned,
lattice-transformer-small-random-s0::fragility,eval,lattice,transformer,small,random,random walks,0,fragility,no,2,planned,
lattice-transformer-small-random-s1::d1_next_token,eval,lattice,transformer,small,random,random walks,1,d1_next_token,no,2,planned,
lattice-transformer-small-random-s1::d2_myhill_nerode,eval,lattice,transformer,small,random,random walks,1,d2_myhill_nerode,no,2,planned,
lattice-transformer-small-random-s1::d3_inductive_bias,eval,lattice,transformer,small,random,random walks,1,d3_inductive_bias,no,2,planned,
lattice-transformer-small-random-s1::d4_probing,eval,lattice,transformer,small,random,random walks,1,d4_probing,no,2,planned,
lattice-transformer-small-random-s1::fragility,eval,lattice,transformer,small,random,random walks,1,fragility,no,2,planned,
lattice-transformer-small-random-s2::d1_next_token,eval,lattice,transformer,small,random,random walks,2,d1_next_token,no,3,planned,
lattice-transformer-small-random-s2::d2_myhill_nerode,eval,lattice,transformer,small,random,random walks,2,d2_myhill_nerode,no,3,planned,
lattice-transformer-small-random-s2::d3_inductive_bias,eval,lattice,transformer,small,random,random walks,2,d3_inductive_bias,no,3,planned,
lattice-transformer-small-random-s2::d4_probing,eval,lattice,transformer,small,random,random walks,2,d4_probing,no,3,planned,
lattice-transformer-small-random-s2::fragility,eval,lattice,transformer,small,random,random walks,2,fragility,no,3,planned,
lattice-transformer-medium-expert-s0::d1_next_token,eval,lattice,transformer,medium,expert,shortest paths,0,d1_next_token,no,1,planned,
lattice-transformer-medium-expert-s0::d2_myhill_nerode,eval,lattice,transformer,medium,expert,shortest paths,0,d2_myhill_nerode,no,1,planned,
lattice-transformer-medium-expert-s0::d3_inductive_bias,eval,lattice,transformer,medium,expert,shortest paths,0,d3_inductive_bias,no,1,planned,
lattice-transformer-medium-expert-s0::d4_probing,eval,lattice,transformer,medium,expert,shortest paths,0,d4_probing,no,1,planned,
lattice-transformer-medium-expert-s0::fragility,eval,lattice,transformer,medium,expert,shortest paths,0,fragility,no,1,planned,
lattice-transformer-medium-expert-s1::d1_next_token,eval,lattice,transformer,medium,expert,shortest paths,1,d1_next_token,no,2,planned,
lattice-transformer-medium-expert-s1::d2_myhill_nerode,eval,lattice,transformer,medium,expert,shortest paths,1,d2_myhill_nerode,no,2,planned,
lattice-transformer-medium-expert-s1::d3_inductive_bias,eval,lattice,transformer,medium,expert,shortest paths,1,d3_inductive_bias,no,2,planned,
lattice-transformer-medium-expert-s1::d4_probing,eval,lattice,transformer,medium,expert,shortest paths,1,d4_probing,no,2,planned,
lattice-transformer-medium-expert-s1::fragility,eval,lattice,transformer,medium,expert,shortest paths,1,fragility,no,2,planned,
lattice-transformer-medium-expert-s2::d1_next_token,eval,lattice,transformer,medium,expert,shortest paths,2,d1_next_token,no,3,planned,
lattice-transformer-medium-expert-s2::d2_myhill_nerode,eval,lattice,transformer,medium,expert,shortest paths,2,d2_myhill_nerode,no,3,planned,
lattice-transformer-medium-expert-s2::d3_inductive_bias,eval,lattice,transformer,medium,expert,shortest paths,2,d3_inductive_bias,no,3,planned,
lattice-transformer-medium-expert-s2::d4_probing,eval,lattice,transformer,medium,expert,shortest paths,2,d4_probing,no,3,planned,
lattice-transformer-medium-expert-s2::fragility,eval,lattice,transformer,medium,expert,shortest paths,2,fragility,no,3,planned,
lattice-transformer-medium-noisy-s0::d1_next_token,eval,lattice,transformer,medium,noisy,noisy shortest paths,0,d1_next_token,no,1,planned,
lattice-transformer-medium-noisy-s0::d2_myhill_nerode,eval,lattice,transformer,medium,noisy,noisy shortest paths,0,d2_myhill_nerode,no,1,planned,
lattice-transformer-medium-noisy-s0::d3_inductive_bias,eval,lattice,transformer,medium,noisy,noisy shortest paths,0,d3_inductive_bias,no,1,planned,
lattice-transformer-medium-noisy-s0::d4_probing,eval,lattice,transformer,medium,noisy,noisy shortest paths,0,d4_probing,no,1,planned,
lattice-transformer-medium-noisy-s0::fragility,eval,lattice,transformer,medium,noisy,noisy shortest paths,0,fragility,no,1,planned,
lattice-transformer-medium-noisy-s1::d1_next_token,eval,lattice,transformer,medium,noisy,noisy shortest paths,1,d1_next_token,no,2,planned,
lattice-transformer-medium-noisy-s1::d2_myhill_nerode,eval,lattice,transformer,medium,noisy,noisy shortest paths,1,d2_myhill_nerode,no,2,planned,
lattice-transformer-medium-noisy-s1::d3_inductive_bias,eval,lattice,transformer,medium,noisy,noisy shortest paths,1,d3_inductive_bias,no,2,planned,
lattice-transformer-medium-noisy-s1::d4_probing,eval,lattice,transformer,medium,noisy,noisy shortest paths,1,d4_probing,no,2,planned,
lattice-transformer-medium-noisy-s1::fragility,eval,lattice,transformer,medium,noisy,noisy shortest paths,1,fragility,no,2,planned,
lattice-transformer-medium-noisy-s2::d1_next_token,eval,lattice,transformer,medium,noisy,noisy shortest paths,2,d1_next_token,no,3,planned,
lattice-transformer-medium-noisy-s2::d2_myhill_nerode,eval,lattice,transformer,medium,noisy,noisy shortest paths,2,d2_myhill_nerode,no,3,planned,
lattice-transformer-medium-noisy-s2::d3_inductive_bias,eval,lattice,transformer,medium,noisy,noisy shortest paths,2,d3_inductive_bias,no,3,planned,
lattice-transformer-medium-noisy-s2::d4_probing,eval,lattice,transformer,medium,noisy,noisy shortest paths,2,d4_probing,no,3,planned,
lattice-transformer-medium-noisy-s2::fragility,eval,lattice,transformer,medium,noisy,noisy shortest paths,2,fragility,no,3,planned,
lattice-transformer-medium-random-s0::d1_next_token,eval,lattice,transformer,medium,random,random walks,0,d1_next_token,no,1,planned,
lattice-transformer-medium-random-s0::d2_myhill_nerode,eval,lattice,transformer,medium,random,random walks,0,d2_myhill_nerode,no,1,planned,
lattice-transformer-medium-random-s0::d3_inductive_bias,eval,lattice,transformer,medium,random,random walks,0,d3_inductive_bias,no,1,planned,
lattice-transformer-medium-random-s0::d4_probing,eval,lattice,transformer,medium,random,random walks,0,d4_probing,no,1,planned,
lattice-transformer-medium-random-s0::fragility,eval,lattice,transformer,medium,random,random walks,0,fragility,no,1,planned,
lattice-transformer-medium-random-s1::d1_next_token,eval,lattice,transformer,medium,random,random walks,1,d1_next_token,no,2,planned,
lattice-transformer-medium-random-s1::d2_myhill_nerode,eval,lattice,transformer,medium,random,random walks,1,d2_myhill_nerode,no,2,planned,
lattice-transformer-medium-random-s1::d3_inductive_bias,eval,lattice,transformer,medium,random,random walks,1,d3_inductive_bias,no,2,planned,
lattice-transformer-medium-random-s1::d4_probing,eval,lattice,transformer,medium,random,random walks,1,d4_probing,no,2,planned,
lattice-transformer-medium-random-s1::fragility,eval,lattice,transformer,medium,random,random walks,1,fragility,no,2,planned,
lattice-transformer-medium-random-s2::d1_next_token,eval,lattice,transformer,medium,random,random walks,2,d1_next_token,no,3,planned,
lattice-transformer-medium-random-s2::d2_myhill_nerode,eval,lattice,transformer,medium,random,random walks,2,d2_myhill_nerode,no,3,planned,
lattice-transformer-medium-random-s2::d3_inductive_bias,eval,lattice,transformer,medium,random,random walks,2,d3_inductive_bias,no,3,planned,
lattice-transformer-medium-random-s2::d4_probing,eval,lattice,transformer,medium,random,random walks,2,d4_probing,no,3,planned,
lattice-transformer-medium-random-s2::fragility,eval,lattice,transformer,medium,random,random walks,2,fragility,no,3,planned,
lattice-transformer-large-expert-s0::d1_next_token,eval,lattice,transformer,large,expert,shortest paths,0,d1_next_token,no,3,planned,
lattice-transformer-large-expert-s0::d2_myhill_nerode,eval,lattice,transformer,large,expert,shortest paths,0,d2_myhill_nerode,no,3,planned,
lattice-transformer-large-expert-s0::d3_inductive_bias,eval,lattice,transformer,large,expert,shortest paths,0,d3_inductive_bias,no,3,planned,
lattice-transformer-large-expert-s0::d4_probing,eval,lattice,transformer,large,expert,shortest paths,0,d4_probing,no,3,planned,
lattice-transformer-large-expert-s0::fragility,eval,lattice,transformer,large,expert,shortest paths,0,fragility,no,3,planned,
lattice-transformer-large-expert-s1::d1_next_token,eval,lattice,transformer,large,expert,shortest paths,1,d1_next_token,no,3,planned,
lattice-transformer-large-expert-s1::d2_myhill_nerode,eval,lattice,transformer,large,expert,shortest paths,1,d2_myhill_nerode,no,3,planned,
lattice-transformer-large-expert-s1::d3_inductive_bias,eval,lattice,transformer,large,expert,shortest paths,1,d3_inductive_bias,no,3,planned,
lattice-transformer-large-expert-s1::d4_probing,eval,lattice,transformer,large,expert,shortest paths,1,d4_probing,no,3,planned,
lattice-transformer-large-expert-s1::fragility,eval,lattice,transformer,large,expert,shortest paths,1,fragility,no,3,planned,
lattice-transformer-large-expert-s2::d1_next_token,eval,lattice,transformer,large,expert,shortest paths,2,d1_next_token,no,3,planned,
lattice-transformer-large-expert-s2::d2_myhill_nerode,eval,lattice,transformer,large,expert,shortest paths,2,d2_myhill_nerode,no,3,planned,
lattice-transformer-large-expert-s2::d3_inductive_bias,eval,lattice,transformer,large,expert,shortest paths,2,d3_inductive_bias,no,3,planned,
lattice-transformer-large-expert-s2::d4_probing,eval,lattice,transformer,large,expert,shortest paths,2,d4_probing,no,3,planned,
lattice-transformer-large-expert-s2::fragility,eval,lattice,transformer,large,expert,shortest paths,2,fragility,no,3,planned,
lattice-transformer-large-noisy-s0::d1_next_token,eval,lattice,transformer,large,noisy,noisy shortest paths,0,d1_next_token,no,3,planned,
lattice-transformer-large-noisy-s0::d2_myhill_nerode,eval,lattice,transformer,large,noisy,noisy shortest paths,0,d2_myhill_nerode,no,3,planned,
lattice-transformer-large-noisy-s0::d3_inductive_bias,eval,lattice,transformer,large,noisy,noisy shortest paths,0,d3_inductive_bias,no,3,planned,
lattice-transformer-large-noisy-s0::d4_probing,eval,lattice,transformer,large,noisy,noisy shortest paths,0,d4_probing,no,3,planned,
lattice-transformer-large-noisy-s0::fragility,eval,lattice,transformer,large,noisy,noisy shortest paths,0,fragility,no,3,planned,
lattice-transformer-large-noisy-s1::d1_next_token,eval,lattice,transformer,large,noisy,noisy shortest paths,1,d1_next_token,no,3,planned,
lattice-transformer-large-noisy-s1::d2_myhill_nerode,eval,lattice,transformer,large,noisy,noisy shortest paths,1,d2_myhill_nerode,no,3,planned,
lattice-transformer-large-noisy-s1::d3_inductive_bias,eval,lattice,transformer,large,noisy,noisy shortest paths,1,d3_inductive_bias,no,3,planned,
lattice-transformer-large-noisy-s1::d4_probing,eval,lattice,transformer,large,noisy,noisy shortest paths,1,d4_probing,no,3,planned,
lattice-transformer-large-noisy-s1::fragility,eval,lattice,transformer,large,noisy,noisy shortest paths,1,fragility,no,3,planned,
lattice-transformer-large-noisy-s2::d1_next_token,eval,lattice,transformer,large,noisy,noisy shortest paths,2,d1_next_token,no,3,planned,
lattice-transformer-large-noisy-s2::d2_myhill_nerode,eval,lattice,transformer,large,noisy,noisy shortest paths,2,d2_myhill_nerode,no,3,planned,
lattice-transformer-large-noisy-s2::d3_inductive_bias,eval,lattice,transformer,large,noisy,noisy shortest paths,2,d3_inductive_bias,no,3,planned,
lattice-transformer-large-noisy-s2::d4_probing,eval,lattice,transformer,large,noisy,noisy shortest paths,2,d4_probing,no,3,planned,
lattice-transformer-large-noisy-s2::fragility,eval,lattice,transformer,large,noisy,noisy shortest paths,2,fragility,no,3,planned,
lattice-transformer-large-random-s0::d1_next_token,eval,lattice,transformer,large,random,random walks,0,d1_next_token,no,3,planned,
lattice-transformer-large-random-s0::d2_myhill_nerode,eval,lattice,transformer,large,random,random walks,0,d2_myhill_nerode,no,3,planned,
lattice-transformer-large-random-s0::d3_inductive_bias,eval,lattice,transformer,large,random,random walks,0,d3_inductive_bias,no,3,planned,
lattice-transformer-large-random-s0::d4_probing,eval,lattice,transformer,large,random,random walks,0,d4_probing,no,3,planned,
lattice-transformer-large-random-s0::fragility,eval,lattice,transformer,large,random,random walks,0,fragility,no,3,planned,
lattice-transformer-large-random-s1::d1_next_token,eval,lattice,transformer,large,random,random walks,1,d1_next_token,no,3,planned,
lattice-transformer-large-random-s1::d2_myhill_nerode,eval,lattice,transformer,large,random,random walks,1,d2_myhill_nerode,no,3,planned,
lattice-transformer-large-random-s1::d3_inductive_bias,eval,lattice,transformer,large,random,random walks,1,d3_inductive_bias,no,3,planned,
lattice-transformer-large-random-s1::d4_probing,eval,lattice,transformer,large,random,random walks,1,d4_probing,no,3,planned,
lattice-transformer-large-random-s1::fragility,eval,lattice,transformer,large,random,random walks,1,fragility,no,3,planned,
lattice-transformer-large-random-s2::d1_next_token,eval,lattice,transformer,large,random,random walks,2,d1_next_token,no,3,planned,
lattice-transformer-large-random-s2::d2_myhill_nerode,eval,lattice,transformer,large,random,random walks,2,d2_myhill_nerode,no,3,planned,
lattice-transformer-large-random-s2::d3_inductive_bias,eval,lattice,transformer,large,random,random walks,2,d3_inductive_bias,no,3,planned,
lattice-transformer-large-random-s2::d4_probing,eval,lattice,transformer,large,random,random walks,2,d4_probing,no,3,planned,
lattice-transformer-large-random-s2::fragility,eval,lattice,transformer,large,random,random walks,2,fragility,no,3,planned,
lattice-ssm-small-expert-s0::d1_next_token,eval,lattice,ssm,small,expert,shortest paths,0,d1_next_token,no,2,planned,
lattice-ssm-small-expert-s0::d2_myhill_nerode,eval,lattice,ssm,small,expert,shortest paths,0,d2_myhill_nerode,no,2,planned,
lattice-ssm-small-expert-s0::d3_inductive_bias,eval,lattice,ssm,small,expert,shortest paths,0,d3_inductive_bias,no,2,planned,
lattice-ssm-small-expert-s0::d4_probing,eval,lattice,ssm,small,expert,shortest paths,0,d4_probing,no,2,planned,
lattice-ssm-small-expert-s0::fragility,eval,lattice,ssm,small,expert,shortest paths,0,fragility,no,2,planned,
lattice-ssm-small-expert-s1::d1_next_token,eval,lattice,ssm,small,expert,shortest paths,1,d1_next_token,no,2,planned,
lattice-ssm-small-expert-s1::d2_myhill_nerode,eval,lattice,ssm,small,expert,shortest paths,1,d2_myhill_nerode,no,2,planned,
lattice-ssm-small-expert-s1::d3_inductive_bias,eval,lattice,ssm,small,expert,shortest paths,1,d3_inductive_bias,no,2,planned,
lattice-ssm-small-expert-s1::d4_probing,eval,lattice,ssm,small,expert,shortest paths,1,d4_probing,no,2,planned,
lattice-ssm-small-expert-s1::fragility,eval,lattice,ssm,small,expert,shortest paths,1,fragility,no,2,planned,
lattice-ssm-small-expert-s2::d1_next_token,eval,lattice,ssm,small,expert,shortest paths,2,d1_next_token,no,3,planned,
lattice-ssm-small-expert-s2::d2_myhill_nerode,eval,lattice,ssm,small,expert,shortest paths,2,d2_myhill_nerode,no,3,planned,
lattice-ssm-small-expert-s2::d3_inductive_bias,eval,lattice,ssm,small,expert,shortest paths,2,d3_inductive_bias,no,3,planned,
lattice-ssm-small-expert-s2::d4_probing,eval,lattice,ssm,small,expert,shortest paths,2,d4_probing,no,3,planned,
lattice-ssm-small-expert-s2::fragility,eval,lattice,ssm,small,expert,shortest paths,2,fragility,no,3,planned,
lattice-ssm-small-noisy-s0::d1_next_token,eval,lattice,ssm,small,noisy,noisy shortest paths,0,d1_next_token,no,2,planned,
lattice-ssm-small-noisy-s0::d2_myhill_nerode,eval,lattice,ssm,small,noisy,noisy shortest paths,0,d2_myhill_nerode,no,2,planned,
lattice-ssm-small-noisy-s0::d3_inductive_bias,eval,lattice,ssm,small,noisy,noisy shortest paths,0,d3_inductive_bias,no,2,planned,
lattice-ssm-small-noisy-s0::d4_probing,eval,lattice,ssm,small,noisy,noisy shortest paths,0,d4_probing,no,2,planned,
lattice-ssm-small-noisy-s0::fragility,eval,lattice,ssm,small,noisy,noisy shortest paths,0,fragility,no,2,planned,
lattice-ssm-small-noisy-s1::d1_next_token,eval,lattice,ssm,small,noisy,noisy shortest paths,1,d1_next_token,no,2,planned,
lattice-ssm-small-noisy-s1::d2_myhill_nerode,eval,lattice,ssm,small,noisy,noisy shortest paths,1,d2_myhill_nerode,no,2,planned,
lattice-ssm-small-noisy-s1::d3_inductive_bias,eval,lattice,ssm,small,noisy,noisy shortest paths,1,d3_inductive_bias,no,2,planned,
lattice-ssm-small-noisy-s1::d4_probing,eval,lattice,ssm,small,noisy,noisy shortest paths,1,d4_probing,no,2,planned,
lattice-ssm-small-noisy-s1::fragility,eval,lattice,ssm,small,noisy,noisy shortest paths,1,fragility,no,2,planned,
lattice-ssm-small-noisy-s2::d1_next_token,eval,lattice,ssm,small,noisy,noisy shortest paths,2,d1_next_token,no,3,planned,
lattice-ssm-small-noisy-s2::d2_myhill_nerode,eval,lattice,ssm,small,noisy,noisy shortest paths,2,d2_myhill_nerode,no,3,planned,
lattice-ssm-small-noisy-s2::d3_inductive_bias,eval,lattice,ssm,small,noisy,noisy shortest paths,2,d3_inductive_bias,no,3,planned,
lattice-ssm-small-noisy-s2::d4_probing,eval,lattice,ssm,small,noisy,noisy shortest paths,2,d4_probing,no,3,planned,
lattice-ssm-small-noisy-s2::fragility,eval,lattice,ssm,small,noisy,noisy shortest paths,2,fragility,no,3,planned,
lattice-ssm-small-random-s0::d1_next_token,eval,lattice,ssm,small,random,random walks,0,d1_next_token,no,2,planned,
lattice-ssm-small-random-s0::d2_myhill_nerode,eval,lattice,ssm,small,random,random walks,0,d2_myhill_nerode,no,2,planned,
lattice-ssm-small-random-s0::d3_inductive_bias,eval,lattice,ssm,small,random,random walks,0,d3_inductive_bias,no,2,planned,
lattice-ssm-small-random-s0::d4_probing,eval,lattice,ssm,small,random,random walks,0,d4_probing,no,2,planned,
lattice-ssm-small-random-s0::fragility,eval,lattice,ssm,small,random,random walks,0,fragility,no,2,planned,
lattice-ssm-small-random-s1::d1_next_token,eval,lattice,ssm,small,random,random walks,1,d1_next_token,no,2,planned,
lattice-ssm-small-random-s1::d2_myhill_nerode,eval,lattice,ssm,small,random,random walks,1,d2_myhill_nerode,no,2,planned,
lattice-ssm-small-random-s1::d3_inductive_bias,eval,lattice,ssm,small,random,random walks,1,d3_inductive_bias,no,2,planned,
lattice-ssm-small-random-s1::d4_probing,eval,lattice,ssm,small,random,random walks,1,d4_probing,no,2,planned,
lattice-ssm-small-random-s1::fragility,eval,lattice,ssm,small,random,random walks,1,fragility,no,2,planned,
lattice-ssm-small-random-s2::d1_next_token,eval,lattice,ssm,small,random,random walks,2,d1_next_token,no,3,planned,
lattice-ssm-small-random-s2::d2_myhill_nerode,eval,lattice,ssm,small,random,random walks,2,d2_myhill_nerode,no,3,planned,
lattice-ssm-small-random-s2::d3_inductive_bias,eval,lattice,ssm,small,random,random walks,2,d3_inductive_bias,no,3,planned,
lattice-ssm-small-random-s2::d4_probing,eval,lattice,ssm,small,random,random walks,2,d4_probing,no,3,planned,
lattice-ssm-small-random-s2::fragility,eval,lattice,ssm,small,random,random walks,2,fragility,no,3,planned,
lattice-ssm-medium-expert-s0::d1_next_token,eval,lattice,ssm,medium,expert,shortest paths,0,d1_next_token,no,1,planned,
lattice-ssm-medium-expert-s0::d2_myhill_nerode,eval,lattice,ssm,medium,expert,shortest paths,0,d2_myhill_nerode,no,1,planned,
lattice-ssm-medium-expert-s0::d3_inductive_bias,eval,lattice,ssm,medium,expert,shortest paths,0,d3_inductive_bias,no,1,planned,
lattice-ssm-medium-expert-s0::d4_probing,eval,lattice,ssm,medium,expert,shortest paths,0,d4_probing,no,1,planned,
lattice-ssm-medium-expert-s0::fragility,eval,lattice,ssm,medium,expert,shortest paths,0,fragility,no,1,planned,
lattice-ssm-medium-expert-s1::d1_next_token,eval,lattice,ssm,medium,expert,shortest paths,1,d1_next_token,no,2,planned,
lattice-ssm-medium-expert-s1::d2_myhill_nerode,eval,lattice,ssm,medium,expert,shortest paths,1,d2_myhill_nerode,no,2,planned,
lattice-ssm-medium-expert-s1::d3_inductive_bias,eval,lattice,ssm,medium,expert,shortest paths,1,d3_inductive_bias,no,2,planned,
lattice-ssm-medium-expert-s1::d4_probing,eval,lattice,ssm,medium,expert,shortest paths,1,d4_probing,no,2,planned,
lattice-ssm-medium-expert-s1::fragility,eval,lattice,ssm,medium,expert,shortest paths,1,fragility,no,2,planned,
lattice-ssm-medium-expert-s2::d1_next_token,eval,lattice,ssm,medium,expert,shortest paths,2,d1_next_token,no,3,planned,
lattice-ssm-medium-expert-s2::d2_myhill_nerode,eval,lattice,ssm,medium,expert,shortest paths,2,d2_myhill_nerode,no,3,planned,
lattice-ssm-medium-expert-s2::d3_inductive_bias,eval,lattice,ssm,medium,expert,shortest paths,2,d3_inductive_bias,no,3,planned,
lattice-ssm-medium-expert-s2::d4_probing,eval,lattice,ssm,medium,expert,shortest paths,2,d4_probing,no,3,planned,
lattice-ssm-medium-expert-s2::fragility,eval,lattice,ssm,medium,expert,shortest paths,2,fragility,no,3,planned,
lattice-ssm-medium-noisy-s0::d1_next_token,eval,lattice,ssm,medium,noisy,noisy shortest paths,0,d1_next_token,no,1,planned,
lattice-ssm-medium-noisy-s0::d2_myhill_nerode,eval,lattice,ssm,medium,noisy,noisy shortest paths,0,d2_myhill_nerode,no,1,planned,
lattice-ssm-medium-noisy-s0::d3_inductive_bias,eval,lattice,ssm,medium,noisy,noisy shortest paths,0,d3_inductive_bias,no,1,planned,
lattice-ssm-medium-noisy-s0::d4_probing,eval,lattice,ssm,medium,noisy,noisy shortest paths,0,d4_probing,no,1,planned,
lattice-ssm-medium-noisy-s0::fragility,eval,lattice,ssm,medium,noisy,noisy shortest paths,0,fragility,no,1,planned,
lattice-ssm-medium-noisy-s1::d1_next_token,eval,lattice,ssm,medium,noisy,noisy shortest paths,1,d1_next_token,no,2,planned,
lattice-ssm-medium-noisy-s1::d2_myhill_nerode,eval,lattice,ssm,medium,noisy,noisy shortest paths,1,d2_myhill_nerode,no,2,planned,
lattice-ssm-medium-noisy-s1::d3_inductive_bias,eval,lattice,ssm,medium,noisy,noisy shortest paths,1,d3_inductive_bias,no,2,planned,
lattice-ssm-medium-noisy-s1::d4_probing,eval,lattice,ssm,medium,noisy,noisy shortest paths,1,d4_probing,no,2,planned,
lattice-ssm-medium-noisy-s1::fragility,eval,lattice,ssm,medium,noisy,noisy shortest paths,1,fragility,no,2,planned,
lattice-ssm-medium-noisy-s2::d1_next_token,eval,lattice,ssm,medium,noisy,noisy shortest paths,2,d1_next_token,no,3,planned,
lattice-ssm-medium-noisy-s2::d2_myhill_nerode,eval,lattice,ssm,medium,noisy,noisy shortest paths,2,d2_myhill_nerode,no,3,planned,
lattice-ssm-medium-noisy-s2::d3_inductive_bias,eval,lattice,ssm,medium,noisy,noisy shortest paths,2,d3_inductive_bias,no,3,planned,
lattice-ssm-medium-noisy-s2::d4_probing,eval,lattice,ssm,medium,noisy,noisy shortest paths,2,d4_probing,no,3,planned,
lattice-ssm-medium-noisy-s2::fragility,eval,lattice,ssm,medium,noisy,noisy shortest paths,2,fragility,no,3,planned,
lattice-ssm-medium-random-s0::d1_next_token,eval,lattice,ssm,medium,random,random walks,0,d1_next_token,no,1,planned,
lattice-ssm-medium-random-s0::d2_myhill_nerode,eval,lattice,ssm,medium,random,random walks,0,d2_myhill_nerode,no,1,planned,
lattice-ssm-medium-random-s0::d3_inductive_bias,eval,lattice,ssm,medium,random,random walks,0,d3_inductive_bias,no,1,planned,
lattice-ssm-medium-random-s0::d4_probing,eval,lattice,ssm,medium,random,random walks,0,d4_probing,no,1,planned,
lattice-ssm-medium-random-s0::fragility,eval,lattice,ssm,medium,random,random walks,0,fragility,no,1,planned,
lattice-ssm-medium-random-s1::d1_next_token,eval,lattice,ssm,medium,random,random walks,1,d1_next_token,no,2,planned,
lattice-ssm-medium-random-s1::d2_myhill_nerode,eval,lattice,ssm,medium,random,random walks,1,d2_myhill_nerode,no,2,planned,
lattice-ssm-medium-random-s1::d3_inductive_bias,eval,lattice,ssm,medium,random,random walks,1,d3_inductive_bias,no,2,planned,
lattice-ssm-medium-random-s1::d4_probing,eval,lattice,ssm,medium,random,random walks,1,d4_probing,no,2,planned,
lattice-ssm-medium-random-s1::fragility,eval,lattice,ssm,medium,random,random walks,1,fragility,no,2,planned,
lattice-ssm-medium-random-s2::d1_next_token,eval,lattice,ssm,medium,random,random walks,2,d1_next_token,no,3,planned,
lattice-ssm-medium-random-s2::d2_myhill_nerode,eval,lattice,ssm,medium,random,random walks,2,d2_myhill_nerode,no,3,planned,
lattice-ssm-medium-random-s2::d3_inductive_bias,eval,lattice,ssm,medium,random,random walks,2,d3_inductive_bias,no,3,planned,
lattice-ssm-medium-random-s2::d4_probing,eval,lattice,ssm,medium,random,random walks,2,d4_probing,no,3,planned,
lattice-ssm-medium-random-s2::fragility,eval,lattice,ssm,medium,random,random walks,2,fragility,no,3,planned,
lattice-ssm-large-expert-s0::d1_next_token,eval,lattice,ssm,large,expert,shortest paths,0,d1_next_token,no,3,planned,
lattice-ssm-large-expert-s0::d2_myhill_nerode,eval,lattice,ssm,large,expert,shortest paths,0,d2_myhill_nerode,no,3,planned,
lattice-ssm-large-expert-s0::d3_inductive_bias,eval,lattice,ssm,large,expert,shortest paths,0,d3_inductive_bias,no,3,planned,
lattice-ssm-large-expert-s0::d4_probing,eval,lattice,ssm,large,expert,shortest paths,0,d4_probing,no,3,planned,
lattice-ssm-large-expert-s0::fragility,eval,lattice,ssm,large,expert,shortest paths,0,fragility,no,3,planned,
lattice-ssm-large-expert-s1::d1_next_token,eval,lattice,ssm,large,expert,shortest paths,1,d1_next_token,no,3,planned,
lattice-ssm-large-expert-s1::d2_myhill_nerode,eval,lattice,ssm,large,expert,shortest paths,1,d2_myhill_nerode,no,3,planned,
lattice-ssm-large-expert-s1::d3_inductive_bias,eval,lattice,ssm,large,expert,shortest paths,1,d3_inductive_bias,no,3,planned,
lattice-ssm-large-expert-s1::d4_probing,eval,lattice,ssm,large,expert,shortest paths,1,d4_probing,no,3,planned,
lattice-ssm-large-expert-s1::fragility,eval,lattice,ssm,large,expert,shortest paths,1,fragility,no,3,planned,
lattice-ssm-large-expert-s2::d1_next_token,eval,lattice,ssm,large,expert,shortest paths,2,d1_next_token,no,3,planned,
lattice-ssm-large-expert-s2::d2_myhill_nerode,eval,lattice,ssm,large,expert,shortest paths,2,d2_myhill_nerode,no,3,planned,
lattice-ssm-large-expert-s2::d3_inductive_bias,eval,lattice,ssm,large,expert,shortest paths,2,d3_inductive_bias,no,3,planned,
lattice-ssm-large-expert-s2::d4_probing,eval,lattice,ssm,large,expert,shortest paths,2,d4_probing,no,3,planned,
lattice-ssm-large-expert-s2::fragility,eval,lattice,ssm,large,expert,shortest paths,2,fragility,no,3,planned,
lattice-ssm-large-noisy-s0::d1_next_token,eval,lattice,ssm,large,noisy,noisy shortest paths,0,d1_next_token,no,3,planned,
lattice-ssm-large-noisy-s0::d2_myhill_nerode,eval,lattice,ssm,large,noisy,noisy shortest paths,0,d2_myhill_nerode,no,3,planned,
lattice-ssm-large-noisy-s0::d3_inductive_bias,eval,lattice,ssm,large,noisy,noisy shortest paths,0,d3_inductive_bias,no,3,planned,
lattice-ssm-large-noisy-s0::d4_probing,eval,lattice,ssm,large,noisy,noisy shortest paths,0,d4_probing,no,3,planned,
lattice-ssm-large-noisy-s0::fragility,eval,lattice,ssm,large,noisy,noisy shortest paths,0,fragility,no,3,planned,
lattice-ssm-large-noisy-s1::d1_next_token,eval,lattice,ssm,large,noisy,noisy shortest paths,1,d1_next_token,no,3,planned,
lattice-ssm-large-noisy-s1::d2_myhill_nerode,eval,lattice,ssm,large,noisy,noisy shortest paths,1,d2_myhill_nerode,no,3,planned,
lattice-ssm-large-noisy-s1::d3_inductive_bias,eval,lattice,ssm,large,noisy,noisy shortest paths,1,d3_inductive_bias,no,3,planned,
lattice-ssm-large-noisy-s1::d4_probing,eval,lattice,ssm,large,noisy,noisy shortest paths,1,d4_probing,no,3,planned,
lattice-ssm-large-noisy-s1::fragility,eval,lattice,ssm,large,noisy,noisy shortest paths,1,fragility,no,3,planned,
lattice-ssm-large-noisy-s2::d1_next_token,eval,lattice,ssm,large,noisy,noisy shortest paths,2,d1_next_token,no,3,planned,
lattice-ssm-large-noisy-s2::d2_myhill_nerode,eval,lattice,ssm,large,noisy,noisy shortest paths,2,d2_myhill_nerode,no,3,planned,
lattice-ssm-large-noisy-s2::d3_inductive_bias,eval,lattice,ssm,large,noisy,noisy shortest paths,2,d3_inductive_bias,no,3,planned,
lattice-ssm-large-noisy-s2::d4_probing,eval,lattice,ssm,large,noisy,noisy shortest paths,2,d4_probing,no,3,planned,
lattice-ssm-large-noisy-s2::fragility,eval,lattice,ssm,large,noisy,noisy shortest paths,2,fragility,no,3,planned,
lattice-ssm-large-random-s0::d1_next_token,eval,lattice,ssm,large,random,random walks,0,d1_next_token,no,3,planned,
lattice-ssm-large-random-s0::d2_myhill_nerode,eval,lattice,ssm,large,random,random walks,0,d2_myhill_nerode,no,3,planned,
lattice-ssm-large-random-s0::d3_inductive_bias,eval,lattice,ssm,large,random,random walks,0,d3_inductive_bias,no,3,planned,
lattice-ssm-large-random-s0::d4_probing,eval,lattice,ssm,large,random,random walks,0,d4_probing,no,3,planned,
lattice-ssm-large-random-s0::fragility,eval,lattice,ssm,large,random,random walks,0,fragility,no,3,planned,
lattice-ssm-large-random-s1::d1_next_token,eval,lattice,ssm,large,random,random walks,1,d1_next_token,no,3,planned,
lattice-ssm-large-random-s1::d2_myhill_nerode,eval,lattice,ssm,large,random,random walks,1,d2_myhill_nerode,no,3,planned,
lattice-ssm-large-random-s1::d3_inductive_bias,eval,lattice,ssm,large,random,random walks,1,d3_inductive_bias,no,3,planned,
lattice-ssm-large-random-s1::d4_probing,eval,lattice,ssm,large,random,random walks,1,d4_probing,no,3,planned,
lattice-ssm-large-random-s1::fragility,eval,lattice,ssm,large,random,random walks,1,fragility,no,3,planned,
lattice-ssm-large-random-s2::d1_next_token,eval,lattice,ssm,large,random,random walks,2,d1_next_token,no,3,planned,
lattice-ssm-large-random-s2::d2_myhill_nerode,eval,lattice,ssm,large,random,random walks,2,d2_myhill_nerode,no,3,planned,
lattice-ssm-large-random-s2::d3_inductive_bias,eval,lattice,ssm,large,random,random walks,2,d3_inductive_bias,no,3,planned,
lattice-ssm-large-random-s2::d4_probing,eval,lattice,ssm,large,random,random walks,2,d4_probing,no,3,planned,
lattice-ssm-large-random-s2::fragility,eval,lattice,ssm,large,random,random walks,2,fragility,no,3,planned,
lattice-lstm-small-expert-s0::d1_next_token,eval,lattice,lstm,small,expert,shortest paths,0,d1_next_token,yes,4,planned,
lattice-lstm-small-expert-s0::d2_myhill_nerode,eval,lattice,lstm,small,expert,shortest paths,0,d2_myhill_nerode,yes,4,planned,
lattice-lstm-small-expert-s0::d3_inductive_bias,eval,lattice,lstm,small,expert,shortest paths,0,d3_inductive_bias,yes,4,planned,
lattice-lstm-small-expert-s0::d4_probing,eval,lattice,lstm,small,expert,shortest paths,0,d4_probing,yes,4,planned,
lattice-lstm-small-expert-s0::fragility,eval,lattice,lstm,small,expert,shortest paths,0,fragility,yes,4,planned,
lattice-lstm-small-expert-s1::d1_next_token,eval,lattice,lstm,small,expert,shortest paths,1,d1_next_token,yes,4,planned,
lattice-lstm-small-expert-s1::d2_myhill_nerode,eval,lattice,lstm,small,expert,shortest paths,1,d2_myhill_nerode,yes,4,planned,
lattice-lstm-small-expert-s1::d3_inductive_bias,eval,lattice,lstm,small,expert,shortest paths,1,d3_inductive_bias,yes,4,planned,
lattice-lstm-small-expert-s1::d4_probing,eval,lattice,lstm,small,expert,shortest paths,1,d4_probing,yes,4,planned,
lattice-lstm-small-expert-s1::fragility,eval,lattice,lstm,small,expert,shortest paths,1,fragility,yes,4,planned,
lattice-lstm-small-expert-s2::d1_next_token,eval,lattice,lstm,small,expert,shortest paths,2,d1_next_token,yes,4,planned,
lattice-lstm-small-expert-s2::d2_myhill_nerode,eval,lattice,lstm,small,expert,shortest paths,2,d2_myhill_nerode,yes,4,planned,
lattice-lstm-small-expert-s2::d3_inductive_bias,eval,lattice,lstm,small,expert,shortest paths,2,d3_inductive_bias,yes,4,planned,
lattice-lstm-small-expert-s2::d4_probing,eval,lattice,lstm,small,expert,shortest paths,2,d4_probing,yes,4,planned,
lattice-lstm-small-expert-s2::fragility,eval,lattice,lstm,small,expert,shortest paths,2,fragility,yes,4,planned,
lattice-lstm-small-noisy-s0::d1_next_token,eval,lattice,lstm,small,noisy,noisy shortest paths,0,d1_next_token,yes,4,planned,
lattice-lstm-small-noisy-s0::d2_myhill_nerode,eval,lattice,lstm,small,noisy,noisy shortest paths,0,d2_myhill_nerode,yes,4,planned,
lattice-lstm-small-noisy-s0::d3_inductive_bias,eval,lattice,lstm,small,noisy,noisy shortest paths,0,d3_inductive_bias,yes,4,planned,
lattice-lstm-small-noisy-s0::d4_probing,eval,lattice,lstm,small,noisy,noisy shortest paths,0,d4_probing,yes,4,planned,
lattice-lstm-small-noisy-s0::fragility,eval,lattice,lstm,small,noisy,noisy shortest paths,0,fragility,yes,4,planned,
lattice-lstm-small-noisy-s1::d1_next_token,eval,lattice,lstm,small,noisy,noisy shortest paths,1,d1_next_token,yes,4,planned,
lattice-lstm-small-noisy-s1::d2_myhill_nerode,eval,lattice,lstm,small,noisy,noisy shortest paths,1,d2_myhill_nerode,yes,4,planned,
lattice-lstm-small-noisy-s1::d3_inductive_bias,eval,lattice,lstm,small,noisy,noisy shortest paths,1,d3_inductive_bias,yes,4,planned,
lattice-lstm-small-noisy-s1::d4_probing,eval,lattice,lstm,small,noisy,noisy shortest paths,1,d4_probing,yes,4,planned,
lattice-lstm-small-noisy-s1::fragility,eval,lattice,lstm,small,noisy,noisy shortest paths,1,fragility,yes,4,planned,
lattice-lstm-small-noisy-s2::d1_next_token,eval,lattice,lstm,small,noisy,noisy shortest paths,2,d1_next_token,yes,4,planned,
lattice-lstm-small-noisy-s2::d2_myhill_nerode,eval,lattice,lstm,small,noisy,noisy shortest paths,2,d2_myhill_nerode,yes,4,planned,
lattice-lstm-small-noisy-s2::d3_inductive_bias,eval,lattice,lstm,small,noisy,noisy shortest paths,2,d3_inductive_bias,yes,4,planned,
lattice-lstm-small-noisy-s2::d4_probing,eval,lattice,lstm,small,noisy,noisy shortest paths,2,d4_probing,yes,4,planned,
lattice-lstm-small-noisy-s2::fragility,eval,lattice,lstm,small,noisy,noisy shortest paths,2,fragility,yes,4,planned,
lattice-lstm-small-random-s0::d1_next_token,eval,lattice,lstm,small,random,random walks,0,d1_next_token,yes,4,planned,
lattice-lstm-small-random-s0::d2_myhill_nerode,eval,lattice,lstm,small,random,random walks,0,d2_myhill_nerode,yes,4,planned,
lattice-lstm-small-random-s0::d3_inductive_bias,eval,lattice,lstm,small,random,random walks,0,d3_inductive_bias,yes,4,planned,
lattice-lstm-small-random-s0::d4_probing,eval,lattice,lstm,small,random,random walks,0,d4_probing,yes,4,planned,
lattice-lstm-small-random-s0::fragility,eval,lattice,lstm,small,random,random walks,0,fragility,yes,4,planned,
lattice-lstm-small-random-s1::d1_next_token,eval,lattice,lstm,small,random,random walks,1,d1_next_token,yes,4,planned,
lattice-lstm-small-random-s1::d2_myhill_nerode,eval,lattice,lstm,small,random,random walks,1,d2_myhill_nerode,yes,4,planned,
lattice-lstm-small-random-s1::d3_inductive_bias,eval,lattice,lstm,small,random,random walks,1,d3_inductive_bias,yes,4,planned,
lattice-lstm-small-random-s1::d4_probing,eval,lattice,lstm,small,random,random walks,1,d4_probing,yes,4,planned,
lattice-lstm-small-random-s1::fragility,eval,lattice,lstm,small,random,random walks,1,fragility,yes,4,planned,
lattice-lstm-small-random-s2::d1_next_token,eval,lattice,lstm,small,random,random walks,2,d1_next_token,yes,4,planned,
lattice-lstm-small-random-s2::d2_myhill_nerode,eval,lattice,lstm,small,random,random walks,2,d2_myhill_nerode,yes,4,planned,
lattice-lstm-small-random-s2::d3_inductive_bias,eval,lattice,lstm,small,random,random walks,2,d3_inductive_bias,yes,4,planned,
lattice-lstm-small-random-s2::d4_probing,eval,lattice,lstm,small,random,random walks,2,d4_probing,yes,4,planned,
lattice-lstm-small-random-s2::fragility,eval,lattice,lstm,small,random,random walks,2,fragility,yes,4,planned,
lattice-lstm-medium-expert-s0::d1_next_token,eval,lattice,lstm,medium,expert,shortest paths,0,d1_next_token,yes,4,planned,
lattice-lstm-medium-expert-s0::d2_myhill_nerode,eval,lattice,lstm,medium,expert,shortest paths,0,d2_myhill_nerode,yes,4,planned,
lattice-lstm-medium-expert-s0::d3_inductive_bias,eval,lattice,lstm,medium,expert,shortest paths,0,d3_inductive_bias,yes,4,planned,
lattice-lstm-medium-expert-s0::d4_probing,eval,lattice,lstm,medium,expert,shortest paths,0,d4_probing,yes,4,planned,
lattice-lstm-medium-expert-s0::fragility,eval,lattice,lstm,medium,expert,shortest paths,0,fragility,yes,4,planned,
lattice-lstm-medium-expert-s1::d1_next_token,eval,lattice,lstm,medium,expert,shortest paths,1,d1_next_token,yes,4,planned,
lattice-lstm-medium-expert-s1::d2_myhill_nerode,eval,lattice,lstm,medium,expert,shortest paths,1,d2_myhill_nerode,yes,4,planned,
lattice-lstm-medium-expert-s1::d3_inductive_bias,eval,lattice,lstm,medium,expert,shortest paths,1,d3_inductive_bias,yes,4,planned,
lattice-lstm-medium-expert-s1::d4_probing,eval,lattice,lstm,medium,expert,shortest paths,1,d4_probing,yes,4,planned,
lattice-lstm-medium-expert-s1::fragility,eval,lattice,lstm,medium,expert,shortest paths,1,fragility,yes,4,planned,
lattice-lstm-medium-expert-s2::d1_next_token,eval,lattice,lstm,medium,expert,shortest paths,2,d1_next_token,yes,4,planned,
lattice-lstm-medium-expert-s2::d2_myhill_nerode,eval,lattice,lstm,medium,expert,shortest paths,2,d2_myhill_nerode,yes,4,planned,
lattice-lstm-medium-expert-s2::d3_inductive_bias,eval,lattice,lstm,medium,expert,shortest paths,2,d3_inductive_bias,yes,4,planned,
lattice-lstm-medium-expert-s2::d4_probing,eval,lattice,lstm,medium,expert,shortest paths,2,d4_probing,yes,4,planned,
lattice-lstm-medium-expert-s2::fragility,eval,lattice,lstm,medium,expert,shortest paths,2,fragility,yes,4,planned,
lattice-lstm-medium-noisy-s0::d1_next_token,eval,lattice,lstm,medium,noisy,noisy shortest paths,0,d1_next_token,yes,4,planned,
lattice-lstm-medium-noisy-s0::d2_myhill_nerode,eval,lattice,lstm,medium,noisy,noisy shortest paths,0,d2_myhill_nerode,yes,4,planned,
lattice-lstm-medium-noisy-s0::d3_inductive_bias,eval,lattice,lstm,medium,noisy,noisy shortest paths,0,d3_inductive_bias,yes,4,planned,
lattice-lstm-medium-noisy-s0::d4_probing,eval,lattice,lstm,medium,noisy,noisy shortest paths,0,d4_probing,yes,4,planned,
lattice-lstm-medium-noisy-s0::fragility,eval,lattice,lstm,medium,noisy,noisy shortest paths,0,fragility,yes,4,planned,
lattice-lstm-medium-noisy-s1::d1_next_token,eval,lattice,lstm,medium,noisy,noisy shortest paths,1,d1_next_token,yes,4,planned,
lattice-lstm-medium-noisy-s1::d2_myhill_nerode,eval,lattice,lstm,medium,noisy,noisy shortest paths,1,d2_myhill_nerode,yes,4,planned,
lattice-lstm-medium-noisy-s1::d3_inductive_bias,eval,lattice,lstm,medium,noisy,noisy shortest paths,1,d3_inductive_bias,yes,4,planned,
lattice-lstm-medium-noisy-s1::d4_probing,eval,lattice,lstm,medium,noisy,noisy shortest paths,1,d4_probing,yes,4,planned,
lattice-lstm-medium-noisy-s1::fragility,eval,lattice,lstm,medium,noisy,noisy shortest paths,1,fragility,yes,4,planned,
lattice-lstm-medium-noisy-s2::d1_next_token,eval,lattice,lstm,medium,noisy,noisy shortest paths,2,d1_next_token,yes,4,planned,
lattice-lstm-medium-noisy-s2::d2_myhill_nerode,eval,lattice,lstm,medium,noisy,noisy shortest paths,2,d2_myhill_nerode,yes,4,planned,
lattice-lstm-medium-noisy-s2::d3_inductive_bias,eval,lattice,lstm,medium,noisy,noisy shortest paths,2,d3_inductive_bias,yes,4,planned,
lattice-lstm-medium-noisy-s2::d4_probing,eval,lattice,lstm,medium,noisy,noisy shortest paths,2,d4_probing,yes,4,planned,
lattice-lstm-medium-noisy-s2::fragility,eval,lattice,lstm,medium,noisy,noisy shortest paths,2,fragility,yes,4,planned,
lattice-lstm-medium-random-s0::d1_next_token,eval,lattice,lstm,medium,random,random walks,0,d1_next_token,yes,4,planned,
lattice-lstm-medium-random-s0::d2_myhill_nerode,eval,lattice,lstm,medium,random,random walks,0,d2_myhill_nerode,yes,4,planned,
lattice-lstm-medium-random-s0::d3_inductive_bias,eval,lattice,lstm,medium,random,random walks,0,d3_inductive_bias,yes,4,planned,
lattice-lstm-medium-random-s0::d4_probing,eval,lattice,lstm,medium,random,random walks,0,d4_probing,yes,4,planned,
lattice-lstm-medium-random-s0::fragility,eval,lattice,lstm,medium,random,random walks,0,fragility,yes,4,planned,
lattice-lstm-medium-random-s1::d1_next_token,eval,lattice,lstm,medium,random,random walks,1,d1_next_token,yes,4,planned,
lattice-lstm-medium-random-s1::d2_myhill_nerode,eval,lattice,lstm,medium,random,random walks,1,d2_myhill_nerode,yes,4,planned,
lattice-lstm-medium-random-s1::d3_inductive_bias,eval,lattice,lstm,medium,random,random walks,1,d3_inductive_bias,yes,4,planned,
lattice-lstm-medium-random-s1::d4_probing,eval,lattice,lstm,medium,random,random walks,1,d4_probing,yes,4,planned,
lattice-lstm-medium-random-s1::fragility,eval,lattice,lstm,medium,random,random walks,1,fragility,yes,4,planned,
lattice-lstm-medium-random-s2::d1_next_token,eval,lattice,lstm,medium,random,random walks,2,d1_next_token,yes,4,planned,
lattice-lstm-medium-random-s2::d2_myhill_nerode,eval,lattice,lstm,medium,random,random walks,2,d2_myhill_nerode,yes,4,planned,
lattice-lstm-medium-random-s2::d3_inductive_bias,eval,lattice,lstm,medium,random,random walks,2,d3_inductive_bias,yes,4,planned,
lattice-lstm-medium-random-s2::d4_probing,eval,lattice,lstm,medium,random,random walks,2,d4_probing,yes,4,planned,
lattice-lstm-medium-random-s2::fragility,eval,lattice,lstm,medium,random,random walks,2,fragility,yes,4,planned,
lattice-lstm-large-expert-s0::d1_next_token,eval,lattice,lstm,large,expert,shortest paths,0,d1_next_token,yes,4,planned,
lattice-lstm-large-expert-s0::d2_myhill_nerode,eval,lattice,lstm,large,expert,shortest paths,0,d2_myhill_nerode,yes,4,planned,
lattice-lstm-large-expert-s0::d3_inductive_bias,eval,lattice,lstm,large,expert,shortest paths,0,d3_inductive_bias,yes,4,planned,
lattice-lstm-large-expert-s0::d4_probing,eval,lattice,lstm,large,expert,shortest paths,0,d4_probing,yes,4,planned,
lattice-lstm-large-expert-s0::fragility,eval,lattice,lstm,large,expert,shortest paths,0,fragility,yes,4,planned,
lattice-lstm-large-expert-s1::d1_next_token,eval,lattice,lstm,large,expert,shortest paths,1,d1_next_token,yes,4,planned,
lattice-lstm-large-expert-s1::d2_myhill_nerode,eval,lattice,lstm,large,expert,shortest paths,1,d2_myhill_nerode,yes,4,planned,
lattice-lstm-large-expert-s1::d3_inductive_bias,eval,lattice,lstm,large,expert,shortest paths,1,d3_inductive_bias,yes,4,planned,
lattice-lstm-large-expert-s1::d4_probing,eval,lattice,lstm,large,expert,shortest paths,1,d4_probing,yes,4,planned,
lattice-lstm-large-expert-s1::fragility,eval,lattice,lstm,large,expert,shortest paths,1,fragility,yes,4,planned,
lattice-lstm-large-expert-s2::d1_next_token,eval,lattice,lstm,large,expert,shortest paths,2,d1_next_token,yes,4,planned,
lattice-lstm-large-expert-s2::d2_myhill_nerode,eval,lattice,lstm,large,expert,shortest paths,2,d2_myhill_nerode,yes,4,planned,
lattice-lstm-large-expert-s2::d3_inductive_bias,eval,lattice,lstm,large,expert,shortest paths,2,d3_inductive_bias,yes,4,planned,
lattice-lstm-large-expert-s2::d4_probing,eval,lattice,lstm,large,expert,shortest paths,2,d4_probing,yes,4,planned,
lattice-lstm-large-expert-s2::fragility,eval,lattice,lstm,large,expert,shortest paths,2,fragility,yes,4,planned,
lattice-lstm-large-noisy-s0::d1_next_token,eval,lattice,lstm,large,noisy,noisy shortest paths,0,d1_next_token,yes,4,planned,
lattice-lstm-large-noisy-s0::d2_myhill_nerode,eval,lattice,lstm,large,noisy,noisy shortest paths,0,d2_myhill_nerode,yes,4,planned,
lattice-lstm-large-noisy-s0::d3_inductive_bias,eval,lattice,lstm,large,noisy,noisy shortest paths,0,d3_inductive_bias,yes,4,planned,
lattice-lstm-large-noisy-s0::d4_probing,eval,lattice,lstm,large,noisy,noisy shortest paths,0,d4_probing,yes,4,planned,
lattice-lstm-large-noisy-s0::fragility,eval,lattice,lstm,large,noisy,noisy shortest paths,0,fragility,yes,4,planned,
lattice-lstm-large-noisy-s1::d1_next_token,eval,lattice,lstm,large,noisy,noisy shortest paths,1,d1_next_token,yes,4,planned,
lattice-lstm-large-noisy-s1::d2_myhill_nerode,eval,lattice,lstm,large,noisy,noisy shortest paths,1,d2_myhill_nerode,yes,4,planned,
lattice-lstm-large-noisy-s1::d3_inductive_bias,eval,lattice,lstm,large,noisy,noisy shortest paths,1,d3_inductive_bias,yes,4,planned,
lattice-lstm-large-noisy-s1::d4_probing,eval,lattice,lstm,large,noisy,noisy shortest paths,1,d4_probing,yes,4,planned,
lattice-lstm-large-noisy-s1::fragility,eval,lattice,lstm,large,noisy,noisy shortest paths,1,fragility,yes,4,planned,
lattice-lstm-large-noisy-s2::d1_next_token,eval,lattice,lstm,large,noisy,noisy shortest paths,2,d1_next_token,yes,4,planned,
lattice-lstm-large-noisy-s2::d2_myhill_nerode,eval,lattice,lstm,large,noisy,noisy shortest paths,2,d2_myhill_nerode,yes,4,planned,
lattice-lstm-large-noisy-s2::d3_inductive_bias,eval,lattice,lstm,large,noisy,noisy shortest paths,2,d3_inductive_bias,yes,4,planned,
lattice-lstm-large-noisy-s2::d4_probing,eval,lattice,lstm,large,noisy,noisy shortest paths,2,d4_probing,yes,4,planned,
lattice-lstm-large-noisy-s2::fragility,eval,lattice,lstm,large,noisy,noisy shortest paths,2,fragility,yes,4,planned,
lattice-lstm-large-random-s0::d1_next_token,eval,lattice,lstm,large,random,random walks,0,d1_next_token,yes,4,planned,
lattice-lstm-large-random-s0::d2_myhill_nerode,eval,lattice,lstm,large,random,random walks,0,d2_myhill_nerode,yes,4,planned,
lattice-lstm-large-random-s0::d3_inductive_bias,eval,lattice,lstm,large,random,random walks,0,d3_inductive_bias,yes,4,planned,
lattice-lstm-large-random-s0::d4_probing,eval,lattice,lstm,large,random,random walks,0,d4_probing,yes,4,planned,
lattice-lstm-large-random-s0::fragility,eval,lattice,lstm,large,random,random walks,0,fragility,yes,4,planned,
lattice-lstm-large-random-s1::d1_next_token,eval,lattice,lstm,large,random,random walks,1,d1_next_token,yes,4,planned,
lattice-lstm-large-random-s1::d2_myhill_nerode,eval,lattice,lstm,large,random,random walks,1,d2_myhill_nerode,yes,4,planned,
lattice-lstm-large-random-s1::d3_inductive_bias,eval,lattice,lstm,large,random,random walks,1,d3_inductive_bias,yes,4,planned,
lattice-lstm-large-random-s1::d4_probing,eval,lattice,lstm,large,random,random walks,1,d4_probing,yes,4,planned,
lattice-lstm-large-random-s1::fragility,eval,lattice,lstm,large,random,random walks,1,fragility,yes,4,planned,
lattice-lstm-large-random-s2::d1_next_token,eval,lattice,lstm,large,random,random walks,2,d1_next_token,yes,4,planned,
lattice-lstm-large-random-s2::d2_myhill_nerode,eval,lattice,lstm,large,random,random walks,2,d2_myhill_nerode,yes,4,planned,
lattice-lstm-large-random-s2::d3_inductive_bias,eval,lattice,lstm,large,random,random walks,2,d3_inductive_bias,yes,4,planned,
lattice-lstm-large-random-s2::d4_probing,eval,lattice,lstm,large,random,random walks,2,d4_probing,yes,4,planned,
lattice-lstm-large-random-s2::fragility,eval,lattice,lstm,large,random,random walks,2,fragility,yes,4,planned,
othello-transformer-small-expert-s0::d1_next_token,eval,othello,transformer,small,expert,championship games,0,d1_next_token,no,2,planned,
othello-transformer-small-expert-s0::d2_myhill_nerode,eval,othello,transformer,small,expert,championship games,0,d2_myhill_nerode,no,2,planned,
othello-transformer-small-expert-s0::d3_inductive_bias,eval,othello,transformer,small,expert,championship games,0,d3_inductive_bias,no,2,planned,
othello-transformer-small-expert-s0::d4_probing,eval,othello,transformer,small,expert,championship games,0,d4_probing,no,2,planned,
othello-transformer-small-expert-s0::fragility,eval,othello,transformer,small,expert,championship games,0,fragility,no,2,planned,
othello-transformer-small-expert-s1::d1_next_token,eval,othello,transformer,small,expert,championship games,1,d1_next_token,no,2,planned,
othello-transformer-small-expert-s1::d2_myhill_nerode,eval,othello,transformer,small,expert,championship games,1,d2_myhill_nerode,no,2,planned,
othello-transformer-small-expert-s1::d3_inductive_bias,eval,othello,transformer,small,expert,championship games,1,d3_inductive_bias,no,2,planned,
othello-transformer-small-expert-s1::d4_probing,eval,othello,transformer,small,expert,championship games,1,d4_probing,no,2,planned,
othello-transformer-small-expert-s1::fragility,eval,othello,transformer,small,expert,championship games,1,fragility,no,2,planned,
othello-transformer-small-expert-s2::d1_next_token,eval,othello,transformer,small,expert,championship games,2,d1_next_token,no,3,planned,
othello-transformer-small-expert-s2::d2_myhill_nerode,eval,othello,transformer,small,expert,championship games,2,d2_myhill_nerode,no,3,planned,
othello-transformer-small-expert-s2::d3_inductive_bias,eval,othello,transformer,small,expert,championship games,2,d3_inductive_bias,no,3,planned,
othello-transformer-small-expert-s2::d4_probing,eval,othello,transformer,small,expert,championship games,2,d4_probing,no,3,planned,
othello-transformer-small-expert-s2::fragility,eval,othello,transformer,small,expert,championship games,2,fragility,no,3,planned,
othello-transformer-small-noisy-s0::d1_next_token,eval,othello,transformer,small,noisy,championship + random moves,0,d1_next_token,no,2,planned,
othello-transformer-small-noisy-s0::d2_myhill_nerode,eval,othello,transformer,small,noisy,championship + random moves,0,d2_myhill_nerode,no,2,planned,
othello-transformer-small-noisy-s0::d3_inductive_bias,eval,othello,transformer,small,noisy,championship + random moves,0,d3_inductive_bias,no,2,planned,
othello-transformer-small-noisy-s0::d4_probing,eval,othello,transformer,small,noisy,championship + random moves,0,d4_probing,no,2,planned,
othello-transformer-small-noisy-s0::fragility,eval,othello,transformer,small,noisy,championship + random moves,0,fragility,no,2,planned,
othello-transformer-small-noisy-s1::d1_next_token,eval,othello,transformer,small,noisy,championship + random moves,1,d1_next_token,no,2,planned,
othello-transformer-small-noisy-s1::d2_myhill_nerode,eval,othello,transformer,small,noisy,championship + random moves,1,d2_myhill_nerode,no,2,planned,
othello-transformer-small-noisy-s1::d3_inductive_bias,eval,othello,transformer,small,noisy,championship + random moves,1,d3_inductive_bias,no,2,planned,
othello-transformer-small-noisy-s1::d4_probing,eval,othello,transformer,small,noisy,championship + random moves,1,d4_probing,no,2,planned,
othello-transformer-small-noisy-s1::fragility,eval,othello,transformer,small,noisy,championship + random moves,1,fragility,no,2,planned,
othello-transformer-small-noisy-s2::d1_next_token,eval,othello,transformer,small,noisy,championship + random moves,2,d1_next_token,no,3,planned,
othello-transformer-small-noisy-s2::d2_myhill_nerode,eval,othello,transformer,small,noisy,championship + random moves,2,d2_myhill_nerode,no,3,planned,
othello-transformer-small-noisy-s2::d3_inductive_bias,eval,othello,transformer,small,noisy,championship + random moves,2,d3_inductive_bias,no,3,planned,
othello-transformer-small-noisy-s2::d4_probing,eval,othello,transformer,small,noisy,championship + random moves,2,d4_probing,no,3,planned,
othello-transformer-small-noisy-s2::fragility,eval,othello,transformer,small,noisy,championship + random moves,2,fragility,no,3,planned,
othello-transformer-small-random-s0::d1_next_token,eval,othello,transformer,small,random,random legal games,0,d1_next_token,no,2,planned,
othello-transformer-small-random-s0::d2_myhill_nerode,eval,othello,transformer,small,random,random legal games,0,d2_myhill_nerode,no,2,planned,
othello-transformer-small-random-s0::d3_inductive_bias,eval,othello,transformer,small,random,random legal games,0,d3_inductive_bias,no,2,planned,
othello-transformer-small-random-s0::d4_probing,eval,othello,transformer,small,random,random legal games,0,d4_probing,no,2,planned,
othello-transformer-small-random-s0::fragility,eval,othello,transformer,small,random,random legal games,0,fragility,no,2,planned,
othello-transformer-small-random-s1::d1_next_token,eval,othello,transformer,small,random,random legal games,1,d1_next_token,no,2,planned,
othello-transformer-small-random-s1::d2_myhill_nerode,eval,othello,transformer,small,random,random legal games,1,d2_myhill_nerode,no,2,planned,
othello-transformer-small-random-s1::d3_inductive_bias,eval,othello,transformer,small,random,random legal games,1,d3_inductive_bias,no,2,planned,
othello-transformer-small-random-s1::d4_probing,eval,othello,transformer,small,random,random legal games,1,d4_probing,no,2,planned,
othello-transformer-small-random-s1::fragility,eval,othello,transformer,small,random,random legal games,1,fragility,no,2,planned,
othello-transformer-small-random-s2::d1_next_token,eval,othello,transformer,small,random,random legal games,2,d1_next_token,no,3,planned,
othello-transformer-small-random-s2::d2_myhill_nerode,eval,othello,transformer,small,random,random legal games,2,d2_myhill_nerode,no,3,planned,
othello-transformer-small-random-s2::d3_inductive_bias,eval,othello,transformer,small,random,random legal games,2,d3_inductive_bias,no,3,planned,
othello-transformer-small-random-s2::d4_probing,eval,othello,transformer,small,random,random legal games,2,d4_probing,no,3,planned,
othello-transformer-small-random-s2::fragility,eval,othello,transformer,small,random,random legal games,2,fragility,no,3,planned,
othello-transformer-medium-expert-s0::d1_next_token,eval,othello,transformer,medium,expert,championship games,0,d1_next_token,no,1,planned,
othello-transformer-medium-expert-s0::d2_myhill_nerode,eval,othello,transformer,medium,expert,championship games,0,d2_myhill_nerode,no,1,planned,
othello-transformer-medium-expert-s0::d3_inductive_bias,eval,othello,transformer,medium,expert,championship games,0,d3_inductive_bias,no,1,planned,
othello-transformer-medium-expert-s0::d4_probing,eval,othello,transformer,medium,expert,championship games,0,d4_probing,no,1,planned,
othello-transformer-medium-expert-s0::fragility,eval,othello,transformer,medium,expert,championship games,0,fragility,no,1,planned,
othello-transformer-medium-expert-s1::d1_next_token,eval,othello,transformer,medium,expert,championship games,1,d1_next_token,no,2,planned,
othello-transformer-medium-expert-s1::d2_myhill_nerode,eval,othello,transformer,medium,expert,championship games,1,d2_myhill_nerode,no,2,planned,
othello-transformer-medium-expert-s1::d3_inductive_bias,eval,othello,transformer,medium,expert,championship games,1,d3_inductive_bias,no,2,planned,
othello-transformer-medium-expert-s1::d4_probing,eval,othello,transformer,medium,expert,championship games,1,d4_probing,no,2,planned,
othello-transformer-medium-expert-s1::fragility,eval,othello,transformer,medium,expert,championship games,1,fragility,no,2,planned,
othello-transformer-medium-expert-s2::d1_next_token,eval,othello,transformer,medium,expert,championship games,2,d1_next_token,no,3,planned,
othello-transformer-medium-expert-s2::d2_myhill_nerode,eval,othello,transformer,medium,expert,championship games,2,d2_myhill_nerode,no,3,planned,
othello-transformer-medium-expert-s2::d3_inductive_bias,eval,othello,transformer,medium,expert,championship games,2,d3_inductive_bias,no,3,planned,
othello-transformer-medium-expert-s2::d4_probing,eval,othello,transformer,medium,expert,championship games,2,d4_probing,no,3,planned,
othello-transformer-medium-expert-s2::fragility,eval,othello,transformer,medium,expert,championship games,2,fragility,no,3,planned,
othello-transformer-medium-noisy-s0::d1_next_token,eval,othello,transformer,medium,noisy,championship + random moves,0,d1_next_token,no,1,planned,
othello-transformer-medium-noisy-s0::d2_myhill_nerode,eval,othello,transformer,medium,noisy,championship + random moves,0,d2_myhill_nerode,no,1,planned,
othello-transformer-medium-noisy-s0::d3_inductive_bias,eval,othello,transformer,medium,noisy,championship + random moves,0,d3_inductive_bias,no,1,planned,
othello-transformer-medium-noisy-s0::d4_probing,eval,othello,transformer,medium,noisy,championship + random moves,0,d4_probing,no,1,planned,
othello-transformer-medium-noisy-s0::fragility,eval,othello,transformer,medium,noisy,championship + random moves,0,fragility,no,1,planned,
othello-transformer-medium-noisy-s1::d1_next_token,eval,othello,transformer,medium,noisy,championship + random moves,1,d1_next_token,no,2,planned,
othello-transformer-medium-noisy-s1::d2_myhill_nerode,eval,othello,transformer,medium,noisy,championship + random moves,1,d2_myhill_nerode,no,2,planned,
othello-transformer-medium-noisy-s1::d3_inductive_bias,eval,othello,transformer,medium,noisy,championship + random moves,1,d3_inductive_bias,no,2,planned,
othello-transformer-medium-noisy-s1::d4_probing,eval,othello,transformer,medium,noisy,championship + random moves,1,d4_probing,no,2,planned,
othello-transformer-medium-noisy-s1::fragility,eval,othello,transformer,medium,noisy,championship + random moves,1,fragility,no,2,planned,
othello-transformer-medium-noisy-s2::d1_next_token,eval,othello,transformer,medium,noisy,championship + random moves,2,d1_next_token,no,3,planned,
othello-transformer-medium-noisy-s2::d2_myhill_nerode,eval,othello,transformer,medium,noisy,championship + random moves,2,d2_myhill_nerode,no,3,planned,
othello-transformer-medium-noisy-s2::d3_inductive_bias,eval,othello,transformer,medium,noisy,championship + random moves,2,d3_inductive_bias,no,3,planned,
othello-transformer-medium-noisy-s2::d4_probing,eval,othello,transformer,medium,noisy,championship + random moves,2,d4_probing,no,3,planned,
othello-transformer-medium-noisy-s2::fragility,eval,othello,transformer,medium,noisy,championship + random moves,2,fragility,no,3,planned,
othello-transformer-medium-random-s0::d1_next_token,eval,othello,transformer,medium,random,random legal games,0,d1_next_token,no,1,planned,
othello-transformer-medium-random-s0::d2_myhill_nerode,eval,othello,transformer,medium,random,random legal games,0,d2_myhill_nerode,no,1,planned,
othello-transformer-medium-random-s0::d3_inductive_bias,eval,othello,transformer,medium,random,random legal games,0,d3_inductive_bias,no,1,planned,
othello-transformer-medium-random-s0::d4_probing,eval,othello,transformer,medium,random,random legal games,0,d4_probing,no,1,planned,
othello-transformer-medium-random-s0::fragility,eval,othello,transformer,medium,random,random legal games,0,fragility,no,1,planned,
othello-transformer-medium-random-s1::d1_next_token,eval,othello,transformer,medium,random,random legal games,1,d1_next_token,no,2,planned,
othello-transformer-medium-random-s1::d2_myhill_nerode,eval,othello,transformer,medium,random,random legal games,1,d2_myhill_nerode,no,2,planned,
othello-transformer-medium-random-s1::d3_inductive_bias,eval,othello,transformer,medium,random,random legal games,1,d3_inductive_bias,no,2,planned,
othello-transformer-medium-random-s1::d4_probing,eval,othello,transformer,medium,random,random legal games,1,d4_probing,no,2,planned,
othello-transformer-medium-random-s1::fragility,eval,othello,transformer,medium,random,random legal games,1,fragility,no,2,planned,
othello-transformer-medium-random-s2::d1_next_token,eval,othello,transformer,medium,random,random legal games,2,d1_next_token,no,3,planned,
othello-transformer-medium-random-s2::d2_myhill_nerode,eval,othello,transformer,medium,random,random legal games,2,d2_myhill_nerode,no,3,planned,
othello-transformer-medium-random-s2::d3_inductive_bias,eval,othello,transformer,medium,random,random legal games,2,d3_inductive_bias,no,3,planned,
othello-transformer-medium-random-s2::d4_probing,eval,othello,transformer,medium,random,random legal games,2,d4_probing,no,3,planned,
othello-transformer-medium-random-s2::fragility,eval,othello,transformer,medium,random,random legal games,2,fragility,no,3,planned,
othello-transformer-large-expert-s0::d1_next_token,eval,othello,transformer,large,expert,championship games,0,d1_next_token,no,3,planned,
othello-transformer-large-expert-s0::d2_myhill_nerode,eval,othello,transformer,large,expert,championship games,0,d2_myhill_nerode,no,3,planned,
othello-transformer-large-expert-s0::d3_inductive_bias,eval,othello,transformer,large,expert,championship games,0,d3_inductive_bias,no,3,planned,
othello-transformer-large-expert-s0::d4_probing,eval,othello,transformer,large,expert,championship games,0,d4_probing,no,3,planned,
othello-transformer-large-expert-s0::fragility,eval,othello,transformer,large,expert,championship games,0,fragility,no,3,planned,
othello-transformer-large-expert-s1::d1_next_token,eval,othello,transformer,large,expert,championship games,1,d1_next_token,no,3,planned,
othello-transformer-large-expert-s1::d2_myhill_nerode,eval,othello,transformer,large,expert,championship games,1,d2_myhill_nerode,no,3,planned,
othello-transformer-large-expert-s1::d3_inductive_bias,eval,othello,transformer,large,expert,championship games,1,d3_inductive_bias,no,3,planned,
othello-transformer-large-expert-s1::d4_probing,eval,othello,transformer,large,expert,championship games,1,d4_probing,no,3,planned,
othello-transformer-large-expert-s1::fragility,eval,othello,transformer,large,expert,championship games,1,fragility,no,3,planned,
othello-transformer-large-expert-s2::d1_next_token,eval,othello,transformer,large,expert,championship games,2,d1_next_token,no,3,planned,
othello-transformer-large-expert-s2::d2_myhill_nerode,eval,othello,transformer,large,expert,championship games,2,d2_myhill_nerode,no,3,planned,
othello-transformer-large-expert-s2::d3_inductive_bias,eval,othello,transformer,large,expert,championship games,2,d3_inductive_bias,no,3,planned,
othello-transformer-large-expert-s2::d4_probing,eval,othello,transformer,large,expert,championship games,2,d4_probing,no,3,planned,
othello-transformer-large-expert-s2::fragility,eval,othello,transformer,large,expert,championship games,2,fragility,no,3,planned,
othello-transformer-large-noisy-s0::d1_next_token,eval,othello,transformer,large,noisy,championship + random moves,0,d1_next_token,no,3,planned,
othello-transformer-large-noisy-s0::d2_myhill_nerode,eval,othello,transformer,large,noisy,championship + random moves,0,d2_myhill_nerode,no,3,planned,
othello-transformer-large-noisy-s0::d3_inductive_bias,eval,othello,transformer,large,noisy,championship + random moves,0,d3_inductive_bias,no,3,planned,
othello-transformer-large-noisy-s0::d4_probing,eval,othello,transformer,large,noisy,championship + random moves,0,d4_probing,no,3,planned,
othello-transformer-large-noisy-s0::fragility,eval,othello,transformer,large,noisy,championship + random moves,0,fragility,no,3,planned,
othello-transformer-large-noisy-s1::d1_next_token,eval,othello,transformer,large,noisy,championship + random moves,1,d1_next_token,no,3,planned,
othello-transformer-large-noisy-s1::d2_myhill_nerode,eval,othello,transformer,large,noisy,championship + random moves,1,d2_myhill_nerode,no,3,planned,
othello-transformer-large-noisy-s1::d3_inductive_bias,eval,othello,transformer,large,noisy,championship + random moves,1,d3_inductive_bias,no,3,planned,
othello-transformer-large-noisy-s1::d4_probing,eval,othello,transformer,large,noisy,championship + random moves,1,d4_probing,no,3,planned,
othello-transformer-large-noisy-s1::fragility,eval,othello,transformer,large,noisy,championship + random moves,1,fragility,no,3,planned,
othello-transformer-large-noisy-s2::d1_next_token,eval,othello,transformer,large,noisy,championship + random moves,2,d1_next_token,no,3,planned,
othello-transformer-large-noisy-s2::d2_myhill_nerode,eval,othello,transformer,large,noisy,championship + random moves,2,d2_myhill_nerode,no,3,planned,
othello-transformer-large-noisy-s2::d3_inductive_bias,eval,othello,transformer,large,noisy,championship + random moves,2,d3_inductive_bias,no,3,planned,
othello-transformer-large-noisy-s2::d4_probing,eval,othello,transformer,large,noisy,championship + random moves,2,d4_probing,no,3,planned,
othello-transformer-large-noisy-s2::fragility,eval,othello,transformer,large,noisy,championship + random moves,2,fragility,no,3,planned,
othello-transformer-large-random-s0::d1_next_token,eval,othello,transformer,large,random,random legal games,0,d1_next_token,no,3,planned,
othello-transformer-large-random-s0::d2_myhill_nerode,eval,othello,transformer,large,random,random legal games,0,d2_myhill_nerode,no,3,planned,
othello-transformer-large-random-s0::d3_inductive_bias,eval,othello,transformer,large,random,random legal games,0,d3_inductive_bias,no,3,planned,
othello-transformer-large-random-s0::d4_probing,eval,othello,transformer,large,random,random legal games,0,d4_probing,no,3,planned,
othello-transformer-large-random-s0::fragility,eval,othello,transformer,large,random,random legal games,0,fragility,no,3,planned,
othello-transformer-large-random-s1::d1_next_token,eval,othello,transformer,large,random,random legal games,1,d1_next_token,no,3,planned,
othello-transformer-large-random-s1::d2_myhill_nerode,eval,othello,transformer,large,random,random legal games,1,d2_myhill_nerode,no,3,planned,
othello-transformer-large-random-s1::d3_inductive_bias,eval,othello,transformer,large,random,random legal games,1,d3_inductive_bias,no,3,planned,
othello-transformer-large-random-s1::d4_probing,eval,othello,transformer,large,random,random legal games,1,d4_probing,no,3,planned,
othello-transformer-large-random-s1::fragility,eval,othello,transformer,large,random,random legal games,1,fragility,no,3,planned,
othello-transformer-large-random-s2::d1_next_token,eval,othello,transformer,large,random,random legal games,2,d1_next_token,no,3,planned,
othello-transformer-large-random-s2::d2_myhill_nerode,eval,othello,transformer,large,random,random legal games,2,d2_myhill_nerode,no,3,planned,
othello-transformer-large-random-s2::d3_inductive_bias,eval,othello,transformer,large,random,random legal games,2,d3_inductive_bias,no,3,planned,
othello-transformer-large-random-s2::d4_probing,eval,othello,transformer,large,random,random legal games,2,d4_probing,no,3,planned,
othello-transformer-large-random-s2::fragility,eval,othello,transformer,large,random,random legal games,2,fragility,no,3,planned,
othello-ssm-small-expert-s0::d1_next_token,eval,othello,ssm,small,expert,championship games,0,d1_next_token,no,2,planned,
othello-ssm-small-expert-s0::d2_myhill_nerode,eval,othello,ssm,small,expert,championship games,0,d2_myhill_nerode,no,2,planned,
othello-ssm-small-expert-s0::d3_inductive_bias,eval,othello,ssm,small,expert,championship games,0,d3_inductive_bias,no,2,planned,
othello-ssm-small-expert-s0::d4_probing,eval,othello,ssm,small,expert,championship games,0,d4_probing,no,2,planned,
othello-ssm-small-expert-s0::fragility,eval,othello,ssm,small,expert,championship games,0,fragility,no,2,planned,
othello-ssm-small-expert-s1::d1_next_token,eval,othello,ssm,small,expert,championship games,1,d1_next_token,no,2,planned,
othello-ssm-small-expert-s1::d2_myhill_nerode,eval,othello,ssm,small,expert,championship games,1,d2_myhill_nerode,no,2,planned,
othello-ssm-small-expert-s1::d3_inductive_bias,eval,othello,ssm,small,expert,championship games,1,d3_inductive_bias,no,2,planned,
othello-ssm-small-expert-s1::d4_probing,eval,othello,ssm,small,expert,championship games,1,d4_probing,no,2,planned,
othello-ssm-small-expert-s1::fragility,eval,othello,ssm,small,expert,championship games,1,fragility,no,2,planned,
othello-ssm-small-expert-s2::d1_next_token,eval,othello,ssm,small,expert,championship games,2,d1_next_token,no,3,planned,
othello-ssm-small-expert-s2::d2_myhill_nerode,eval,othello,ssm,small,expert,championship games,2,d2_myhill_nerode,no,3,planned,
othello-ssm-small-expert-s2::d3_inductive_bias,eval,othello,ssm,small,expert,championship games,2,d3_inductive_bias,no,3,planned,
othello-ssm-small-expert-s2::d4_probing,eval,othello,ssm,small,expert,championship games,2,d4_probing,no,3,planned,
othello-ssm-small-expert-s2::fragility,eval,othello,ssm,small,expert,championship games,2,fragility,no,3,planned,
othello-ssm-small-noisy-s0::d1_next_token,eval,othello,ssm,small,noisy,championship + random moves,0,d1_next_token,no,2,planned,
othello-ssm-small-noisy-s0::d2_myhill_nerode,eval,othello,ssm,small,noisy,championship + random moves,0,d2_myhill_nerode,no,2,planned,
othello-ssm-small-noisy-s0::d3_inductive_bias,eval,othello,ssm,small,noisy,championship + random moves,0,d3_inductive_bias,no,2,planned,
othello-ssm-small-noisy-s0::d4_probing,eval,othello,ssm,small,noisy,championship + random moves,0,d4_probing,no,2,planned,
othello-ssm-small-noisy-s0::fragility,eval,othello,ssm,small,noisy,championship + random moves,0,fragility,no,2,planned,
othello-ssm-small-noisy-s1::d1_next_token,eval,othello,ssm,small,noisy,championship + random moves,1,d1_next_token,no,2,planned,
othello-ssm-small-noisy-s1::d2_myhill_nerode,eval,othello,ssm,small,noisy,championship + random moves,1,d2_myhill_nerode,no,2,planned,
othello-ssm-small-noisy-s1::d3_inductive_bias,eval,othello,ssm,small,noisy,championship + random moves,1,d3_inductive_bias,no,2,planned,
othello-ssm-small-noisy-s1::d4_probing,eval,othello,ssm,small,noisy,championship + random moves,1,d4_probing,no,2,planned,
othello-ssm-small-noisy-s1::fragility,eval,othello,ssm,small,noisy,championship + random moves,1,fragility,no,2,planned,
othello-ssm-small-noisy-s2::d1_next_token,eval,othello,ssm,small,noisy,championship + random moves,2,d1_next_token,no,3,planned,
othello-ssm-small-noisy-s2::d2_myhill_nerode,eval,othello,ssm,small,noisy,championship + random moves,2,d2_myhill_nerode,no,3,planned,
othello-ssm-small-noisy-s2::d3_inductive_bias,eval,othello,ssm,small,noisy,championship + random moves,2,d3_inductive_bias,no,3,planned,
othello-ssm-small-noisy-s2::d4_probing,eval,othello,ssm,small,noisy,championship + random moves,2,d4_probing,no,3,planned,
othello-ssm-small-noisy-s2::fragility,eval,othello,ssm,small,noisy,championship + random moves,2,fragility,no,3,planned,
othello-ssm-small-random-s0::d1_next_token,eval,othello,ssm,small,random,random legal games,0,d1_next_token,no,2,planned,
othello-ssm-small-random-s0::d2_myhill_nerode,eval,othello,ssm,small,random,random legal games,0,d2_myhill_nerode,no,2,planned,
othello-ssm-small-random-s0::d3_inductive_bias,eval,othello,ssm,small,random,random legal games,0,d3_inductive_bias,no,2,planned,
othello-ssm-small-random-s0::d4_probing,eval,othello,ssm,small,random,random legal games,0,d4_probing,no,2,planned,
othello-ssm-small-random-s0::fragility,eval,othello,ssm,small,random,random legal games,0,fragility,no,2,planned,
othello-ssm-small-random-s1::d1_next_token,eval,othello,ssm,small,random,random legal games,1,d1_next_token,no,2,planned,
othello-ssm-small-random-s1::d2_myhill_nerode,eval,othello,ssm,small,random,random legal games,1,d2_myhill_nerode,no,2,planned,
othello-ssm-small-random-s1::d3_inductive_bias,eval,othello,ssm,small,random,random legal games,1,d3_inductive_bias,no,2,planned,
othello-ssm-small-random-s1::d4_probing,eval,othello,ssm,small,random,random legal games,1,d4_probing,no,2,planned,
othello-ssm-small-random-s1::fragility,eval,othello,ssm,small,random,random legal games,1,fragility,no,2,planned,
othello-ssm-small-random-s2::d1_next_token,eval,othello,ssm,small,random,random legal games,2,d1_next_token,no,3,planned,
othello-ssm-small-random-s2::d2_myhill_nerode,eval,othello,ssm,small,random,random legal games,2,d2_myhill_nerode,no,3,planned,
othello-ssm-small-random-s2::d3_inductive_bias,eval,othello,ssm,small,random,random legal games,2,d3_inductive_bias,no,3,planned,
othello-ssm-small-random-s2::d4_probing,eval,othello,ssm,small,random,random legal games,2,d4_probing,no,3,planned,
othello-ssm-small-random-s2::fragility,eval,othello,ssm,small,random,random legal games,2,fragility,no,3,planned,
othello-ssm-medium-expert-s0::d1_next_token,eval,othello,ssm,medium,expert,championship games,0,d1_next_token,no,1,planned,
othello-ssm-medium-expert-s0::d2_myhill_nerode,eval,othello,ssm,medium,expert,championship games,0,d2_myhill_nerode,no,1,planned,
othello-ssm-medium-expert-s0::d3_inductive_bias,eval,othello,ssm,medium,expert,championship games,0,d3_inductive_bias,no,1,planned,
othello-ssm-medium-expert-s0::d4_probing,eval,othello,ssm,medium,expert,championship games,0,d4_probing,no,1,planned,
othello-ssm-medium-expert-s0::fragility,eval,othello,ssm,medium,expert,championship games,0,fragility,no,1,planned,
othello-ssm-medium-expert-s1::d1_next_token,eval,othello,ssm,medium,expert,championship games,1,d1_next_token,no,2,planned,
othello-ssm-medium-expert-s1::d2_myhill_nerode,eval,othello,ssm,medium,expert,championship games,1,d2_myhill_nerode,no,2,planned,
othello-ssm-medium-expert-s1::d3_inductive_bias,eval,othello,ssm,medium,expert,championship games,1,d3_inductive_bias,no,2,planned,
othello-ssm-medium-expert-s1::d4_probing,eval,othello,ssm,medium,expert,championship games,1,d4_probing,no,2,planned,
othello-ssm-medium-expert-s1::fragility,eval,othello,ssm,medium,expert,championship games,1,fragility,no,2,planned,
othello-ssm-medium-expert-s2::d1_next_token,eval,othello,ssm,medium,expert,championship games,2,d1_next_token,no,3,planned,
othello-ssm-medium-expert-s2::d2_myhill_nerode,eval,othello,ssm,medium,expert,championship games,2,d2_myhill_nerode,no,3,planned,
othello-ssm-medium-expert-s2::d3_inductive_bias,eval,othello,ssm,medium,expert,championship games,2,d3_inductive_bias,no,3,planned,
othello-ssm-medium-expert-s2::d4_probing,eval,othello,ssm,medium,expert,championship games,2,d4_probing,no,3,planned,
othello-ssm-medium-expert-s2::fragility,eval,othello,ssm,medium,expert,championship games,2,fragility,no,3,planned,
othello-ssm-medium-noisy-s0::d1_next_token,eval,othello,ssm,medium,noisy,championship + random moves,0,d1_next_token,no,1,planned,
othello-ssm-medium-noisy-s0::d2_myhill_nerode,eval,othello,ssm,medium,noisy,championship + random moves,0,d2_myhill_nerode,no,1,planned,
othello-ssm-medium-noisy-s0::d3_inductive_bias,eval,othello,ssm,medium,noisy,championship + random moves,0,d3_inductive_bias,no,1,planned,
othello-ssm-medium-noisy-s0::d4_probing,eval,othello,ssm,medium,noisy,championship + random moves,0,d4_probing,no,1,planned,
othello-ssm-medium-noisy-s0::fragility,eval,othello,ssm,medium,noisy,championship + random moves,0,fragility,no,1,planned,
othello-ssm-medium-noisy-s1::d1_next_token,eval,othello,ssm,medium,noisy,championship + random moves,1,d1_next_token,no,2,planned,
othello-ssm-medium-noisy-s1::d2_myhill_nerode,eval,othello,ssm,medium,noisy,championship + random moves,1,d2_myhill_nerode,no,2,planned,
othello-ssm-medium-noisy-s1::d3_inductive_bias,eval,othello,ssm,medium,noisy,championship + random moves,1,d3_inductive_bias,no,2,planned,
othello-ssm-medium-noisy-s1::d4_probing,eval,othello,ssm,medium,noisy,championship + random moves,1,d4_probing,no,2,planned,
othello-ssm-medium-noisy-s1::fragility,eval,othello,ssm,medium,noisy,championship + random moves,1,fragility,no,2,planned,
othello-ssm-medium-noisy-s2::d1_next_token,eval,othello,ssm,medium,noisy,championship + random moves,2,d1_next_token,no,3,planned,
othello-ssm-medium-noisy-s2::d2_myhill_nerode,eval,othello,ssm,medium,noisy,championship + random moves,2,d2_myhill_nerode,no,3,planned,
othello-ssm-medium-noisy-s2::d3_inductive_bias,eval,othello,ssm,medium,noisy,championship + random moves,2,d3_inductive_bias,no,3,planned,
othello-ssm-medium-noisy-s2::d4_probing,eval,othello,ssm,medium,noisy,championship + random moves,2,d4_probing,no,3,planned,
othello-ssm-medium-noisy-s2::fragility,eval,othello,ssm,medium,noisy,championship + random moves,2,fragility,no,3,planned,
othello-ssm-medium-random-s0::d1_next_token,eval,othello,ssm,medium,random,random legal games,0,d1_next_token,no,1,planned,
othello-ssm-medium-random-s0::d2_myhill_nerode,eval,othello,ssm,medium,random,random legal games,0,d2_myhill_nerode,no,1,planned,
othello-ssm-medium-random-s0::d3_inductive_bias,eval,othello,ssm,medium,random,random legal games,0,d3_inductive_bias,no,1,planned,
othello-ssm-medium-random-s0::d4_probing,eval,othello,ssm,medium,random,random legal games,0,d4_probing,no,1,planned,
othello-ssm-medium-random-s0::fragility,eval,othello,ssm,medium,random,random legal games,0,fragility,no,1,planned,
othello-ssm-medium-random-s1::d1_next_token,eval,othello,ssm,medium,random,random legal games,1,d1_next_token,no,2,planned,
othello-ssm-medium-random-s1::d2_myhill_nerode,eval,othello,ssm,medium,random,random legal games,1,d2_myhill_nerode,no,2,planned,
othello-ssm-medium-random-s1::d3_inductive_bias,eval,othello,ssm,medium,random,random legal games,1,d3_inductive_bias,no,2,planned,
othello-ssm-medium-random-s1::d4_probing,eval,othello,ssm,medium,random,random legal games,1,d4_probing,no,2,planned,
othello-ssm-medium-random-s1::fragility,eval,othello,ssm,medium,random,random legal games,1,fragility,no,2,planned,
othello-ssm-medium-random-s2::d1_next_token,eval,othello,ssm,medium,random,random legal games,2,d1_next_token,no,3,planned,
othello-ssm-medium-random-s2::d2_myhill_nerode,eval,othello,ssm,medium,random,random legal games,2,d2_myhill_nerode,no,3,planned,
othello-ssm-medium-random-s2::d3_inductive_bias,eval,othello,ssm,medium,random,random legal games,2,d3_inductive_bias,no,3,planned,
othello-ssm-medium-random-s2::d4_probing,eval,othello,ssm,medium,random,random legal games,2,d4_probing,no,3,planned,
othello-ssm-medium-random-s2::fragility,eval,othello,ssm,medium,random,random legal games,2,fragility,no,3,planned,
othello-ssm-large-expert-s0::d1_next_token,eval,othello,ssm,large,expert,championship games,0,d1_next_token,no,3,planned,
othello-ssm-large-expert-s0::d2_myhill_nerode,eval,othello,ssm,large,expert,championship games,0,d2_myhill_nerode,no,3,planned,
othello-ssm-large-expert-s0::d3_inductive_bias,eval,othello,ssm,large,expert,championship games,0,d3_inductive_bias,no,3,planned,
othello-ssm-large-expert-s0::d4_probing,eval,othello,ssm,large,expert,championship games,0,d4_probing,no,3,planned,
othello-ssm-large-expert-s0::fragility,eval,othello,ssm,large,expert,championship games,0,fragility,no,3,planned,
othello-ssm-large-expert-s1::d1_next_token,eval,othello,ssm,large,expert,championship games,1,d1_next_token,no,3,planned,
othello-ssm-large-expert-s1::d2_myhill_nerode,eval,othello,ssm,large,expert,championship games,1,d2_myhill_nerode,no,3,planned,
othello-ssm-large-expert-s1::d3_inductive_bias,eval,othello,ssm,large,expert,championship games,1,d3_inductive_bias,no,3,planned,
othello-ssm-large-expert-s1::d4_probing,eval,othello,ssm,large,expert,championship games,1,d4_probing,no,3,planned,
othello-ssm-large-expert-s1::fragility,eval,othello,ssm,large,expert,championship games,1,fragility,no,3,planned,
othello-ssm-large-expert-s2::d1_next_token,eval,othello,ssm,large,expert,championship games,2,d1_next_token,no,3,planned,
othello-ssm-large-expert-s2::d2_myhill_nerode,eval,othello,ssm,large,expert,championship games,2,d2_myhill_nerode,no,3,planned,
othello-ssm-large-expert-s2::d3_inductive_bias,eval,othello,ssm,large,expert,championship games,2,d3_inductive_bias,no,3,planned,
othello-ssm-large-expert-s2::d4_probing,eval,othello,ssm,large,expert,championship games,2,d4_probing,no,3,planned,
othello-ssm-large-expert-s2::fragility,eval,othello,ssm,large,expert,championship games,2,fragility,no,3,planned,
othello-ssm-large-noisy-s0::d1_next_token,eval,othello,ssm,large,noisy,championship + random moves,0,d1_next_token,no,3,planned,
othello-ssm-large-noisy-s0::d2_myhill_nerode,eval,othello,ssm,large,noisy,championship + random moves,0,d2_myhill_nerode,no,3,planned,
othello-ssm-large-noisy-s0::d3_inductive_bias,eval,othello,ssm,large,noisy,championship + random moves,0,d3_inductive_bias,no,3,planned,
othello-ssm-large-noisy-s0::d4_probing,eval,othello,ssm,large,noisy,championship + random moves,0,d4_probing,no,3,planned,
othello-ssm-large-noisy-s0::fragility,eval,othello,ssm,large,noisy,championship + random moves,0,fragility,no,3,planned,
othello-ssm-large-noisy-s1::d1_next_token,eval,othello,ssm,large,noisy,championship + random moves,1,d1_next_token,no,3,planned,
othello-ssm-large-noisy-s1::d2_myhill_nerode,eval,othello,ssm,large,noisy,championship + random moves,1,d2_myhill_nerode,no,3,planned,
othello-ssm-large-noisy-s1::d3_inductive_bias,eval,othello,ssm,large,noisy,championship + random moves,1,d3_inductive_bias,no,3,planned,
othello-ssm-large-noisy-s1::d4_probing,eval,othello,ssm,large,noisy,championship + random moves,1,d4_probing,no,3,planned,
othello-ssm-large-noisy-s1::fragility,eval,othello,ssm,large,noisy,championship + random moves,1,fragility,no,3,planned,
othello-ssm-large-noisy-s2::d1_next_token,eval,othello,ssm,large,noisy,championship + random moves,2,d1_next_token,no,3,planned,
othello-ssm-large-noisy-s2::d2_myhill_nerode,eval,othello,ssm,large,noisy,championship + random moves,2,d2_myhill_nerode,no,3,planned,
othello-ssm-large-noisy-s2::d3_inductive_bias,eval,othello,ssm,large,noisy,championship + random moves,2,d3_inductive_bias,no,3,planned,
othello-ssm-large-noisy-s2::d4_probing,eval,othello,ssm,large,noisy,championship + random moves,2,d4_probing,no,3,planned,
othello-ssm-large-noisy-s2::fragility,eval,othello,ssm,large,noisy,championship + random moves,2,fragility,no,3,planned,
othello-ssm-large-random-s0::d1_next_token,eval,othello,ssm,large,random,random legal games,0,d1_next_token,no,3,planned,
othello-ssm-large-random-s0::d2_myhill_nerode,eval,othello,ssm,large,random,random legal games,0,d2_myhill_nerode,no,3,planned,
othello-ssm-large-random-s0::d3_inductive_bias,eval,othello,ssm,large,random,random legal games,0,d3_inductive_bias,no,3,planned,
othello-ssm-large-random-s0::d4_probing,eval,othello,ssm,large,random,random legal games,0,d4_probing,no,3,planned,
othello-ssm-large-random-s0::fragility,eval,othello,ssm,large,random,random legal games,0,fragility,no,3,planned,
othello-ssm-large-random-s1::d1_next_token,eval,othello,ssm,large,random,random legal games,1,d1_next_token,no,3,planned,
othello-ssm-large-random-s1::d2_myhill_nerode,eval,othello,ssm,large,random,random legal games,1,d2_myhill_nerode,no,3,planned,
othello-ssm-large-random-s1::d3_inductive_bias,eval,othello,ssm,large,random,random legal games,1,d3_inductive_bias,no,3,planned,
othello-ssm-large-random-s1::d4_probing,eval,othello,ssm,large,random,random legal games,1,d4_probing,no,3,planned,
othello-ssm-large-random-s1::fragility,eval,othello,ssm,large,random,random legal games,1,fragility,no,3,planned,
othello-ssm-large-random-s2::d1_next_token,eval,othello,ssm,large,random,random legal games,2,d1_next_token,no,3,planned,
othello-ssm-large-random-s2::d2_myhill_nerode,eval,othello,ssm,large,random,random legal games,2,d2_myhill_nerode,no,3,planned,
othello-ssm-large-random-s2::d3_inductive_bias,eval,othello,ssm,large,random,random legal games,2,d3_inductive_bias,no,3,planned,
othello-ssm-large-random-s2::d4_probing,eval,othello,ssm,large,random,random legal games,2,d4_probing,no,3,planned,
othello-ssm-large-random-s2::fragility,eval,othello,ssm,large,random,random legal games,2,fragility,no,3,planned,
othello-lstm-small-expert-s0::d1_next_token,eval,othello,lstm,small,expert,championship games,0,d1_next_token,yes,4,planned,
othello-lstm-small-expert-s0::d2_myhill_nerode,eval,othello,lstm,small,expert,championship games,0,d2_myhill_nerode,yes,4,planned,
othello-lstm-small-expert-s0::d3_inductive_bias,eval,othello,lstm,small,expert,championship games,0,d3_inductive_bias,yes,4,planned,
othello-lstm-small-expert-s0::d4_probing,eval,othello,lstm,small,expert,championship games,0,d4_probing,yes,4,planned,
othello-lstm-small-expert-s0::fragility,eval,othello,lstm,small,expert,championship games,0,fragility,yes,4,planned,
othello-lstm-small-expert-s1::d1_next_token,eval,othello,lstm,small,expert,championship games,1,d1_next_token,yes,4,planned,
othello-lstm-small-expert-s1::d2_myhill_nerode,eval,othello,lstm,small,expert,championship games,1,d2_myhill_nerode,yes,4,planned,
othello-lstm-small-expert-s1::d3_inductive_bias,eval,othello,lstm,small,expert,championship games,1,d3_inductive_bias,yes,4,planned,
othello-lstm-small-expert-s1::d4_probing,eval,othello,lstm,small,expert,championship games,1,d4_probing,yes,4,planned,
othello-lstm-small-expert-s1::fragility,eval,othello,lstm,small,expert,championship games,1,fragility,yes,4,planned,
othello-lstm-small-expert-s2::d1_next_token,eval,othello,lstm,small,expert,championship games,2,d1_next_token,yes,4,planned,
othello-lstm-small-expert-s2::d2_myhill_nerode,eval,othello,lstm,small,expert,championship games,2,d2_myhill_nerode,yes,4,planned,
othello-lstm-small-expert-s2::d3_inductive_bias,eval,othello,lstm,small,expert,championship games,2,d3_inductive_bias,yes,4,planned,
othello-lstm-small-expert-s2::d4_probing,eval,othello,lstm,small,expert,championship games,2,d4_probing,yes,4,planned,
othello-lstm-small-expert-s2::fragility,eval,othello,lstm,small,expert,championship games,2,fragility,yes,4,planned,
othello-lstm-small-noisy-s0::d1_next_token,eval,othello,lstm,small,noisy,championship + random moves,0,d1_next_token,yes,4,planned,
othello-lstm-small-noisy-s0::d2_myhill_nerode,eval,othello,lstm,small,noisy,championship + random moves,0,d2_myhill_nerode,yes,4,planned,
othello-lstm-small-noisy-s0::d3_inductive_bias,eval,othello,lstm,small,noisy,championship + random moves,0,d3_inductive_bias,yes,4,planned,
othello-lstm-small-noisy-s0::d4_probing,eval,othello,lstm,small,noisy,championship + random moves,0,d4_probing,yes,4,planned,
othello-lstm-small-noisy-s0::fragility,eval,othello,lstm,small,noisy,championship + random moves,0,fragility,yes,4,planned,
othello-lstm-small-noisy-s1::d1_next_token,eval,othello,lstm,small,noisy,championship + random moves,1,d1_next_token,yes,4,planned,
othello-lstm-small-noisy-s1::d2_myhill_nerode,eval,othello,lstm,small,noisy,championship + random moves,1,d2_myhill_nerode,yes,4,planned,
othello-lstm-small-noisy-s1::d3_inductive_bias,eval,othello,lstm,small,noisy,championship + random moves,1,d3_inductive_bias,yes,4,planned,
othello-lstm-small-noisy-s1::d4_probing,eval,othello,lstm,small,noisy,championship + random moves,1,d4_probing,yes,4,planned,
othello-lstm-small-noisy-s1::fragility,eval,othello,lstm,small,noisy,championship + random moves,1,fragility,yes,4,planned,
othello-lstm-small-noisy-s2::d1_next_token,eval,othello,lstm,small,noisy,championship + random moves,2,d1_next_token,yes,4,planned,
othello-lstm-small-noisy-s2::d2_myhill_nerode,eval,othello,lstm,small,noisy,championship + random moves,2,d2_myhill_nerode,yes,4,planned,
othello-lstm-small-noisy-s2::d3_inductive_bias,eval,othello,lstm,small,noisy,championship + random moves,2,d3_inductive_bias,yes,4,planned,
othello-lstm-small-noisy-s2::d4_probing,eval,othello,lstm,small,noisy,championship + random moves,2,d4_probing,yes,4,planned,
othello-lstm-small-noisy-s2::fragility,eval,othello,lstm,small,noisy,championship + random moves,2,fragility,yes,4,planned,
othello-lstm-small-random-s0::d1_next_token,eval,othello,lstm,small,random,random legal games,0,d1_next_token,yes,4,planned,
othello-lstm-small-random-s0::d2_myhill_nerode,eval,othello,lstm,small,random,random legal games,0,d2_myhill_nerode,yes,4,planned,
othello-lstm-small-random-s0::d3_inductive_bias,eval,othello,lstm,small,random,random legal games,0,d3_inductive_bias,yes,4,planned,
othello-lstm-small-random-s0::d4_probing,eval,othello,lstm,small,random,random legal games,0,d4_probing,yes,4,planned,
othello-lstm-small-random-s0::fragility,eval,othello,lstm,small,random,random legal games,0,fragility,yes,4,planned,
othello-lstm-small-random-s1::d1_next_token,eval,othello,lstm,small,random,random legal games,1,d1_next_token,yes,4,planned,
othello-lstm-small-random-s1::d2_myhill_nerode,eval,othello,lstm,small,random,random legal games,1,d2_myhill_nerode,yes,4,planned,
othello-lstm-small-random-s1::d3_inductive_bias,eval,othello,lstm,small,random,random legal games,1,d3_inductive_bias,yes,4,planned,
othello-lstm-small-random-s1::d4_probing,eval,othello,lstm,small,random,random legal games,1,d4_probing,yes,4,planned,
othello-lstm-small-random-s1::fragility,eval,othello,lstm,small,random,random legal games,1,fragility,yes,4,planned,
othello-lstm-small-random-s2::d1_next_token,eval,othello,lstm,small,random,random legal games,2,d1_next_token,yes,4,planned,
othello-lstm-small-random-s2::d2_myhill_nerode,eval,othello,lstm,small,random,random legal games,2,d2_myhill_nerode,yes,4,planned,
othello-lstm-small-random-s2::d3_inductive_bias,eval,othello,lstm,small,random,random legal games,2,d3_inductive_bias,yes,4,planned,
othello-lstm-small-random-s2::d4_probing,eval,othello,lstm,small,random,random legal games,2,d4_probing,yes,4,planned,
othello-lstm-small-random-s2::fragility,eval,othello,lstm,small,random,random legal games,2,fragility,yes,4,planned,
othello-lstm-medium-expert-s0::d1_next_token,eval,othello,lstm,medium,expert,championship games,0,d1_next_token,yes,4,planned,
othello-lstm-medium-expert-s0::d2_myhill_nerode,eval,othello,lstm,medium,expert,championship games,0,d2_myhill_nerode,yes,4,planned,
othello-lstm-medium-expert-s0::d3_inductive_bias,eval,othello,lstm,medium,expert,championship games,0,d3_inductive_bias,yes,4,planned,
othello-lstm-medium-expert-s0::d4_probing,eval,othello,lstm,medium,expert,championship games,0,d4_probing,yes,4,planned,
othello-lstm-medium-expert-s0::fragility,eval,othello,lstm,medium,expert,championship games,0,fragility,yes,4,planned,
othello-lstm-medium-expert-s1::d1_next_token,eval,othello,lstm,medium,expert,championship games,1,d1_next_token,yes,4,planned,
othello-lstm-medium-expert-s1::d2_myhill_nerode,eval,othello,lstm,medium,expert,championship games,1,d2_myhill_nerode,yes,4,planned,
othello-lstm-medium-expert-s1::d3_inductive_bias,eval,othello,lstm,medium,expert,championship games,1,d3_inductive_bias,yes,4,planned,
othello-lstm-medium-expert-s1::d4_probing,eval,othello,lstm,medium,expert,championship games,1,d4_probing,yes,4,planned,
othello-lstm-medium-expert-s1::fragility,eval,othello,lstm,medium,expert,championship games,1,fragility,yes,4,planned,
othello-lstm-medium-expert-s2::d1_next_token,eval,othello,lstm,medium,expert,championship games,2,d1_next_token,yes,4,planned,
othello-lstm-medium-expert-s2::d2_myhill_nerode,eval,othello,lstm,medium,expert,championship games,2,d2_myhill_nerode,yes,4,planned,
othello-lstm-medium-expert-s2::d3_inductive_bias,eval,othello,lstm,medium,expert,championship games,2,d3_inductive_bias,yes,4,planned,
othello-lstm-medium-expert-s2::d4_probing,eval,othello,lstm,medium,expert,championship games,2,d4_probing,yes,4,planned,
othello-lstm-medium-expert-s2::fragility,eval,othello,lstm,medium,expert,championship games,2,fragility,yes,4,planned,
othello-lstm-medium-noisy-s0::d1_next_token,eval,othello,lstm,medium,noisy,championship + random moves,0,d1_next_token,yes,4,planned,
othello-lstm-medium-noisy-s0::d2_myhill_nerode,eval,othello,lstm,medium,noisy,championship + random moves,0,d2_myhill_nerode,yes,4,planned,
othello-lstm-medium-noisy-s0::d3_inductive_bias,eval,othello,lstm,medium,noisy,championship + random moves,0,d3_inductive_bias,yes,4,planned,
othello-lstm-medium-noisy-s0::d4_probing,eval,othello,lstm,medium,noisy,championship + random moves,0,d4_probing,yes,4,planned,
othello-lstm-medium-noisy-s0::fragility,eval,othello,lstm,medium,noisy,championship + random moves,0,fragility,yes,4,planned,
othello-lstm-medium-noisy-s1::d1_next_token,eval,othello,lstm,medium,noisy,championship + random moves,1,d1_next_token,yes,4,planned,
othello-lstm-medium-noisy-s1::d2_myhill_nerode,eval,othello,lstm,medium,noisy,championship + random moves,1,d2_myhill_nerode,yes,4,planned,
othello-lstm-medium-noisy-s1::d3_inductive_bias,eval,othello,lstm,medium,noisy,championship + random moves,1,d3_inductive_bias,yes,4,planned,
othello-lstm-medium-noisy-s1::d4_probing,eval,othello,lstm,medium,noisy,championship + random moves,1,d4_probing,yes,4,planned,
othello-lstm-medium-noisy-s1::fragility,eval,othello,lstm,medium,noisy,championship + random moves,1,fragility,yes,4,planned,
othello-lstm-medium-noisy-s2::d1_next_token,eval,othello,lstm,medium,noisy,championship + random moves,2,d1_next_token,yes,4,planned,
othello-lstm-medium-noisy-s2::d2_myhill_nerode,eval,othello,lstm,medium,noisy,championship + random moves,2,d2_myhill_nerode,yes,4,planned,
othello-lstm-medium-noisy-s2::d3_inductive_bias,eval,othello,lstm,medium,noisy,championship + random moves,2,d3_inductive_bias,yes,4,planned,
othello-lstm-medium-noisy-s2::d4_probing,eval,othello,lstm,medium,noisy,championship + random moves,2,d4_probing,yes,4,planned,
othello-lstm-medium-noisy-s2::fragility,eval,othello,lstm,medium,noisy,championship + random moves,2,fragility,yes,4,planned,
othello-lstm-medium-random-s0::d1_next_token,eval,othello,lstm,medium,random,random legal games,0,d1_next_token,yes,4,planned,
othello-lstm-medium-random-s0::d2_myhill_nerode,eval,othello,lstm,medium,random,random legal games,0,d2_myhill_nerode,yes,4,planned,
othello-lstm-medium-random-s0::d3_inductive_bias,eval,othello,lstm,medium,random,random legal games,0,d3_inductive_bias,yes,4,planned,
othello-lstm-medium-random-s0::d4_probing,eval,othello,lstm,medium,random,random legal games,0,d4_probing,yes,4,planned,
othello-lstm-medium-random-s0::fragility,eval,othello,lstm,medium,random,random legal games,0,fragility,yes,4,planned,
othello-lstm-medium-random-s1::d1_next_token,eval,othello,lstm,medium,random,random legal games,1,d1_next_token,yes,4,planned,
othello-lstm-medium-random-s1::d2_myhill_nerode,eval,othello,lstm,medium,random,random legal games,1,d2_myhill_nerode,yes,4,planned,
othello-lstm-medium-random-s1::d3_inductive_bias,eval,othello,lstm,medium,random,random legal games,1,d3_inductive_bias,yes,4,planned,
othello-lstm-medium-random-s1::d4_probing,eval,othello,lstm,medium,random,random legal games,1,d4_probing,yes,4,planned,
othello-lstm-medium-random-s1::fragility,eval,othello,lstm,medium,random,random legal games,1,fragility,yes,4,planned,
othello-lstm-medium-random-s2::d1_next_token,eval,othello,lstm,medium,random,random legal games,2,d1_next_token,yes,4,planned,
othello-lstm-medium-random-s2::d2_myhill_nerode,eval,othello,lstm,medium,random,random legal games,2,d2_myhill_nerode,yes,4,planned,
othello-lstm-medium-random-s2::d3_inductive_bias,eval,othello,lstm,medium,random,random legal games,2,d3_inductive_bias,yes,4,planned,
othello-lstm-medium-random-s2::d4_probing,eval,othello,lstm,medium,random,random legal games,2,d4_probing,yes,4,planned,
othello-lstm-medium-random-s2::fragility,eval,othello,lstm,medium,random,random legal games,2,fragility,yes,4,planned,
othello-lstm-large-expert-s0::d1_next_token,eval,othello,lstm,large,expert,championship games,0,d1_next_token,yes,4,planned,
othello-lstm-large-expert-s0::d2_myhill_nerode,eval,othello,lstm,large,expert,championship games,0,d2_myhill_nerode,yes,4,planned,
othello-lstm-large-expert-s0::d3_inductive_bias,eval,othello,lstm,large,expert,championship games,0,d3_inductive_bias,yes,4,planned,
othello-lstm-large-expert-s0::d4_probing,eval,othello,lstm,large,expert,championship games,0,d4_probing,yes,4,planned,
othello-lstm-large-expert-s0::fragility,eval,othello,lstm,large,expert,championship games,0,fragility,yes,4,planned,
othello-lstm-large-expert-s1::d1_next_token,eval,othello,lstm,large,expert,championship games,1,d1_next_token,yes,4,planned,
othello-lstm-large-expert-s1::d2_myhill_nerode,eval,othello,lstm,large,expert,championship games,1,d2_myhill_nerode,yes,4,planned,
othello-lstm-large-expert-s1::d3_inductive_bias,eval,othello,lstm,large,expert,championship games,1,d3_inductive_bias,yes,4,planned,
othello-lstm-large-expert-s1::d4_probing,eval,othello,lstm,large,expert,championship games,1,d4_probing,yes,4,planned,
othello-lstm-large-expert-s1::fragility,eval,othello,lstm,large,expert,championship games,1,fragility,yes,4,planned,
othello-lstm-large-expert-s2::d1_next_token,eval,othello,lstm,large,expert,championship games,2,d1_next_token,yes,4,planned,
othello-lstm-large-expert-s2::d2_myhill_nerode,eval,othello,lstm,large,expert,championship games,2,d2_myhill_nerode,yes,4,planned,
othello-lstm-large-expert-s2::d3_inductive_bias,eval,othello,lstm,large,expert,championship games,2,d3_inductive_bias,yes,4,planned,
othello-lstm-large-expert-s2::d4_probing,eval,othello,lstm,large,expert,championship games,2,d4_probing,yes,4,planned,
othello-lstm-large-expert-s2::fragility,eval,othello,lstm,large,expert,championship games,2,fragility,yes,4,planned,
othello-lstm-large-noisy-s0::d1_next_token,eval,othello,lstm,large,noisy,championship + random moves,0,d1_next_token,yes,4,planned,
othello-lstm-large-noisy-s0::d2_myhill_nerode,eval,othello,lstm,large,noisy,championship + random moves,0,d2_myhill_nerode,yes,4,planned,
othello-lstm-large-noisy-s0::d3_inductive_bias,eval,othello,lstm,large,noisy,championship + random moves,0,d3_inductive_bias,yes,4,planned,
othello-lstm-large-noisy-s0::d4_probing,eval,othello,lstm,large,noisy,championship + random moves,0,d4_probing,yes,4,planned,
othello-lstm-large-noisy-s0::fragility,eval,othello,lstm,large,noisy,championship + random moves,0,fragility,yes,4,planned,
othello-lstm-large-noisy-s1::d1_next_token,eval,othello,lstm,large,noisy,championship + random moves,1,d1_next_token,yes,4,planned,
othello-lstm-large-noisy-s1::d2_myhill_nerode,eval,othello,lstm,large,noisy,championship + random moves,1,d2_myhill_nerode,yes,4,planned,
othello-lstm-large-noisy-s1::d3_inductive_bias,eval,othello,lstm,large,noisy,championship + random moves,1,d3_inductive_bias,yes,4,planned,
othello-lstm-large-noisy-s1::d4_probing,eval,othello,lstm,large,noisy,championship + random moves,1,d4_probing,yes,4,planned,
othello-lstm-large-noisy-s1::fragility,eval,othello,lstm,large,noisy,championship + random moves,1,fragility,yes,4,planned,
othello-lstm-large-noisy-s2::d1_next_token,eval,othello,lstm,large,noisy,championship + random moves,2,d1_next_token,yes,4,planned,
othello-lstm-large-noisy-s2::d2_myhill_nerode,eval,othello,lstm,large,noisy,championship + random moves,2,d2_myhill_nerode,yes,4,planned,
othello-lstm-large-noisy-s2::d3_inductive_bias,eval,othello,lstm,large,noisy,championship + random moves,2,d3_inductive_bias,yes,4,planned,
othello-lstm-large-noisy-s2::d4_probing,eval,othello,lstm,large,noisy,championship + random moves,2,d4_probing,yes,4,planned,
othello-lstm-large-noisy-s2::fragility,eval,othello,lstm,large,noisy,championship + random moves,2,fragility,yes,4,planned,
othello-lstm-large-random-s0::d1_next_token,eval,othello,lstm,large,random,random legal games,0,d1_next_token,yes,4,planned,
othello-lstm-large-random-s0::d2_myhill_nerode,eval,othello,lstm,large,random,random legal games,0,d2_myhill_nerode,yes,4,planned,
othello-lstm-large-random-s0::d3_inductive_bias,eval,othello,lstm,large,random,random legal games,0,d3_inductive_bias,yes,4,planned,
othello-lstm-large-random-s0::d4_probing,eval,othello,lstm,large,random,random legal games,0,d4_probing,yes,4,planned,
othello-lstm-large-random-s0::fragility,eval,othello,lstm,large,random,random legal games,0,fragility,yes,4,planned,
othello-lstm-large-random-s1::d1_next_token,eval,othello,lstm,large,random,random legal games,1,d1_next_token,yes,4,planned,
othello-lstm-large-random-s1::d2_myhill_nerode,eval,othello,lstm,large,random,random legal games,1,d2_myhill_nerode,yes,4,planned,
othello-lstm-large-random-s1::d3_inductive_bias,eval,othello,lstm,large,random,random legal games,1,d3_inductive_bias,yes,4,planned,
othello-lstm-large-random-s1::d4_probing,eval,othello,lstm,large,random,random legal games,1,d4_probing,yes,4,planned,
othello-lstm-large-random-s1::fragility,eval,othello,lstm,large,random,random legal games,1,fragility,yes,4,planned,
othello-lstm-large-random-s2::d1_next_token,eval,othello,lstm,large,random,random legal games,2,d1_next_token,yes,4,planned,
othello-lstm-large-random-s2::d2_myhill_nerode,eval,othello,lstm,large,random,random legal games,2,d2_myhill_nerode,yes,4,planned,
othello-lstm-large-random-s2::d3_inductive_bias,eval,othello,lstm,large,random,random legal games,2,d3_inductive_bias,yes,4,planned,
othello-lstm-large-random-s2::d4_probing,eval,othello,lstm,large,random,random legal games,2,d4_probing,yes,4,planned,
othello-lstm-large-random-s2::fragility,eval,othello,lstm,large,random,random legal games,2,fragility,yes,4,planned,
connect4-transformer-small-expert-s0::d1_next_token,eval,connect4,transformer,small,expert,minimax play,0,d1_next_token,no,2,planned,
connect4-transformer-small-expert-s0::d2_myhill_nerode,eval,connect4,transformer,small,expert,minimax play,0,d2_myhill_nerode,no,2,planned,
connect4-transformer-small-expert-s0::d3_inductive_bias,eval,connect4,transformer,small,expert,minimax play,0,d3_inductive_bias,no,2,planned,
connect4-transformer-small-expert-s0::d4_probing,eval,connect4,transformer,small,expert,minimax play,0,d4_probing,no,2,planned,
connect4-transformer-small-expert-s0::fragility,eval,connect4,transformer,small,expert,minimax play,0,fragility,no,2,planned,
connect4-transformer-small-expert-s1::d1_next_token,eval,connect4,transformer,small,expert,minimax play,1,d1_next_token,no,2,planned,
connect4-transformer-small-expert-s1::d2_myhill_nerode,eval,connect4,transformer,small,expert,minimax play,1,d2_myhill_nerode,no,2,planned,
connect4-transformer-small-expert-s1::d3_inductive_bias,eval,connect4,transformer,small,expert,minimax play,1,d3_inductive_bias,no,2,planned,
connect4-transformer-small-expert-s1::d4_probing,eval,connect4,transformer,small,expert,minimax play,1,d4_probing,no,2,planned,
connect4-transformer-small-expert-s1::fragility,eval,connect4,transformer,small,expert,minimax play,1,fragility,no,2,planned,
connect4-transformer-small-expert-s2::d1_next_token,eval,connect4,transformer,small,expert,minimax play,2,d1_next_token,no,3,planned,
connect4-transformer-small-expert-s2::d2_myhill_nerode,eval,connect4,transformer,small,expert,minimax play,2,d2_myhill_nerode,no,3,planned,
connect4-transformer-small-expert-s2::d3_inductive_bias,eval,connect4,transformer,small,expert,minimax play,2,d3_inductive_bias,no,3,planned,
connect4-transformer-small-expert-s2::d4_probing,eval,connect4,transformer,small,expert,minimax play,2,d4_probing,no,3,planned,
connect4-transformer-small-expert-s2::fragility,eval,connect4,transformer,small,expert,minimax play,2,fragility,no,3,planned,
connect4-transformer-small-noisy-s0::d1_next_token,eval,connect4,transformer,small,noisy,minimax + random moves,0,d1_next_token,no,2,planned,
connect4-transformer-small-noisy-s0::d2_myhill_nerode,eval,connect4,transformer,small,noisy,minimax + random moves,0,d2_myhill_nerode,no,2,planned,
connect4-transformer-small-noisy-s0::d3_inductive_bias,eval,connect4,transformer,small,noisy,minimax + random moves,0,d3_inductive_bias,no,2,planned,
connect4-transformer-small-noisy-s0::d4_probing,eval,connect4,transformer,small,noisy,minimax + random moves,0,d4_probing,no,2,planned,
connect4-transformer-small-noisy-s0::fragility,eval,connect4,transformer,small,noisy,minimax + random moves,0,fragility,no,2,planned,
connect4-transformer-small-noisy-s1::d1_next_token,eval,connect4,transformer,small,noisy,minimax + random moves,1,d1_next_token,no,2,planned,
connect4-transformer-small-noisy-s1::d2_myhill_nerode,eval,connect4,transformer,small,noisy,minimax + random moves,1,d2_myhill_nerode,no,2,planned,
connect4-transformer-small-noisy-s1::d3_inductive_bias,eval,connect4,transformer,small,noisy,minimax + random moves,1,d3_inductive_bias,no,2,planned,
connect4-transformer-small-noisy-s1::d4_probing,eval,connect4,transformer,small,noisy,minimax + random moves,1,d4_probing,no,2,planned,
connect4-transformer-small-noisy-s1::fragility,eval,connect4,transformer,small,noisy,minimax + random moves,1,fragility,no,2,planned,
connect4-transformer-small-noisy-s2::d1_next_token,eval,connect4,transformer,small,noisy,minimax + random moves,2,d1_next_token,no,3,planned,
connect4-transformer-small-noisy-s2::d2_myhill_nerode,eval,connect4,transformer,small,noisy,minimax + random moves,2,d2_myhill_nerode,no,3,planned,
connect4-transformer-small-noisy-s2::d3_inductive_bias,eval,connect4,transformer,small,noisy,minimax + random moves,2,d3_inductive_bias,no,3,planned,
connect4-transformer-small-noisy-s2::d4_probing,eval,connect4,transformer,small,noisy,minimax + random moves,2,d4_probing,no,3,planned,
connect4-transformer-small-noisy-s2::fragility,eval,connect4,transformer,small,noisy,minimax + random moves,2,fragility,no,3,planned,
connect4-transformer-small-random-s0::d1_next_token,eval,connect4,transformer,small,random,random legal games,0,d1_next_token,no,2,planned,
connect4-transformer-small-random-s0::d2_myhill_nerode,eval,connect4,transformer,small,random,random legal games,0,d2_myhill_nerode,no,2,planned,
connect4-transformer-small-random-s0::d3_inductive_bias,eval,connect4,transformer,small,random,random legal games,0,d3_inductive_bias,no,2,planned,
connect4-transformer-small-random-s0::d4_probing,eval,connect4,transformer,small,random,random legal games,0,d4_probing,no,2,planned,
connect4-transformer-small-random-s0::fragility,eval,connect4,transformer,small,random,random legal games,0,fragility,no,2,planned,
connect4-transformer-small-random-s1::d1_next_token,eval,connect4,transformer,small,random,random legal games,1,d1_next_token,no,2,planned,
connect4-transformer-small-random-s1::d2_myhill_nerode,eval,connect4,transformer,small,random,random legal games,1,d2_myhill_nerode,no,2,planned,
connect4-transformer-small-random-s1::d3_inductive_bias,eval,connect4,transformer,small,random,random legal games,1,d3_inductive_bias,no,2,planned,
connect4-transformer-small-random-s1::d4_probing,eval,connect4,transformer,small,random,random legal games,1,d4_probing,no,2,planned,
connect4-transformer-small-random-s1::fragility,eval,connect4,transformer,small,random,random legal games,1,fragility,no,2,planned,
connect4-transformer-small-random-s2::d1_next_token,eval,connect4,transformer,small,random,random legal games,2,d1_next_token,no,3,planned,
connect4-transformer-small-random-s2::d2_myhill_nerode,eval,connect4,transformer,small,random,random legal games,2,d2_myhill_nerode,no,3,planned,
connect4-transformer-small-random-s2::d3_inductive_bias,eval,connect4,transformer,small,random,random legal games,2,d3_inductive_bias,no,3,planned,
connect4-transformer-small-random-s2::d4_probing,eval,connect4,transformer,small,random,random legal games,2,d4_probing,no,3,planned,
connect4-transformer-small-random-s2::fragility,eval,connect4,transformer,small,random,random legal games,2,fragility,no,3,planned,
connect4-transformer-medium-expert-s0::d1_next_token,eval,connect4,transformer,medium,expert,minimax play,0,d1_next_token,no,1,planned,
connect4-transformer-medium-expert-s0::d2_myhill_nerode,eval,connect4,transformer,medium,expert,minimax play,0,d2_myhill_nerode,no,1,planned,
connect4-transformer-medium-expert-s0::d3_inductive_bias,eval,connect4,transformer,medium,expert,minimax play,0,d3_inductive_bias,no,1,planned,
connect4-transformer-medium-expert-s0::d4_probing,eval,connect4,transformer,medium,expert,minimax play,0,d4_probing,no,1,planned,
connect4-transformer-medium-expert-s0::fragility,eval,connect4,transformer,medium,expert,minimax play,0,fragility,no,1,planned,
connect4-transformer-medium-expert-s1::d1_next_token,eval,connect4,transformer,medium,expert,minimax play,1,d1_next_token,no,2,planned,
connect4-transformer-medium-expert-s1::d2_myhill_nerode,eval,connect4,transformer,medium,expert,minimax play,1,d2_myhill_nerode,no,2,planned,
connect4-transformer-medium-expert-s1::d3_inductive_bias,eval,connect4,transformer,medium,expert,minimax play,1,d3_inductive_bias,no,2,planned,
connect4-transformer-medium-expert-s1::d4_probing,eval,connect4,transformer,medium,expert,minimax play,1,d4_probing,no,2,planned,
connect4-transformer-medium-expert-s1::fragility,eval,connect4,transformer,medium,expert,minimax play,1,fragility,no,2,planned,
connect4-transformer-medium-expert-s2::d1_next_token,eval,connect4,transformer,medium,expert,minimax play,2,d1_next_token,no,3,planned,
connect4-transformer-medium-expert-s2::d2_myhill_nerode,eval,connect4,transformer,medium,expert,minimax play,2,d2_myhill_nerode,no,3,planned,
connect4-transformer-medium-expert-s2::d3_inductive_bias,eval,connect4,transformer,medium,expert,minimax play,2,d3_inductive_bias,no,3,planned,
connect4-transformer-medium-expert-s2::d4_probing,eval,connect4,transformer,medium,expert,minimax play,2,d4_probing,no,3,planned,
connect4-transformer-medium-expert-s2::fragility,eval,connect4,transformer,medium,expert,minimax play,2,fragility,no,3,planned,
connect4-transformer-medium-noisy-s0::d1_next_token,eval,connect4,transformer,medium,noisy,minimax + random moves,0,d1_next_token,no,1,planned,
connect4-transformer-medium-noisy-s0::d2_myhill_nerode,eval,connect4,transformer,medium,noisy,minimax + random moves,0,d2_myhill_nerode,no,1,planned,
connect4-transformer-medium-noisy-s0::d3_inductive_bias,eval,connect4,transformer,medium,noisy,minimax + random moves,0,d3_inductive_bias,no,1,planned,
connect4-transformer-medium-noisy-s0::d4_probing,eval,connect4,transformer,medium,noisy,minimax + random moves,0,d4_probing,no,1,planned,
connect4-transformer-medium-noisy-s0::fragility,eval,connect4,transformer,medium,noisy,minimax + random moves,0,fragility,no,1,planned,
connect4-transformer-medium-noisy-s1::d1_next_token,eval,connect4,transformer,medium,noisy,minimax + random moves,1,d1_next_token,no,2,planned,
connect4-transformer-medium-noisy-s1::d2_myhill_nerode,eval,connect4,transformer,medium,noisy,minimax + random moves,1,d2_myhill_nerode,no,2,planned,
connect4-transformer-medium-noisy-s1::d3_inductive_bias,eval,connect4,transformer,medium,noisy,minimax + random moves,1,d3_inductive_bias,no,2,planned,
connect4-transformer-medium-noisy-s1::d4_probing,eval,connect4,transformer,medium,noisy,minimax + random moves,1,d4_probing,no,2,planned,
connect4-transformer-medium-noisy-s1::fragility,eval,connect4,transformer,medium,noisy,minimax + random moves,1,fragility,no,2,planned,
connect4-transformer-medium-noisy-s2::d1_next_token,eval,connect4,transformer,medium,noisy,minimax + random moves,2,d1_next_token,no,3,planned,
connect4-transformer-medium-noisy-s2::d2_myhill_nerode,eval,connect4,transformer,medium,noisy,minimax + random moves,2,d2_myhill_nerode,no,3,planned,
connect4-transformer-medium-noisy-s2::d3_inductive_bias,eval,connect4,transformer,medium,noisy,minimax + random moves,2,d3_inductive_bias,no,3,planned,
connect4-transformer-medium-noisy-s2::d4_probing,eval,connect4,transformer,medium,noisy,minimax + random moves,2,d4_probing,no,3,planned,
connect4-transformer-medium-noisy-s2::fragility,eval,connect4,transformer,medium,noisy,minimax + random moves,2,fragility,no,3,planned,
connect4-transformer-medium-random-s0::d1_next_token,eval,connect4,transformer,medium,random,random legal games,0,d1_next_token,no,1,planned,
connect4-transformer-medium-random-s0::d2_myhill_nerode,eval,connect4,transformer,medium,random,random legal games,0,d2_myhill_nerode,no,1,planned,
connect4-transformer-medium-random-s0::d3_inductive_bias,eval,connect4,transformer,medium,random,random legal games,0,d3_inductive_bias,no,1,planned,
connect4-transformer-medium-random-s0::d4_probing,eval,connect4,transformer,medium,random,random legal games,0,d4_probing,no,1,planned,
connect4-transformer-medium-random-s0::fragility,eval,connect4,transformer,medium,random,random legal games,0,fragility,no,1,planned,
connect4-transformer-medium-random-s1::d1_next_token,eval,connect4,transformer,medium,random,random legal games,1,d1_next_token,no,2,planned,
connect4-transformer-medium-random-s1::d2_myhill_nerode,eval,connect4,transformer,medium,random,random legal games,1,d2_myhill_nerode,no,2,planned,
connect4-transformer-medium-random-s1::d3_inductive_bias,eval,connect4,transformer,medium,random,random legal games,1,d3_inductive_bias,no,2,planned,
connect4-transformer-medium-random-s1::d4_probing,eval,connect4,transformer,medium,random,random legal games,1,d4_probing,no,2,planned,
connect4-transformer-medium-random-s1::fragility,eval,connect4,transformer,medium,random,random legal games,1,fragility,no,2,planned,
connect4-transformer-medium-random-s2::d1_next_token,eval,connect4,transformer,medium,random,random legal games,2,d1_next_token,no,3,planned,
connect4-transformer-medium-random-s2::d2_myhill_nerode,eval,connect4,transformer,medium,random,random legal games,2,d2_myhill_nerode,no,3,planned,
connect4-transformer-medium-random-s2::d3_inductive_bias,eval,connect4,transformer,medium,random,random legal games,2,d3_inductive_bias,no,3,planned,
connect4-transformer-medium-random-s2::d4_probing,eval,connect4,transformer,medium,random,random legal games,2,d4_probing,no,3,planned,
connect4-transformer-medium-random-s2::fragility,eval,connect4,transformer,medium,random,random legal games,2,fragility,no,3,planned,
connect4-transformer-large-expert-s0::d1_next_token,eval,connect4,transformer,large,expert,minimax play,0,d1_next_token,no,3,planned,
connect4-transformer-large-expert-s0::d2_myhill_nerode,eval,connect4,transformer,large,expert,minimax play,0,d2_myhill_nerode,no,3,planned,
connect4-transformer-large-expert-s0::d3_inductive_bias,eval,connect4,transformer,large,expert,minimax play,0,d3_inductive_bias,no,3,planned,
connect4-transformer-large-expert-s0::d4_probing,eval,connect4,transformer,large,expert,minimax play,0,d4_probing,no,3,planned,
connect4-transformer-large-expert-s0::fragility,eval,connect4,transformer,large,expert,minimax play,0,fragility,no,3,planned,
connect4-transformer-large-expert-s1::d1_next_token,eval,connect4,transformer,large,expert,minimax play,1,d1_next_token,no,3,planned,
connect4-transformer-large-expert-s1::d2_myhill_nerode,eval,connect4,transformer,large,expert,minimax play,1,d2_myhill_nerode,no,3,planned,
connect4-transformer-large-expert-s1::d3_inductive_bias,eval,connect4,transformer,large,expert,minimax play,1,d3_inductive_bias,no,3,planned,
connect4-transformer-large-expert-s1::d4_probing,eval,connect4,transformer,large,expert,minimax play,1,d4_probing,no,3,planned,
connect4-transformer-large-expert-s1::fragility,eval,connect4,transformer,large,expert,minimax play,1,fragility,no,3,planned,
connect4-transformer-large-expert-s2::d1_next_token,eval,connect4,transformer,large,expert,minimax play,2,d1_next_token,no,3,planned,
connect4-transformer-large-expert-s2::d2_myhill_nerode,eval,connect4,transformer,large,expert,minimax play,2,d2_myhill_nerode,no,3,planned,
connect4-transformer-large-expert-s2::d3_inductive_bias,eval,connect4,transformer,large,expert,minimax play,2,d3_inductive_bias,no,3,planned,
connect4-transformer-large-expert-s2::d4_probing,eval,connect4,transformer,large,expert,minimax play,2,d4_probing,no,3,planned,
connect4-transformer-large-expert-s2::fragility,eval,connect4,transformer,large,expert,minimax play,2,fragility,no,3,planned,
connect4-transformer-large-noisy-s0::d1_next_token,eval,connect4,transformer,large,noisy,minimax + random moves,0,d1_next_token,no,3,planned,
connect4-transformer-large-noisy-s0::d2_myhill_nerode,eval,connect4,transformer,large,noisy,minimax + random moves,0,d2_myhill_nerode,no,3,planned,
connect4-transformer-large-noisy-s0::d3_inductive_bias,eval,connect4,transformer,large,noisy,minimax + random moves,0,d3_inductive_bias,no,3,planned,
connect4-transformer-large-noisy-s0::d4_probing,eval,connect4,transformer,large,noisy,minimax + random moves,0,d4_probing,no,3,planned,
connect4-transformer-large-noisy-s0::fragility,eval,connect4,transformer,large,noisy,minimax + random moves,0,fragility,no,3,planned,
connect4-transformer-large-noisy-s1::d1_next_token,eval,connect4,transformer,large,noisy,minimax + random moves,1,d1_next_token,no,3,planned,
connect4-transformer-large-noisy-s1::d2_myhill_nerode,eval,connect4,transformer,large,noisy,minimax + random moves,1,d2_myhill_nerode,no,3,planned,
connect4-transformer-large-noisy-s1::d3_inductive_bias,eval,connect4,transformer,large,noisy,minimax + random moves,1,d3_inductive_bias,no,3,planned,
connect4-transformer-large-noisy-s1::d4_probing,eval,connect4,transformer,large,noisy,minimax + random moves,1,d4_probing,no,3,planned,
connect4-transformer-large-noisy-s1::fragility,eval,connect4,transformer,large,noisy,minimax + random moves,1,fragility,no,3,planned,
connect4-transformer-large-noisy-s2::d1_next_token,eval,connect4,transformer,large,noisy,minimax + random moves,2,d1_next_token,no,3,planned,
connect4-transformer-large-noisy-s2::d2_myhill_nerode,eval,connect4,transformer,large,noisy,minimax + random moves,2,d2_myhill_nerode,no,3,planned,
connect4-transformer-large-noisy-s2::d3_inductive_bias,eval,connect4,transformer,large,noisy,minimax + random moves,2,d3_inductive_bias,no,3,planned,
connect4-transformer-large-noisy-s2::d4_probing,eval,connect4,transformer,large,noisy,minimax + random moves,2,d4_probing,no,3,planned,
connect4-transformer-large-noisy-s2::fragility,eval,connect4,transformer,large,noisy,minimax + random moves,2,fragility,no,3,planned,
connect4-transformer-large-random-s0::d1_next_token,eval,connect4,transformer,large,random,random legal games,0,d1_next_token,no,3,planned,
connect4-transformer-large-random-s0::d2_myhill_nerode,eval,connect4,transformer,large,random,random legal games,0,d2_myhill_nerode,no,3,planned,
connect4-transformer-large-random-s0::d3_inductive_bias,eval,connect4,transformer,large,random,random legal games,0,d3_inductive_bias,no,3,planned,
connect4-transformer-large-random-s0::d4_probing,eval,connect4,transformer,large,random,random legal games,0,d4_probing,no,3,planned,
connect4-transformer-large-random-s0::fragility,eval,connect4,transformer,large,random,random legal games,0,fragility,no,3,planned,
connect4-transformer-large-random-s1::d1_next_token,eval,connect4,transformer,large,random,random legal games,1,d1_next_token,no,3,planned,
connect4-transformer-large-random-s1::d2_myhill_nerode,eval,connect4,transformer,large,random,random legal games,1,d2_myhill_nerode,no,3,planned,
connect4-transformer-large-random-s1::d3_inductive_bias,eval,connect4,transformer,large,random,random legal games,1,d3_inductive_bias,no,3,planned,
connect4-transformer-large-random-s1::d4_probing,eval,connect4,transformer,large,random,random legal games,1,d4_probing,no,3,planned,
connect4-transformer-large-random-s1::fragility,eval,connect4,transformer,large,random,random legal games,1,fragility,no,3,planned,
connect4-transformer-large-random-s2::d1_next_token,eval,connect4,transformer,large,random,random legal games,2,d1_next_token,no,3,planned,
connect4-transformer-large-random-s2::d2_myhill_nerode,eval,connect4,transformer,large,random,random legal games,2,d2_myhill_nerode,no,3,planned,
connect4-transformer-large-random-s2::d3_inductive_bias,eval,connect4,transformer,large,random,random legal games,2,d3_inductive_bias,no,3,planned,
connect4-transformer-large-random-s2::d4_probing,eval,connect4,transformer,large,random,random legal games,2,d4_probing,no,3,planned,
connect4-transformer-large-random-s2::fragility,eval,connect4,transformer,large,random,random legal games,2,fragility,no,3,planned,
connect4-ssm-small-expert-s0::d1_next_token,eval,connect4,ssm,small,expert,minimax play,0,d1_next_token,no,2,planned,
connect4-ssm-small-expert-s0::d2_myhill_nerode,eval,connect4,ssm,small,expert,minimax play,0,d2_myhill_nerode,no,2,planned,
connect4-ssm-small-expert-s0::d3_inductive_bias,eval,connect4,ssm,small,expert,minimax play,0,d3_inductive_bias,no,2,planned,
connect4-ssm-small-expert-s0::d4_probing,eval,connect4,ssm,small,expert,minimax play,0,d4_probing,no,2,planned,
connect4-ssm-small-expert-s0::fragility,eval,connect4,ssm,small,expert,minimax play,0,fragility,no,2,planned,
connect4-ssm-small-expert-s1::d1_next_token,eval,connect4,ssm,small,expert,minimax play,1,d1_next_token,no,2,planned,
connect4-ssm-small-expert-s1::d2_myhill_nerode,eval,connect4,ssm,small,expert,minimax play,1,d2_myhill_nerode,no,2,planned,
connect4-ssm-small-expert-s1::d3_inductive_bias,eval,connect4,ssm,small,expert,minimax play,1,d3_inductive_bias,no,2,planned,
connect4-ssm-small-expert-s1::d4_probing,eval,connect4,ssm,small,expert,minimax play,1,d4_probing,no,2,planned,
connect4-ssm-small-expert-s1::fragility,eval,connect4,ssm,small,expert,minimax play,1,fragility,no,2,planned,
connect4-ssm-small-expert-s2::d1_next_token,eval,connect4,ssm,small,expert,minimax play,2,d1_next_token,no,3,planned,
connect4-ssm-small-expert-s2::d2_myhill_nerode,eval,connect4,ssm,small,expert,minimax play,2,d2_myhill_nerode,no,3,planned,
connect4-ssm-small-expert-s2::d3_inductive_bias,eval,connect4,ssm,small,expert,minimax play,2,d3_inductive_bias,no,3,planned,
connect4-ssm-small-expert-s2::d4_probing,eval,connect4,ssm,small,expert,minimax play,2,d4_probing,no,3,planned,
connect4-ssm-small-expert-s2::fragility,eval,connect4,ssm,small,expert,minimax play,2,fragility,no,3,planned,
connect4-ssm-small-noisy-s0::d1_next_token,eval,connect4,ssm,small,noisy,minimax + random moves,0,d1_next_token,no,2,planned,
connect4-ssm-small-noisy-s0::d2_myhill_nerode,eval,connect4,ssm,small,noisy,minimax + random moves,0,d2_myhill_nerode,no,2,planned,
connect4-ssm-small-noisy-s0::d3_inductive_bias,eval,connect4,ssm,small,noisy,minimax + random moves,0,d3_inductive_bias,no,2,planned,
connect4-ssm-small-noisy-s0::d4_probing,eval,connect4,ssm,small,noisy,minimax + random moves,0,d4_probing,no,2,planned,
connect4-ssm-small-noisy-s0::fragility,eval,connect4,ssm,small,noisy,minimax + random moves,0,fragility,no,2,planned,
connect4-ssm-small-noisy-s1::d1_next_token,eval,connect4,ssm,small,noisy,minimax + random moves,1,d1_next_token,no,2,planned,
connect4-ssm-small-noisy-s1::d2_myhill_nerode,eval,connect4,ssm,small,noisy,minimax + random moves,1,d2_myhill_nerode,no,2,planned,
connect4-ssm-small-noisy-s1::d3_inductive_bias,eval,connect4,ssm,small,noisy,minimax + random moves,1,d3_inductive_bias,no,2,planned,
connect4-ssm-small-noisy-s1::d4_probing,eval,connect4,ssm,small,noisy,minimax + random moves,1,d4_probing,no,2,planned,
connect4-ssm-small-noisy-s1::fragility,eval,connect4,ssm,small,noisy,minimax + random moves,1,fragility,no,2,planned,
connect4-ssm-small-noisy-s2::d1_next_token,eval,connect4,ssm,small,noisy,minimax + random moves,2,d1_next_token,no,3,planned,
connect4-ssm-small-noisy-s2::d2_myhill_nerode,eval,connect4,ssm,small,noisy,minimax + random moves,2,d2_myhill_nerode,no,3,planned,
connect4-ssm-small-noisy-s2::d3_inductive_bias,eval,connect4,ssm,small,noisy,minimax + random moves,2,d3_inductive_bias,no,3,planned,
connect4-ssm-small-noisy-s2::d4_probing,eval,connect4,ssm,small,noisy,minimax + random moves,2,d4_probing,no,3,planned,
connect4-ssm-small-noisy-s2::fragility,eval,connect4,ssm,small,noisy,minimax + random moves,2,fragility,no,3,planned,
connect4-ssm-small-random-s0::d1_next_token,eval,connect4,ssm,small,random,random legal games,0,d1_next_token,no,2,planned,
connect4-ssm-small-random-s0::d2_myhill_nerode,eval,connect4,ssm,small,random,random legal games,0,d2_myhill_nerode,no,2,planned,
connect4-ssm-small-random-s0::d3_inductive_bias,eval,connect4,ssm,small,random,random legal games,0,d3_inductive_bias,no,2,planned,
connect4-ssm-small-random-s0::d4_probing,eval,connect4,ssm,small,random,random legal games,0,d4_probing,no,2,planned,
connect4-ssm-small-random-s0::fragility,eval,connect4,ssm,small,random,random legal games,0,fragility,no,2,planned,
connect4-ssm-small-random-s1::d1_next_token,eval,connect4,ssm,small,random,random legal games,1,d1_next_token,no,2,planned,
connect4-ssm-small-random-s1::d2_myhill_nerode,eval,connect4,ssm,small,random,random legal games,1,d2_myhill_nerode,no,2,planned,
connect4-ssm-small-random-s1::d3_inductive_bias,eval,connect4,ssm,small,random,random legal games,1,d3_inductive_bias,no,2,planned,
connect4-ssm-small-random-s1::d4_probing,eval,connect4,ssm,small,random,random legal games,1,d4_probing,no,2,planned,
connect4-ssm-small-random-s1::fragility,eval,connect4,ssm,small,random,random legal games,1,fragility,no,2,planned,
connect4-ssm-small-random-s2::d1_next_token,eval,connect4,ssm,small,random,random legal games,2,d1_next_token,no,3,planned,
connect4-ssm-small-random-s2::d2_myhill_nerode,eval,connect4,ssm,small,random,random legal games,2,d2_myhill_nerode,no,3,planned,
connect4-ssm-small-random-s2::d3_inductive_bias,eval,connect4,ssm,small,random,random legal games,2,d3_inductive_bias,no,3,planned,
connect4-ssm-small-random-s2::d4_probing,eval,connect4,ssm,small,random,random legal games,2,d4_probing,no,3,planned,
connect4-ssm-small-random-s2::fragility,eval,connect4,ssm,small,random,random legal games,2,fragility,no,3,planned,
connect4-ssm-medium-expert-s0::d1_next_token,eval,connect4,ssm,medium,expert,minimax play,0,d1_next_token,no,1,planned,
connect4-ssm-medium-expert-s0::d2_myhill_nerode,eval,connect4,ssm,medium,expert,minimax play,0,d2_myhill_nerode,no,1,planned,
connect4-ssm-medium-expert-s0::d3_inductive_bias,eval,connect4,ssm,medium,expert,minimax play,0,d3_inductive_bias,no,1,planned,
connect4-ssm-medium-expert-s0::d4_probing,eval,connect4,ssm,medium,expert,minimax play,0,d4_probing,no,1,planned,
connect4-ssm-medium-expert-s0::fragility,eval,connect4,ssm,medium,expert,minimax play,0,fragility,no,1,planned,
connect4-ssm-medium-expert-s1::d1_next_token,eval,connect4,ssm,medium,expert,minimax play,1,d1_next_token,no,2,planned,
connect4-ssm-medium-expert-s1::d2_myhill_nerode,eval,connect4,ssm,medium,expert,minimax play,1,d2_myhill_nerode,no,2,planned,
connect4-ssm-medium-expert-s1::d3_inductive_bias,eval,connect4,ssm,medium,expert,minimax play,1,d3_inductive_bias,no,2,planned,
connect4-ssm-medium-expert-s1::d4_probing,eval,connect4,ssm,medium,expert,minimax play,1,d4_probing,no,2,planned,
connect4-ssm-medium-expert-s1::fragility,eval,connect4,ssm,medium,expert,minimax play,1,fragility,no,2,planned,
connect4-ssm-medium-expert-s2::d1_next_token,eval,connect4,ssm,medium,expert,minimax play,2,d1_next_token,no,3,planned,
connect4-ssm-medium-expert-s2::d2_myhill_nerode,eval,connect4,ssm,medium,expert,minimax play,2,d2_myhill_nerode,no,3,planned,
connect4-ssm-medium-expert-s2::d3_inductive_bias,eval,connect4,ssm,medium,expert,minimax play,2,d3_inductive_bias,no,3,planned,
connect4-ssm-medium-expert-s2::d4_probing,eval,connect4,ssm,medium,expert,minimax play,2,d4_probing,no,3,planned,
connect4-ssm-medium-expert-s2::fragility,eval,connect4,ssm,medium,expert,minimax play,2,fragility,no,3,planned,
connect4-ssm-medium-noisy-s0::d1_next_token,eval,connect4,ssm,medium,noisy,minimax + random moves,0,d1_next_token,no,1,planned,
connect4-ssm-medium-noisy-s0::d2_myhill_nerode,eval,connect4,ssm,medium,noisy,minimax + random moves,0,d2_myhill_nerode,no,1,planned,
connect4-ssm-medium-noisy-s0::d3_inductive_bias,eval,connect4,ssm,medium,noisy,minimax + random moves,0,d3_inductive_bias,no,1,planned,
connect4-ssm-medium-noisy-s0::d4_probing,eval,connect4,ssm,medium,noisy,minimax + random moves,0,d4_probing,no,1,planned,
connect4-ssm-medium-noisy-s0::fragility,eval,connect4,ssm,medium,noisy,minimax + random moves,0,fragility,no,1,planned,
connect4-ssm-medium-noisy-s1::d1_next_token,eval,connect4,ssm,medium,noisy,minimax + random moves,1,d1_next_token,no,2,planned,
connect4-ssm-medium-noisy-s1::d2_myhill_nerode,eval,connect4,ssm,medium,noisy,minimax + random moves,1,d2_myhill_nerode,no,2,planned,
connect4-ssm-medium-noisy-s1::d3_inductive_bias,eval,connect4,ssm,medium,noisy,minimax + random moves,1,d3_inductive_bias,no,2,planned,
connect4-ssm-medium-noisy-s1::d4_probing,eval,connect4,ssm,medium,noisy,minimax + random moves,1,d4_probing,no,2,planned,
connect4-ssm-medium-noisy-s1::fragility,eval,connect4,ssm,medium,noisy,minimax + random moves,1,fragility,no,2,planned,
connect4-ssm-medium-noisy-s2::d1_next_token,eval,connect4,ssm,medium,noisy,minimax + random moves,2,d1_next_token,no,3,planned,
connect4-ssm-medium-noisy-s2::d2_myhill_nerode,eval,connect4,ssm,medium,noisy,minimax + random moves,2,d2_myhill_nerode,no,3,planned,
connect4-ssm-medium-noisy-s2::d3_inductive_bias,eval,connect4,ssm,medium,noisy,minimax + random moves,2,d3_inductive_bias,no,3,planned,
connect4-ssm-medium-noisy-s2::d4_probing,eval,connect4,ssm,medium,noisy,minimax + random moves,2,d4_probing,no,3,planned,
connect4-ssm-medium-noisy-s2::fragility,eval,connect4,ssm,medium,noisy,minimax + random moves,2,fragility,no,3,planned,
connect4-ssm-medium-random-s0::d1_next_token,eval,connect4,ssm,medium,random,random legal games,0,d1_next_token,no,1,planned,
connect4-ssm-medium-random-s0::d2_myhill_nerode,eval,connect4,ssm,medium,random,random legal games,0,d2_myhill_nerode,no,1,planned,
connect4-ssm-medium-random-s0::d3_inductive_bias,eval,connect4,ssm,medium,random,random legal games,0,d3_inductive_bias,no,1,planned,
connect4-ssm-medium-random-s0::d4_probing,eval,connect4,ssm,medium,random,random legal games,0,d4_probing,no,1,planned,
connect4-ssm-medium-random-s0::fragility,eval,connect4,ssm,medium,random,random legal games,0,fragility,no,1,planned,
connect4-ssm-medium-random-s1::d1_next_token,eval,connect4,ssm,medium,random,random legal games,1,d1_next_token,no,2,planned,
connect4-ssm-medium-random-s1::d2_myhill_nerode,eval,connect4,ssm,medium,random,random legal games,1,d2_myhill_nerode,no,2,planned,
connect4-ssm-medium-random-s1::d3_inductive_bias,eval,connect4,ssm,medium,random,random legal games,1,d3_inductive_bias,no,2,planned,
connect4-ssm-medium-random-s1::d4_probing,eval,connect4,ssm,medium,random,random legal games,1,d4_probing,no,2,planned,
connect4-ssm-medium-random-s1::fragility,eval,connect4,ssm,medium,random,random legal games,1,fragility,no,2,planned,
connect4-ssm-medium-random-s2::d1_next_token,eval,connect4,ssm,medium,random,random legal games,2,d1_next_token,no,3,planned,
connect4-ssm-medium-random-s2::d2_myhill_nerode,eval,connect4,ssm,medium,random,random legal games,2,d2_myhill_nerode,no,3,planned,
connect4-ssm-medium-random-s2::d3_inductive_bias,eval,connect4,ssm,medium,random,random legal games,2,d3_inductive_bias,no,3,planned,
connect4-ssm-medium-random-s2::d4_probing,eval,connect4,ssm,medium,random,random legal games,2,d4_probing,no,3,planned,
connect4-ssm-medium-random-s2::fragility,eval,connect4,ssm,medium,random,random legal games,2,fragility,no,3,planned,
connect4-ssm-large-expert-s0::d1_next_token,eval,connect4,ssm,large,expert,minimax play,0,d1_next_token,no,3,planned,
connect4-ssm-large-expert-s0::d2_myhill_nerode,eval,connect4,ssm,large,expert,minimax play,0,d2_myhill_nerode,no,3,planned,
connect4-ssm-large-expert-s0::d3_inductive_bias,eval,connect4,ssm,large,expert,minimax play,0,d3_inductive_bias,no,3,planned,
connect4-ssm-large-expert-s0::d4_probing,eval,connect4,ssm,large,expert,minimax play,0,d4_probing,no,3,planned,
connect4-ssm-large-expert-s0::fragility,eval,connect4,ssm,large,expert,minimax play,0,fragility,no,3,planned,
connect4-ssm-large-expert-s1::d1_next_token,eval,connect4,ssm,large,expert,minimax play,1,d1_next_token,no,3,planned,
connect4-ssm-large-expert-s1::d2_myhill_nerode,eval,connect4,ssm,large,expert,minimax play,1,d2_myhill_nerode,no,3,planned,
connect4-ssm-large-expert-s1::d3_inductive_bias,eval,connect4,ssm,large,expert,minimax play,1,d3_inductive_bias,no,3,planned,
connect4-ssm-large-expert-s1::d4_probing,eval,connect4,ssm,large,expert,minimax play,1,d4_probing,no,3,planned,
connect4-ssm-large-expert-s1::fragility,eval,connect4,ssm,large,expert,minimax play,1,fragility,no,3,planned,
connect4-ssm-large-expert-s2::d1_next_token,eval,connect4,ssm,large,expert,minimax play,2,d1_next_token,no,3,planned,
connect4-ssm-large-expert-s2::d2_myhill_nerode,eval,connect4,ssm,large,expert,minimax play,2,d2_myhill_nerode,no,3,planned,
connect4-ssm-large-expert-s2::d3_inductive_bias,eval,connect4,ssm,large,expert,minimax play,2,d3_inductive_bias,no,3,planned,
connect4-ssm-large-expert-s2::d4_probing,eval,connect4,ssm,large,expert,minimax play,2,d4_probing,no,3,planned,
connect4-ssm-large-expert-s2::fragility,eval,connect4,ssm,large,expert,minimax play,2,fragility,no,3,planned,
connect4-ssm-large-noisy-s0::d1_next_token,eval,connect4,ssm,large,noisy,minimax + random moves,0,d1_next_token,no,3,planned,
connect4-ssm-large-noisy-s0::d2_myhill_nerode,eval,connect4,ssm,large,noisy,minimax + random moves,0,d2_myhill_nerode,no,3,planned,
connect4-ssm-large-noisy-s0::d3_inductive_bias,eval,connect4,ssm,large,noisy,minimax + random moves,0,d3_inductive_bias,no,3,planned,
connect4-ssm-large-noisy-s0::d4_probing,eval,connect4,ssm,large,noisy,minimax + random moves,0,d4_probing,no,3,planned,
connect4-ssm-large-noisy-s0::fragility,eval,connect4,ssm,large,noisy,minimax + random moves,0,fragility,no,3,planned,
connect4-ssm-large-noisy-s1::d1_next_token,eval,connect4,ssm,large,noisy,minimax + random moves,1,d1_next_token,no,3,planned,
connect4-ssm-large-noisy-s1::d2_myhill_nerode,eval,connect4,ssm,large,noisy,minimax + random moves,1,d2_myhill_nerode,no,3,planned,
connect4-ssm-large-noisy-s1::d3_inductive_bias,eval,connect4,ssm,large,noisy,minimax + random moves,1,d3_inductive_bias,no,3,planned,
connect4-ssm-large-noisy-s1::d4_probing,eval,connect4,ssm,large,noisy,minimax + random moves,1,d4_probing,no,3,planned,
connect4-ssm-large-noisy-s1::fragility,eval,connect4,ssm,large,noisy,minimax + random moves,1,fragility,no,3,planned,
connect4-ssm-large-noisy-s2::d1_next_token,eval,connect4,ssm,large,noisy,minimax + random moves,2,d1_next_token,no,3,planned,
connect4-ssm-large-noisy-s2::d2_myhill_nerode,eval,connect4,ssm,large,noisy,minimax + random moves,2,d2_myhill_nerode,no,3,planned,
connect4-ssm-large-noisy-s2::d3_inductive_bias,eval,connect4,ssm,large,noisy,minimax + random moves,2,d3_inductive_bias,no,3,planned,
connect4-ssm-large-noisy-s2::d4_probing,eval,connect4,ssm,large,noisy,minimax + random moves,2,d4_probing,no,3,planned,
connect4-ssm-large-noisy-s2::fragility,eval,connect4,ssm,large,noisy,minimax + random moves,2,fragility,no,3,planned,
connect4-ssm-large-random-s0::d1_next_token,eval,connect4,ssm,large,random,random legal games,0,d1_next_token,no,3,planned,
connect4-ssm-large-random-s0::d2_myhill_nerode,eval,connect4,ssm,large,random,random legal games,0,d2_myhill_nerode,no,3,planned,
connect4-ssm-large-random-s0::d3_inductive_bias,eval,connect4,ssm,large,random,random legal games,0,d3_inductive_bias,no,3,planned,
connect4-ssm-large-random-s0::d4_probing,eval,connect4,ssm,large,random,random legal games,0,d4_probing,no,3,planned,
connect4-ssm-large-random-s0::fragility,eval,connect4,ssm,large,random,random legal games,0,fragility,no,3,planned,
connect4-ssm-large-random-s1::d1_next_token,eval,connect4,ssm,large,random,random legal games,1,d1_next_token,no,3,planned,
connect4-ssm-large-random-s1::d2_myhill_nerode,eval,connect4,ssm,large,random,random legal games,1,d2_myhill_nerode,no,3,planned,
connect4-ssm-large-random-s1::d3_inductive_bias,eval,connect4,ssm,large,random,random legal games,1,d3_inductive_bias,no,3,planned,
connect4-ssm-large-random-s1::d4_probing,eval,connect4,ssm,large,random,random legal games,1,d4_probing,no,3,planned,
connect4-ssm-large-random-s1::fragility,eval,connect4,ssm,large,random,random legal games,1,fragility,no,3,planned,
connect4-ssm-large-random-s2::d1_next_token,eval,connect4,ssm,large,random,random legal games,2,d1_next_token,no,3,planned,
connect4-ssm-large-random-s2::d2_myhill_nerode,eval,connect4,ssm,large,random,random legal games,2,d2_myhill_nerode,no,3,planned,
connect4-ssm-large-random-s2::d3_inductive_bias,eval,connect4,ssm,large,random,random legal games,2,d3_inductive_bias,no,3,planned,
connect4-ssm-large-random-s2::d4_probing,eval,connect4,ssm,large,random,random legal games,2,d4_probing,no,3,planned,
connect4-ssm-large-random-s2::fragility,eval,connect4,ssm,large,random,random legal games,2,fragility,no,3,planned,
connect4-lstm-small-expert-s0::d1_next_token,eval,connect4,lstm,small,expert,minimax play,0,d1_next_token,yes,4,planned,
connect4-lstm-small-expert-s0::d2_myhill_nerode,eval,connect4,lstm,small,expert,minimax play,0,d2_myhill_nerode,yes,4,planned,
connect4-lstm-small-expert-s0::d3_inductive_bias,eval,connect4,lstm,small,expert,minimax play,0,d3_inductive_bias,yes,4,planned,
connect4-lstm-small-expert-s0::d4_probing,eval,connect4,lstm,small,expert,minimax play,0,d4_probing,yes,4,planned,
connect4-lstm-small-expert-s0::fragility,eval,connect4,lstm,small,expert,minimax play,0,fragility,yes,4,planned,
connect4-lstm-small-expert-s1::d1_next_token,eval,connect4,lstm,small,expert,minimax play,1,d1_next_token,yes,4,planned,
connect4-lstm-small-expert-s1::d2_myhill_nerode,eval,connect4,lstm,small,expert,minimax play,1,d2_myhill_nerode,yes,4,planned,
connect4-lstm-small-expert-s1::d3_inductive_bias,eval,connect4,lstm,small,expert,minimax play,1,d3_inductive_bias,yes,4,planned,
connect4-lstm-small-expert-s1::d4_probing,eval,connect4,lstm,small,expert,minimax play,1,d4_probing,yes,4,planned,
connect4-lstm-small-expert-s1::fragility,eval,connect4,lstm,small,expert,minimax play,1,fragility,yes,4,planned,
connect4-lstm-small-expert-s2::d1_next_token,eval,connect4,lstm,small,expert,minimax play,2,d1_next_token,yes,4,planned,
connect4-lstm-small-expert-s2::d2_myhill_nerode,eval,connect4,lstm,small,expert,minimax play,2,d2_myhill_nerode,yes,4,planned,
connect4-lstm-small-expert-s2::d3_inductive_bias,eval,connect4,lstm,small,expert,minimax play,2,d3_inductive_bias,yes,4,planned,
connect4-lstm-small-expert-s2::d4_probing,eval,connect4,lstm,small,expert,minimax play,2,d4_probing,yes,4,planned,
connect4-lstm-small-expert-s2::fragility,eval,connect4,lstm,small,expert,minimax play,2,fragility,yes,4,planned,
connect4-lstm-small-noisy-s0::d1_next_token,eval,connect4,lstm,small,noisy,minimax + random moves,0,d1_next_token,yes,4,planned,
connect4-lstm-small-noisy-s0::d2_myhill_nerode,eval,connect4,lstm,small,noisy,minimax + random moves,0,d2_myhill_nerode,yes,4,planned,
connect4-lstm-small-noisy-s0::d3_inductive_bias,eval,connect4,lstm,small,noisy,minimax + random moves,0,d3_inductive_bias,yes,4,planned,
connect4-lstm-small-noisy-s0::d4_probing,eval,connect4,lstm,small,noisy,minimax + random moves,0,d4_probing,yes,4,planned,
connect4-lstm-small-noisy-s0::fragility,eval,connect4,lstm,small,noisy,minimax + random moves,0,fragility,yes,4,planned,
connect4-lstm-small-noisy-s1::d1_next_token,eval,connect4,lstm,small,noisy,minimax + random moves,1,d1_next_token,yes,4,planned,
connect4-lstm-small-noisy-s1::d2_myhill_nerode,eval,connect4,lstm,small,noisy,minimax + random moves,1,d2_myhill_nerode,yes,4,planned,
connect4-lstm-small-noisy-s1::d3_inductive_bias,eval,connect4,lstm,small,noisy,minimax + random moves,1,d3_inductive_bias,yes,4,planned,
connect4-lstm-small-noisy-s1::d4_probing,eval,connect4,lstm,small,noisy,minimax + random moves,1,d4_probing,yes,4,planned,
connect4-lstm-small-noisy-s1::fragility,eval,connect4,lstm,small,noisy,minimax + random moves,1,fragility,yes,4,planned,
connect4-lstm-small-noisy-s2::d1_next_token,eval,connect4,lstm,small,noisy,minimax + random moves,2,d1_next_token,yes,4,planned,
connect4-lstm-small-noisy-s2::d2_myhill_nerode,eval,connect4,lstm,small,noisy,minimax + random moves,2,d2_myhill_nerode,yes,4,planned,
connect4-lstm-small-noisy-s2::d3_inductive_bias,eval,connect4,lstm,small,noisy,minimax + random moves,2,d3_inductive_bias,yes,4,planned,
connect4-lstm-small-noisy-s2::d4_probing,eval,connect4,lstm,small,noisy,minimax + random moves,2,d4_probing,yes,4,planned,
connect4-lstm-small-noisy-s2::fragility,eval,connect4,lstm,small,noisy,minimax + random moves,2,fragility,yes,4,planned,
connect4-lstm-small-random-s0::d1_next_token,eval,connect4,lstm,small,random,random legal games,0,d1_next_token,yes,4,planned,
connect4-lstm-small-random-s0::d2_myhill_nerode,eval,connect4,lstm,small,random,random legal games,0,d2_myhill_nerode,yes,4,planned,
connect4-lstm-small-random-s0::d3_inductive_bias,eval,connect4,lstm,small,random,random legal games,0,d3_inductive_bias,yes,4,planned,
connect4-lstm-small-random-s0::d4_probing,eval,connect4,lstm,small,random,random legal games,0,d4_probing,yes,4,planned,
connect4-lstm-small-random-s0::fragility,eval,connect4,lstm,small,random,random legal games,0,fragility,yes,4,planned,
connect4-lstm-small-random-s1::d1_next_token,eval,connect4,lstm,small,random,random legal games,1,d1_next_token,yes,4,planned,
connect4-lstm-small-random-s1::d2_myhill_nerode,eval,connect4,lstm,small,random,random legal games,1,d2_myhill_nerode,yes,4,planned,
connect4-lstm-small-random-s1::d3_inductive_bias,eval,connect4,lstm,small,random,random legal games,1,d3_inductive_bias,yes,4,planned,
connect4-lstm-small-random-s1::d4_probing,eval,connect4,lstm,small,random,random legal games,1,d4_probing,yes,4,planned,
connect4-lstm-small-random-s1::fragility,eval,connect4,lstm,small,random,random legal games,1,fragility,yes,4,planned,
connect4-lstm-small-random-s2::d1_next_token,eval,connect4,lstm,small,random,random legal games,2,d1_next_token,yes,4,planned,
connect4-lstm-small-random-s2::d2_myhill_nerode,eval,connect4,lstm,small,random,random legal games,2,d2_myhill_nerode,yes,4,planned,
connect4-lstm-small-random-s2::d3_inductive_bias,eval,connect4,lstm,small,random,random legal games,2,d3_inductive_bias,yes,4,planned,
connect4-lstm-small-random-s2::d4_probing,eval,connect4,lstm,small,random,random legal games,2,d4_probing,yes,4,planned,
connect4-lstm-small-random-s2::fragility,eval,connect4,lstm,small,random,random legal games,2,fragility,yes,4,planned,
connect4-lstm-medium-expert-s0::d1_next_token,eval,connect4,lstm,medium,expert,minimax play,0,d1_next_token,yes,4,planned,
connect4-lstm-medium-expert-s0::d2_myhill_nerode,eval,connect4,lstm,medium,expert,minimax play,0,d2_myhill_nerode,yes,4,planned,
connect4-lstm-medium-expert-s0::d3_inductive_bias,eval,connect4,lstm,medium,expert,minimax play,0,d3_inductive_bias,yes,4,planned,
connect4-lstm-medium-expert-s0::d4_probing,eval,connect4,lstm,medium,expert,minimax play,0,d4_probing,yes,4,planned,
connect4-lstm-medium-expert-s0::fragility,eval,connect4,lstm,medium,expert,minimax play,0,fragility,yes,4,planned,
connect4-lstm-medium-expert-s1::d1_next_token,eval,connect4,lstm,medium,expert,minimax play,1,d1_next_token,yes,4,planned,
connect4-lstm-medium-expert-s1::d2_myhill_nerode,eval,connect4,lstm,medium,expert,minimax play,1,d2_myhill_nerode,yes,4,planned,
connect4-lstm-medium-expert-s1::d3_inductive_bias,eval,connect4,lstm,medium,expert,minimax play,1,d3_inductive_bias,yes,4,planned,
connect4-lstm-medium-expert-s1::d4_probing,eval,connect4,lstm,medium,expert,minimax play,1,d4_probing,yes,4,planned,
connect4-lstm-medium-expert-s1::fragility,eval,connect4,lstm,medium,expert,minimax play,1,fragility,yes,4,planned,
connect4-lstm-medium-expert-s2::d1_next_token,eval,connect4,lstm,medium,expert,minimax play,2,d1_next_token,yes,4,planned,
connect4-lstm-medium-expert-s2::d2_myhill_nerode,eval,connect4,lstm,medium,expert,minimax play,2,d2_myhill_nerode,yes,4,planned,
connect4-lstm-medium-expert-s2::d3_inductive_bias,eval,connect4,lstm,medium,expert,minimax play,2,d3_inductive_bias,yes,4,planned,
connect4-lstm-medium-expert-s2::d4_probing,eval,connect4,lstm,medium,expert,minimax play,2,d4_probing,yes,4,planned,
connect4-lstm-medium-expert-s2::fragility,eval,connect4,lstm,medium,expert,minimax play,2,fragility,yes,4,planned,
connect4-lstm-medium-noisy-s0::d1_next_token,eval,connect4,lstm,medium,noisy,minimax + random moves,0,d1_next_token,yes,4,planned,
connect4-lstm-medium-noisy-s0::d2_myhill_nerode,eval,connect4,lstm,medium,noisy,minimax + random moves,0,d2_myhill_nerode,yes,4,planned,
connect4-lstm-medium-noisy-s0::d3_inductive_bias,eval,connect4,lstm,medium,noisy,minimax + random moves,0,d3_inductive_bias,yes,4,planned,
connect4-lstm-medium-noisy-s0::d4_probing,eval,connect4,lstm,medium,noisy,minimax + random moves,0,d4_probing,yes,4,planned,
connect4-lstm-medium-noisy-s0::fragility,eval,connect4,lstm,medium,noisy,minimax + random moves,0,fragility,yes,4,planned,
connect4-lstm-medium-noisy-s1::d1_next_token,eval,connect4,lstm,medium,noisy,minimax + random moves,1,d1_next_token,yes,4,planned,
connect4-lstm-medium-noisy-s1::d2_myhill_nerode,eval,connect4,lstm,medium,noisy,minimax + random moves,1,d2_myhill_nerode,yes,4,planned,
connect4-lstm-medium-noisy-s1::d3_inductive_bias,eval,connect4,lstm,medium,noisy,minimax + random moves,1,d3_inductive_bias,yes,4,planned,
connect4-lstm-medium-noisy-s1::d4_probing,eval,connect4,lstm,medium,noisy,minimax + random moves,1,d4_probing,yes,4,planned,
connect4-lstm-medium-noisy-s1::fragility,eval,connect4,lstm,medium,noisy,minimax + random moves,1,fragility,yes,4,planned,
connect4-lstm-medium-noisy-s2::d1_next_token,eval,connect4,lstm,medium,noisy,minimax + random moves,2,d1_next_token,yes,4,planned,
connect4-lstm-medium-noisy-s2::d2_myhill_nerode,eval,connect4,lstm,medium,noisy,minimax + random moves,2,d2_myhill_nerode,yes,4,planned,
connect4-lstm-medium-noisy-s2::d3_inductive_bias,eval,connect4,lstm,medium,noisy,minimax + random moves,2,d3_inductive_bias,yes,4,planned,
connect4-lstm-medium-noisy-s2::d4_probing,eval,connect4,lstm,medium,noisy,minimax + random moves,2,d4_probing,yes,4,planned,
connect4-lstm-medium-noisy-s2::fragility,eval,connect4,lstm,medium,noisy,minimax + random moves,2,fragility,yes,4,planned,
connect4-lstm-medium-random-s0::d1_next_token,eval,connect4,lstm,medium,random,random legal games,0,d1_next_token,yes,4,planned,
connect4-lstm-medium-random-s0::d2_myhill_nerode,eval,connect4,lstm,medium,random,random legal games,0,d2_myhill_nerode,yes,4,planned,
connect4-lstm-medium-random-s0::d3_inductive_bias,eval,connect4,lstm,medium,random,random legal games,0,d3_inductive_bias,yes,4,planned,
connect4-lstm-medium-random-s0::d4_probing,eval,connect4,lstm,medium,random,random legal games,0,d4_probing,yes,4,planned,
connect4-lstm-medium-random-s0::fragility,eval,connect4,lstm,medium,random,random legal games,0,fragility,yes,4,planned,
connect4-lstm-medium-random-s1::d1_next_token,eval,connect4,lstm,medium,random,random legal games,1,d1_next_token,yes,4,planned,
connect4-lstm-medium-random-s1::d2_myhill_nerode,eval,connect4,lstm,medium,random,random legal games,1,d2_myhill_nerode,yes,4,planned,
connect4-lstm-medium-random-s1::d3_inductive_bias,eval,connect4,lstm,medium,random,random legal games,1,d3_inductive_bias,yes,4,planned,
connect4-lstm-medium-random-s1::d4_probing,eval,connect4,lstm,medium,random,random legal games,1,d4_probing,yes,4,planned,
connect4-lstm-medium-random-s1::fragility,eval,connect4,lstm,medium,random,random legal games,1,fragility,yes,4,planned,
connect4-lstm-medium-random-s2::d1_next_token,eval,connect4,lstm,medium,random,random legal games,2,d1_next_token,yes,4,planned,
connect4-lstm-medium-random-s2::d2_myhill_nerode,eval,connect4,lstm,medium,random,random legal games,2,d2_myhill_nerode,yes,4,planned,
connect4-lstm-medium-random-s2::d3_inductive_bias,eval,connect4,lstm,medium,random,random legal games,2,d3_inductive_bias,yes,4,planned,
connect4-lstm-medium-random-s2::d4_probing,eval,connect4,lstm,medium,random,random legal games,2,d4_probing,yes,4,planned,
connect4-lstm-medium-random-s2::fragility,eval,connect4,lstm,medium,random,random legal games,2,fragility,yes,4,planned,
connect4-lstm-large-expert-s0::d1_next_token,eval,connect4,lstm,large,expert,minimax play,0,d1_next_token,yes,4,planned,
connect4-lstm-large-expert-s0::d2_myhill_nerode,eval,connect4,lstm,large,expert,minimax play,0,d2_myhill_nerode,yes,4,planned,
connect4-lstm-large-expert-s0::d3_inductive_bias,eval,connect4,lstm,large,expert,minimax play,0,d3_inductive_bias,yes,4,planned,
connect4-lstm-large-expert-s0::d4_probing,eval,connect4,lstm,large,expert,minimax play,0,d4_probing,yes,4,planned,
connect4-lstm-large-expert-s0::fragility,eval,connect4,lstm,large,expert,minimax play,0,fragility,yes,4,planned,
connect4-lstm-large-expert-s1::d1_next_token,eval,connect4,lstm,large,expert,minimax play,1,d1_next_token,yes,4,planned,
connect4-lstm-large-expert-s1::d2_myhill_nerode,eval,connect4,lstm,large,expert,minimax play,1,d2_myhill_nerode,yes,4,planned,
connect4-lstm-large-expert-s1::d3_inductive_bias,eval,connect4,lstm,large,expert,minimax play,1,d3_inductive_bias,yes,4,planned,
connect4-lstm-large-expert-s1::d4_probing,eval,connect4,lstm,large,expert,minimax play,1,d4_probing,yes,4,planned,
connect4-lstm-large-expert-s1::fragility,eval,connect4,lstm,large,expert,minimax play,1,fragility,yes,4,planned,
connect4-lstm-large-expert-s2::d1_next_token,eval,connect4,lstm,large,expert,minimax play,2,d1_next_token,yes,4,planned,
connect4-lstm-large-expert-s2::d2_myhill_nerode,eval,connect4,lstm,large,expert,minimax play,2,d2_myhill_nerode,yes,4,planned,
connect4-lstm-large-expert-s2::d3_inductive_bias,eval,connect4,lstm,large,expert,minimax play,2,d3_inductive_bias,yes,4,planned,
connect4-lstm-large-expert-s2::d4_probing,eval,connect4,lstm,large,expert,minimax play,2,d4_probing,yes,4,planned,
connect4-lstm-large-expert-s2::fragility,eval,connect4,lstm,large,expert,minimax play,2,fragility,yes,4,planned,
connect4-lstm-large-noisy-s0::d1_next_token,eval,connect4,lstm,large,noisy,minimax + random moves,0,d1_next_token,yes,4,planned,
connect4-lstm-large-noisy-s0::d2_myhill_nerode,eval,connect4,lstm,large,noisy,minimax + random moves,0,d2_myhill_nerode,yes,4,planned,
connect4-lstm-large-noisy-s0::d3_inductive_bias,eval,connect4,lstm,large,noisy,minimax + random moves,0,d3_inductive_bias,yes,4,planned,
connect4-lstm-large-noisy-s0::d4_probing,eval,connect4,lstm,large,noisy,minimax + random moves,0,d4_probing,yes,4,planned,
connect4-lstm-large-noisy-s0::fragility,eval,connect4,lstm,large,noisy,minimax + random moves,0,fragility,yes,4,planned,
connect4-lstm-large-noisy-s1::d1_next_token,eval,connect4,lstm,large,noisy,minimax + random moves,1,d1_next_token,yes,4,planned,
connect4-lstm-large-noisy-s1::d2_myhill_nerode,eval,connect4,lstm,large,noisy,minimax + random moves,1,d2_myhill_nerode,yes,4,planned,
connect4-lstm-large-noisy-s1::d3_inductive_bias,eval,connect4,lstm,large,noisy,minimax + random moves,1,d3_inductive_bias,yes,4,planned,
connect4-lstm-large-noisy-s1::d4_probing,eval,connect4,lstm,large,noisy,minimax + random moves,1,d4_probing,yes,4,planned,
connect4-lstm-large-noisy-s1::fragility,eval,connect4,lstm,large,noisy,minimax + random moves,1,fragility,yes,4,planned,
connect4-lstm-large-noisy-s2::d1_next_token,eval,connect4,lstm,large,noisy,minimax + random moves,2,d1_next_token,yes,4,planned,
connect4-lstm-large-noisy-s2::d2_myhill_nerode,eval,connect4,lstm,large,noisy,minimax + random moves,2,d2_myhill_nerode,yes,4,planned,
connect4-lstm-large-noisy-s2::d3_inductive_bias,eval,connect4,lstm,large,noisy,minimax + random moves,2,d3_inductive_bias,yes,4,planned,
connect4-lstm-large-noisy-s2::d4_probing,eval,connect4,lstm,large,noisy,minimax + random moves,2,d4_probing,yes,4,planned,
connect4-lstm-large-noisy-s2::fragility,eval,connect4,lstm,large,noisy,minimax + random moves,2,fragility,yes,4,planned,
connect4-lstm-large-random-s0::d1_next_token,eval,connect4,lstm,large,random,random legal games,0,d1_next_token,yes,4,planned,
connect4-lstm-large-random-s0::d2_myhill_nerode,eval,connect4,lstm,large,random,random legal games,0,d2_myhill_nerode,yes,4,planned,
connect4-lstm-large-random-s0::d3_inductive_bias,eval,connect4,lstm,large,random,random legal games,0,d3_inductive_bias,yes,4,planned,
connect4-lstm-large-random-s0::d4_probing,eval,connect4,lstm,large,random,random legal games,0,d4_probing,yes,4,planned,
connect4-lstm-large-random-s0::fragility,eval,connect4,lstm,large,random,random legal games,0,fragility,yes,4,planned,
connect4-lstm-large-random-s1::d1_next_token,eval,connect4,lstm,large,random,random legal games,1,d1_next_token,yes,4,planned,
connect4-lstm-large-random-s1::d2_myhill_nerode,eval,connect4,lstm,large,random,random legal games,1,d2_myhill_nerode,yes,4,planned,
connect4-lstm-large-random-s1::d3_inductive_bias,eval,connect4,lstm,large,random,random legal games,1,d3_inductive_bias,yes,4,planned,
connect4-lstm-large-random-s1::d4_probing,eval,connect4,lstm,large,random,random legal games,1,d4_probing,yes,4,planned,
connect4-lstm-large-random-s1::fragility,eval,connect4,lstm,large,random,random legal games,1,fragility,yes,4,planned,
connect4-lstm-large-random-s2::d1_next_token,eval,connect4,lstm,large,random,random legal games,2,d1_next_token,yes,4,planned,
connect4-lstm-large-random-s2::d2_myhill_nerode,eval,connect4,lstm,large,random,random legal games,2,d2_myhill_nerode,yes,4,planned,
connect4-lstm-large-random-s2::d3_inductive_bias,eval,connect4,lstm,large,random,random legal games,2,d3_inductive_bias,yes,4,planned,
connect4-lstm-large-random-s2::d4_probing,eval,connect4,lstm,large,random,random legal games,2,d4_probing,yes,4,planned,
connect4-lstm-large-random-s2::fragility,eval,connect4,lstm,large,random,random legal games,2,fragility,yes,4,planned,
interpreter-transformer-small-expert-s0::d1_next_token,eval,interpreter,transformer,small,expert,structured programs,0,d1_next_token,no,2,planned,
interpreter-transformer-small-expert-s0::d2_myhill_nerode,eval,interpreter,transformer,small,expert,structured programs,0,d2_myhill_nerode,no,2,planned,
interpreter-transformer-small-expert-s0::d3_inductive_bias,eval,interpreter,transformer,small,expert,structured programs,0,d3_inductive_bias,no,2,planned,
interpreter-transformer-small-expert-s0::d4_probing,eval,interpreter,transformer,small,expert,structured programs,0,d4_probing,no,2,planned,
interpreter-transformer-small-expert-s0::fragility,eval,interpreter,transformer,small,expert,structured programs,0,fragility,no,2,planned,
interpreter-transformer-small-expert-s1::d1_next_token,eval,interpreter,transformer,small,expert,structured programs,1,d1_next_token,no,2,planned,
interpreter-transformer-small-expert-s1::d2_myhill_nerode,eval,interpreter,transformer,small,expert,structured programs,1,d2_myhill_nerode,no,2,planned,
interpreter-transformer-small-expert-s1::d3_inductive_bias,eval,interpreter,transformer,small,expert,structured programs,1,d3_inductive_bias,no,2,planned,
interpreter-transformer-small-expert-s1::d4_probing,eval,interpreter,transformer,small,expert,structured programs,1,d4_probing,no,2,planned,
interpreter-transformer-small-expert-s1::fragility,eval,interpreter,transformer,small,expert,structured programs,1,fragility,no,2,planned,
interpreter-transformer-small-expert-s2::d1_next_token,eval,interpreter,transformer,small,expert,structured programs,2,d1_next_token,no,3,planned,
interpreter-transformer-small-expert-s2::d2_myhill_nerode,eval,interpreter,transformer,small,expert,structured programs,2,d2_myhill_nerode,no,3,planned,
interpreter-transformer-small-expert-s2::d3_inductive_bias,eval,interpreter,transformer,small,expert,structured programs,2,d3_inductive_bias,no,3,planned,
interpreter-transformer-small-expert-s2::d4_probing,eval,interpreter,transformer,small,expert,structured programs,2,d4_probing,no,3,planned,
interpreter-transformer-small-expert-s2::fragility,eval,interpreter,transformer,small,expert,structured programs,2,fragility,no,3,planned,
interpreter-transformer-small-noisy-s0::d1_next_token,eval,interpreter,transformer,small,noisy,structured + random ops,0,d1_next_token,no,2,planned,
interpreter-transformer-small-noisy-s0::d2_myhill_nerode,eval,interpreter,transformer,small,noisy,structured + random ops,0,d2_myhill_nerode,no,2,planned,
interpreter-transformer-small-noisy-s0::d3_inductive_bias,eval,interpreter,transformer,small,noisy,structured + random ops,0,d3_inductive_bias,no,2,planned,
interpreter-transformer-small-noisy-s0::d4_probing,eval,interpreter,transformer,small,noisy,structured + random ops,0,d4_probing,no,2,planned,
interpreter-transformer-small-noisy-s0::fragility,eval,interpreter,transformer,small,noisy,structured + random ops,0,fragility,no,2,planned,
interpreter-transformer-small-noisy-s1::d1_next_token,eval,interpreter,transformer,small,noisy,structured + random ops,1,d1_next_token,no,2,planned,
interpreter-transformer-small-noisy-s1::d2_myhill_nerode,eval,interpreter,transformer,small,noisy,structured + random ops,1,d2_myhill_nerode,no,2,planned,
interpreter-transformer-small-noisy-s1::d3_inductive_bias,eval,interpreter,transformer,small,noisy,structured + random ops,1,d3_inductive_bias,no,2,planned,
interpreter-transformer-small-noisy-s1::d4_probing,eval,interpreter,transformer,small,noisy,structured + random ops,1,d4_probing,no,2,planned,
interpreter-transformer-small-noisy-s1::fragility,eval,interpreter,transformer,small,noisy,structured + random ops,1,fragility,no,2,planned,
interpreter-transformer-small-noisy-s2::d1_next_token,eval,interpreter,transformer,small,noisy,structured + random ops,2,d1_next_token,no,3,planned,
interpreter-transformer-small-noisy-s2::d2_myhill_nerode,eval,interpreter,transformer,small,noisy,structured + random ops,2,d2_myhill_nerode,no,3,planned,
interpreter-transformer-small-noisy-s2::d3_inductive_bias,eval,interpreter,transformer,small,noisy,structured + random ops,2,d3_inductive_bias,no,3,planned,
interpreter-transformer-small-noisy-s2::d4_probing,eval,interpreter,transformer,small,noisy,structured + random ops,2,d4_probing,no,3,planned,
interpreter-transformer-small-noisy-s2::fragility,eval,interpreter,transformer,small,noisy,structured + random ops,2,fragility,no,3,planned,
interpreter-transformer-small-random-s0::d1_next_token,eval,interpreter,transformer,small,random,random valid ops,0,d1_next_token,no,2,planned,
interpreter-transformer-small-random-s0::d2_myhill_nerode,eval,interpreter,transformer,small,random,random valid ops,0,d2_myhill_nerode,no,2,planned,
interpreter-transformer-small-random-s0::d3_inductive_bias,eval,interpreter,transformer,small,random,random valid ops,0,d3_inductive_bias,no,2,planned,
interpreter-transformer-small-random-s0::d4_probing,eval,interpreter,transformer,small,random,random valid ops,0,d4_probing,no,2,planned,
interpreter-transformer-small-random-s0::fragility,eval,interpreter,transformer,small,random,random valid ops,0,fragility,no,2,planned,
interpreter-transformer-small-random-s1::d1_next_token,eval,interpreter,transformer,small,random,random valid ops,1,d1_next_token,no,2,planned,
interpreter-transformer-small-random-s1::d2_myhill_nerode,eval,interpreter,transformer,small,random,random valid ops,1,d2_myhill_nerode,no,2,planned,
interpreter-transformer-small-random-s1::d3_inductive_bias,eval,interpreter,transformer,small,random,random valid ops,1,d3_inductive_bias,no,2,planned,
interpreter-transformer-small-random-s1::d4_probing,eval,interpreter,transformer,small,random,random valid ops,1,d4_probing,no,2,planned,
interpreter-transformer-small-random-s1::fragility,eval,interpreter,transformer,small,random,random valid ops,1,fragility,no,2,planned,
interpreter-transformer-small-random-s2::d1_next_token,eval,interpreter,transformer,small,random,random valid ops,2,d1_next_token,no,3,planned,
interpreter-transformer-small-random-s2::d2_myhill_nerode,eval,interpreter,transformer,small,random,random valid ops,2,d2_myhill_nerode,no,3,planned,
interpreter-transformer-small-random-s2::d3_inductive_bias,eval,interpreter,transformer,small,random,random valid ops,2,d3_inductive_bias,no,3,planned,
interpreter-transformer-small-random-s2::d4_probing,eval,interpreter,transformer,small,random,random valid ops,2,d4_probing,no,3,planned,
interpreter-transformer-small-random-s2::fragility,eval,interpreter,transformer,small,random,random valid ops,2,fragility,no,3,planned,
interpreter-transformer-medium-expert-s0::d1_next_token,eval,interpreter,transformer,medium,expert,structured programs,0,d1_next_token,no,1,planned,
interpreter-transformer-medium-expert-s0::d2_myhill_nerode,eval,interpreter,transformer,medium,expert,structured programs,0,d2_myhill_nerode,no,1,planned,
interpreter-transformer-medium-expert-s0::d3_inductive_bias,eval,interpreter,transformer,medium,expert,structured programs,0,d3_inductive_bias,no,1,planned,
interpreter-transformer-medium-expert-s0::d4_probing,eval,interpreter,transformer,medium,expert,structured programs,0,d4_probing,no,1,planned,
interpreter-transformer-medium-expert-s0::fragility,eval,interpreter,transformer,medium,expert,structured programs,0,fragility,no,1,planned,
interpreter-transformer-medium-expert-s1::d1_next_token,eval,interpreter,transformer,medium,expert,structured programs,1,d1_next_token,no,2,planned,
interpreter-transformer-medium-expert-s1::d2_myhill_nerode,eval,interpreter,transformer,medium,expert,structured programs,1,d2_myhill_nerode,no,2,planned,
interpreter-transformer-medium-expert-s1::d3_inductive_bias,eval,interpreter,transformer,medium,expert,structured programs,1,d3_inductive_bias,no,2,planned,
interpreter-transformer-medium-expert-s1::d4_probing,eval,interpreter,transformer,medium,expert,structured programs,1,d4_probing,no,2,planned,
interpreter-transformer-medium-expert-s1::fragility,eval,interpreter,transformer,medium,expert,structured programs,1,fragility,no,2,planned,
interpreter-transformer-medium-expert-s2::d1_next_token,eval,interpreter,transformer,medium,expert,structured programs,2,d1_next_token,no,3,planned,
interpreter-transformer-medium-expert-s2::d2_myhill_nerode,eval,interpreter,transformer,medium,expert,structured programs,2,d2_myhill_nerode,no,3,planned,
interpreter-transformer-medium-expert-s2::d3_inductive_bias,eval,interpreter,transformer,medium,expert,structured programs,2,d3_inductive_bias,no,3,planned,
interpreter-transformer-medium-expert-s2::d4_probing,eval,interpreter,transformer,medium,expert,structured programs,2,d4_probing,no,3,planned,
interpreter-transformer-medium-expert-s2::fragility,eval,interpreter,transformer,medium,expert,structured programs,2,fragility,no,3,planned,
interpreter-transformer-medium-noisy-s0::d1_next_token,eval,interpreter,transformer,medium,noisy,structured + random ops,0,d1_next_token,no,1,planned,
interpreter-transformer-medium-noisy-s0::d2_myhill_nerode,eval,interpreter,transformer,medium,noisy,structured + random ops,0,d2_myhill_nerode,no,1,planned,
interpreter-transformer-medium-noisy-s0::d3_inductive_bias,eval,interpreter,transformer,medium,noisy,structured + random ops,0,d3_inductive_bias,no,1,planned,
interpreter-transformer-medium-noisy-s0::d4_probing,eval,interpreter,transformer,medium,noisy,structured + random ops,0,d4_probing,no,1,planned,
interpreter-transformer-medium-noisy-s0::fragility,eval,interpreter,transformer,medium,noisy,structured + random ops,0,fragility,no,1,planned,
interpreter-transformer-medium-noisy-s1::d1_next_token,eval,interpreter,transformer,medium,noisy,structured + random ops,1,d1_next_token,no,2,planned,
interpreter-transformer-medium-noisy-s1::d2_myhill_nerode,eval,interpreter,transformer,medium,noisy,structured + random ops,1,d2_myhill_nerode,no,2,planned,
interpreter-transformer-medium-noisy-s1::d3_inductive_bias,eval,interpreter,transformer,medium,noisy,structured + random ops,1,d3_inductive_bias,no,2,planned,
interpreter-transformer-medium-noisy-s1::d4_probing,eval,interpreter,transformer,medium,noisy,structured + random ops,1,d4_probing,no,2,planned,
interpreter-transformer-medium-noisy-s1::fragility,eval,interpreter,transformer,medium,noisy,structured + random ops,1,fragility,no,2,planned,
interpreter-transformer-medium-noisy-s2::d1_next_token,eval,interpreter,transformer,medium,noisy,structured + random ops,2,d1_next_token,no,3,planned,
interpreter-transformer-medium-noisy-s2::d2_myhill_nerode,eval,interpreter,transformer,medium,noisy,structured + random ops,2,d2_myhill_nerode,no,3,planned,
interpreter-transformer-medium-noisy-s2::d3_inductive_bias,eval,interpreter,transformer,medium,noisy,structured + random ops,2,d3_inductive_bias,no,3,planned,
interpreter-transformer-medium-noisy-s2::d4_probing,eval,interpreter,transformer,medium,noisy,structured + random ops,2,d4_probing,no,3,planned,
interpreter-transformer-medium-noisy-s2::fragility,eval,interpreter,transformer,medium,noisy,structured + random ops,2,fragility,no,3,planned,
interpreter-transformer-medium-random-s0::d1_next_token,eval,interpreter,transformer,medium,random,random valid ops,0,d1_next_token,no,1,planned,
interpreter-transformer-medium-random-s0::d2_myhill_nerode,eval,interpreter,transformer,medium,random,random valid ops,0,d2_myhill_nerode,no,1,planned,
interpreter-transformer-medium-random-s0::d3_inductive_bias,eval,interpreter,transformer,medium,random,random valid ops,0,d3_inductive_bias,no,1,planned,
interpreter-transformer-medium-random-s0::d4_probing,eval,interpreter,transformer,medium,random,random valid ops,0,d4_probing,no,1,planned,
interpreter-transformer-medium-random-s0::fragility,eval,interpreter,transformer,medium,random,random valid ops,0,fragility,no,1,planned,
interpreter-transformer-medium-random-s1::d1_next_token,eval,interpreter,transformer,medium,random,random valid ops,1,d1_next_token,no,2,planned,
interpreter-transformer-medium-random-s1::d2_myhill_nerode,eval,interpreter,transformer,medium,random,random valid ops,1,d2_myhill_nerode,no,2,planned,
interpreter-transformer-medium-random-s1::d3_inductive_bias,eval,interpreter,transformer,medium,random,random valid ops,1,d3_inductive_bias,no,2,planned,
interpreter-transformer-medium-random-s1::d4_probing,eval,interpreter,transformer,medium,random,random valid ops,1,d4_probing,no,2,planned,
interpreter-transformer-medium-random-s1::fragility,eval,interpreter,transformer,medium,random,random valid ops,1,fragility,no,2,planned,
interpreter-transformer-medium-random-s2::d1_next_token,eval,interpreter,transformer,medium,random,random valid ops,2,d1_next_token,no,3,planned,
interpreter-transformer-medium-random-s2::d2_myhill_nerode,eval,interpreter,transformer,medium,random,random valid ops,2,d2_myhill_nerode,no,3,planned,
interpreter-transformer-medium-random-s2::d3_inductive_bias,eval,interpreter,transformer,medium,random,random valid ops,2,d3_inductive_bias,no,3,planned,
interpreter-transformer-medium-random-s2::d4_probing,eval,interpreter,transformer,medium,random,random valid ops,2,d4_probing,no,3,planned,
interpreter-transformer-medium-random-s2::fragility,eval,interpreter,transformer,medium,random,random valid ops,2,fragility,no,3,planned,
interpreter-transformer-large-expert-s0::d1_next_token,eval,interpreter,transformer,large,expert,structured programs,0,d1_next_token,no,3,planned,
interpreter-transformer-large-expert-s0::d2_myhill_nerode,eval,interpreter,transformer,large,expert,structured programs,0,d2_myhill_nerode,no,3,planned,
interpreter-transformer-large-expert-s0::d3_inductive_bias,eval,interpreter,transformer,large,expert,structured programs,0,d3_inductive_bias,no,3,planned,
interpreter-transformer-large-expert-s0::d4_probing,eval,interpreter,transformer,large,expert,structured programs,0,d4_probing,no,3,planned,
interpreter-transformer-large-expert-s0::fragility,eval,interpreter,transformer,large,expert,structured programs,0,fragility,no,3,planned,
interpreter-transformer-large-expert-s1::d1_next_token,eval,interpreter,transformer,large,expert,structured programs,1,d1_next_token,no,3,planned,
interpreter-transformer-large-expert-s1::d2_myhill_nerode,eval,interpreter,transformer,large,expert,structured programs,1,d2_myhill_nerode,no,3,planned,
interpreter-transformer-large-expert-s1::d3_inductive_bias,eval,interpreter,transformer,large,expert,structured programs,1,d3_inductive_bias,no,3,planned,
interpreter-transformer-large-expert-s1::d4_probing,eval,interpreter,transformer,large,expert,structured programs,1,d4_probing,no,3,planned,
interpreter-transformer-large-expert-s1::fragility,eval,interpreter,transformer,large,expert,structured programs,1,fragility,no,3,planned,
interpreter-transformer-large-expert-s2::d1_next_token,eval,interpreter,transformer,large,expert,structured programs,2,d1_next_token,no,3,planned,
interpreter-transformer-large-expert-s2::d2_myhill_nerode,eval,interpreter,transformer,large,expert,structured programs,2,d2_myhill_nerode,no,3,planned,
interpreter-transformer-large-expert-s2::d3_inductive_bias,eval,interpreter,transformer,large,expert,structured programs,2,d3_inductive_bias,no,3,planned,
interpreter-transformer-large-expert-s2::d4_probing,eval,interpreter,transformer,large,expert,structured programs,2,d4_probing,no,3,planned,
interpreter-transformer-large-expert-s2::fragility,eval,interpreter,transformer,large,expert,structured programs,2,fragility,no,3,planned,
interpreter-transformer-large-noisy-s0::d1_next_token,eval,interpreter,transformer,large,noisy,structured + random ops,0,d1_next_token,no,3,planned,
interpreter-transformer-large-noisy-s0::d2_myhill_nerode,eval,interpreter,transformer,large,noisy,structured + random ops,0,d2_myhill_nerode,no,3,planned,
interpreter-transformer-large-noisy-s0::d3_inductive_bias,eval,interpreter,transformer,large,noisy,structured + random ops,0,d3_inductive_bias,no,3,planned,
interpreter-transformer-large-noisy-s0::d4_probing,eval,interpreter,transformer,large,noisy,structured + random ops,0,d4_probing,no,3,planned,
interpreter-transformer-large-noisy-s0::fragility,eval,interpreter,transformer,large,noisy,structured + random ops,0,fragility,no,3,planned,
interpreter-transformer-large-noisy-s1::d1_next_token,eval,interpreter,transformer,large,noisy,structured + random ops,1,d1_next_token,no,3,planned,
interpreter-transformer-large-noisy-s1::d2_myhill_nerode,eval,interpreter,transformer,large,noisy,structured + random ops,1,d2_myhill_nerode,no,3,planned,
interpreter-transformer-large-noisy-s1::d3_inductive_bias,eval,interpreter,transformer,large,noisy,structured + random ops,1,d3_inductive_bias,no,3,planned,
interpreter-transformer-large-noisy-s1::d4_probing,eval,interpreter,transformer,large,noisy,structured + random ops,1,d4_probing,no,3,planned,
interpreter-transformer-large-noisy-s1::fragility,eval,interpreter,transformer,large,noisy,structured + random ops,1,fragility,no,3,planned,
interpreter-transformer-large-noisy-s2::d1_next_token,eval,interpreter,transformer,large,noisy,structured + random ops,2,d1_next_token,no,3,planned,
interpreter-transformer-large-noisy-s2::d2_myhill_nerode,eval,interpreter,transformer,large,noisy,structured + random ops,2,d2_myhill_nerode,no,3,planned,
interpreter-transformer-large-noisy-s2::d3_inductive_bias,eval,interpreter,transformer,large,noisy,structured + random ops,2,d3_inductive_bias,no,3,planned,
interpreter-transformer-large-noisy-s2::d4_probing,eval,interpreter,transformer,large,noisy,structured + random ops,2,d4_probing,no,3,planned,
interpreter-transformer-large-noisy-s2::fragility,eval,interpreter,transformer,large,noisy,structured + random ops,2,fragility,no,3,planned,
interpreter-transformer-large-random-s0::d1_next_token,eval,interpreter,transformer,large,random,random valid ops,0,d1_next_token,no,3,planned,
interpreter-transformer-large-random-s0::d2_myhill_nerode,eval,interpreter,transformer,large,random,random valid ops,0,d2_myhill_nerode,no,3,planned,
interpreter-transformer-large-random-s0::d3_inductive_bias,eval,interpreter,transformer,large,random,random valid ops,0,d3_inductive_bias,no,3,planned,
interpreter-transformer-large-random-s0::d4_probing,eval,interpreter,transformer,large,random,random valid ops,0,d4_probing,no,3,planned,
interpreter-transformer-large-random-s0::fragility,eval,interpreter,transformer,large,random,random valid ops,0,fragility,no,3,planned,
interpreter-transformer-large-random-s1::d1_next_token,eval,interpreter,transformer,large,random,random valid ops,1,d1_next_token,no,3,planned,
interpreter-transformer-large-random-s1::d2_myhill_nerode,eval,interpreter,transformer,large,random,random valid ops,1,d2_myhill_nerode,no,3,planned,
interpreter-transformer-large-random-s1::d3_inductive_bias,eval,interpreter,transformer,large,random,random valid ops,1,d3_inductive_bias,no,3,planned,
interpreter-transformer-large-random-s1::d4_probing,eval,interpreter,transformer,large,random,random valid ops,1,d4_probing,no,3,planned,
interpreter-transformer-large-random-s1::fragility,eval,interpreter,transformer,large,random,random valid ops,1,fragility,no,3,planned,
interpreter-transformer-large-random-s2::d1_next_token,eval,interpreter,transformer,large,random,random valid ops,2,d1_next_token,no,3,planned,
interpreter-transformer-large-random-s2::d2_myhill_nerode,eval,interpreter,transformer,large,random,random valid ops,2,d2_myhill_nerode,no,3,planned,
interpreter-transformer-large-random-s2::d3_inductive_bias,eval,interpreter,transformer,large,random,random valid ops,2,d3_inductive_bias,no,3,planned,
interpreter-transformer-large-random-s2::d4_probing,eval,interpreter,transformer,large,random,random valid ops,2,d4_probing,no,3,planned,
interpreter-transformer-large-random-s2::fragility,eval,interpreter,transformer,large,random,random valid ops,2,fragility,no,3,planned,
interpreter-ssm-small-expert-s0::d1_next_token,eval,interpreter,ssm,small,expert,structured programs,0,d1_next_token,no,2,planned,
interpreter-ssm-small-expert-s0::d2_myhill_nerode,eval,interpreter,ssm,small,expert,structured programs,0,d2_myhill_nerode,no,2,planned,
interpreter-ssm-small-expert-s0::d3_inductive_bias,eval,interpreter,ssm,small,expert,structured programs,0,d3_inductive_bias,no,2,planned,
interpreter-ssm-small-expert-s0::d4_probing,eval,interpreter,ssm,small,expert,structured programs,0,d4_probing,no,2,planned,
interpreter-ssm-small-expert-s0::fragility,eval,interpreter,ssm,small,expert,structured programs,0,fragility,no,2,planned,
interpreter-ssm-small-expert-s1::d1_next_token,eval,interpreter,ssm,small,expert,structured programs,1,d1_next_token,no,2,planned,
interpreter-ssm-small-expert-s1::d2_myhill_nerode,eval,interpreter,ssm,small,expert,structured programs,1,d2_myhill_nerode,no,2,planned,
interpreter-ssm-small-expert-s1::d3_inductive_bias,eval,interpreter,ssm,small,expert,structured programs,1,d3_inductive_bias,no,2,planned,
interpreter-ssm-small-expert-s1::d4_probing,eval,interpreter,ssm,small,expert,structured programs,1,d4_probing,no,2,planned,
interpreter-ssm-small-expert-s1::fragility,eval,interpreter,ssm,small,expert,structured programs,1,fragility,no,2,planned,
interpreter-ssm-small-expert-s2::d1_next_token,eval,interpreter,ssm,small,expert,structured programs,2,d1_next_token,no,3,planned,
interpreter-ssm-small-expert-s2::d2_myhill_nerode,eval,interpreter,ssm,small,expert,structured programs,2,d2_myhill_nerode,no,3,planned,
interpreter-ssm-small-expert-s2::d3_inductive_bias,eval,interpreter,ssm,small,expert,structured programs,2,d3_inductive_bias,no,3,planned,
interpreter-ssm-small-expert-s2::d4_probing,eval,interpreter,ssm,small,expert,structured programs,2,d4_probing,no,3,planned,
interpreter-ssm-small-expert-s2::fragility,eval,interpreter,ssm,small,expert,structured programs,2,fragility,no,3,planned,
interpreter-ssm-small-noisy-s0::d1_next_token,eval,interpreter,ssm,small,noisy,structured + random ops,0,d1_next_token,no,2,planned,
interpreter-ssm-small-noisy-s0::d2_myhill_nerode,eval,interpreter,ssm,small,noisy,structured + random ops,0,d2_myhill_nerode,no,2,planned,
interpreter-ssm-small-noisy-s0::d3_inductive_bias,eval,interpreter,ssm,small,noisy,structured + random ops,0,d3_inductive_bias,no,2,planned,
interpreter-ssm-small-noisy-s0::d4_probing,eval,interpreter,ssm,small,noisy,structured + random ops,0,d4_probing,no,2,planned,
interpreter-ssm-small-noisy-s0::fragility,eval,interpreter,ssm,small,noisy,structured + random ops,0,fragility,no,2,planned,
interpreter-ssm-small-noisy-s1::d1_next_token,eval,interpreter,ssm,small,noisy,structured + random ops,1,d1_next_token,no,2,planned,
interpreter-ssm-small-noisy-s1::d2_myhill_nerode,eval,interpreter,ssm,small,noisy,structured + random ops,1,d2_myhill_nerode,no,2,planned,
interpreter-ssm-small-noisy-s1::d3_inductive_bias,eval,interpreter,ssm,small,noisy,structured + random ops,1,d3_inductive_bias,no,2,planned,
interpreter-ssm-small-noisy-s1::d4_probing,eval,interpreter,ssm,small,noisy,structured + random ops,1,d4_probing,no,2,planned,
interpreter-ssm-small-noisy-s1::fragility,eval,interpreter,ssm,small,noisy,structured + random ops,1,fragility,no,2,planned,
interpreter-ssm-small-noisy-s2::d1_next_token,eval,interpreter,ssm,small,noisy,structured + random ops,2,d1_next_token,no,3,planned,
interpreter-ssm-small-noisy-s2::d2_myhill_nerode,eval,interpreter,ssm,small,noisy,structured + random ops,2,d2_myhill_nerode,no,3,planned,
interpreter-ssm-small-noisy-s2::d3_inductive_bias,eval,interpreter,ssm,small,noisy,structured + random ops,2,d3_inductive_bias,no,3,planned,
interpreter-ssm-small-noisy-s2::d4_probing,eval,interpreter,ssm,small,noisy,structured + random ops,2,d4_probing,no,3,planned,
interpreter-ssm-small-noisy-s2::fragility,eval,interpreter,ssm,small,noisy,structured + random ops,2,fragility,no,3,planned,
interpreter-ssm-small-random-s0::d1_next_token,eval,interpreter,ssm,small,random,random valid ops,0,d1_next_token,no,2,planned,
interpreter-ssm-small-random-s0::d2_myhill_nerode,eval,interpreter,ssm,small,random,random valid ops,0,d2_myhill_nerode,no,2,planned,
interpreter-ssm-small-random-s0::d3_inductive_bias,eval,interpreter,ssm,small,random,random valid ops,0,d3_inductive_bias,no,2,planned,
interpreter-ssm-small-random-s0::d4_probing,eval,interpreter,ssm,small,random,random valid ops,0,d4_probing,no,2,planned,
interpreter-ssm-small-random-s0::fragility,eval,interpreter,ssm,small,random,random valid ops,0,fragility,no,2,planned,
interpreter-ssm-small-random-s1::d1_next_token,eval,interpreter,ssm,small,random,random valid ops,1,d1_next_token,no,2,planned,
interpreter-ssm-small-random-s1::d2_myhill_nerode,eval,interpreter,ssm,small,random,random valid ops,1,d2_myhill_nerode,no,2,planned,
interpreter-ssm-small-random-s1::d3_inductive_bias,eval,interpreter,ssm,small,random,random valid ops,1,d3_inductive_bias,no,2,planned,
interpreter-ssm-small-random-s1::d4_probing,eval,interpreter,ssm,small,random,random valid ops,1,d4_probing,no,2,planned,
interpreter-ssm-small-random-s1::fragility,eval,interpreter,ssm,small,random,random valid ops,1,fragility,no,2,planned,
interpreter-ssm-small-random-s2::d1_next_token,eval,interpreter,ssm,small,random,random valid ops,2,d1_next_token,no,3,planned,
interpreter-ssm-small-random-s2::d2_myhill_nerode,eval,interpreter,ssm,small,random,random valid ops,2,d2_myhill_nerode,no,3,planned,
interpreter-ssm-small-random-s2::d3_inductive_bias,eval,interpreter,ssm,small,random,random valid ops,2,d3_inductive_bias,no,3,planned,
interpreter-ssm-small-random-s2::d4_probing,eval,interpreter,ssm,small,random,random valid ops,2,d4_probing,no,3,planned,
interpreter-ssm-small-random-s2::fragility,eval,interpreter,ssm,small,random,random valid ops,2,fragility,no,3,planned,
interpreter-ssm-medium-expert-s0::d1_next_token,eval,interpreter,ssm,medium,expert,structured programs,0,d1_next_token,no,1,planned,
interpreter-ssm-medium-expert-s0::d2_myhill_nerode,eval,interpreter,ssm,medium,expert,structured programs,0,d2_myhill_nerode,no,1,planned,
interpreter-ssm-medium-expert-s0::d3_inductive_bias,eval,interpreter,ssm,medium,expert,structured programs,0,d3_inductive_bias,no,1,planned,
interpreter-ssm-medium-expert-s0::d4_probing,eval,interpreter,ssm,medium,expert,structured programs,0,d4_probing,no,1,planned,
interpreter-ssm-medium-expert-s0::fragility,eval,interpreter,ssm,medium,expert,structured programs,0,fragility,no,1,planned,
interpreter-ssm-medium-expert-s1::d1_next_token,eval,interpreter,ssm,medium,expert,structured programs,1,d1_next_token,no,2,planned,
interpreter-ssm-medium-expert-s1::d2_myhill_nerode,eval,interpreter,ssm,medium,expert,structured programs,1,d2_myhill_nerode,no,2,planned,
interpreter-ssm-medium-expert-s1::d3_inductive_bias,eval,interpreter,ssm,medium,expert,structured programs,1,d3_inductive_bias,no,2,planned,
interpreter-ssm-medium-expert-s1::d4_probing,eval,interpreter,ssm,medium,expert,structured programs,1,d4_probing,no,2,planned,
interpreter-ssm-medium-expert-s1::fragility,eval,interpreter,ssm,medium,expert,structured programs,1,fragility,no,2,planned,
interpreter-ssm-medium-expert-s2::d1_next_token,eval,interpreter,ssm,medium,expert,structured programs,2,d1_next_token,no,3,planned,
interpreter-ssm-medium-expert-s2::d2_myhill_nerode,eval,interpreter,ssm,medium,expert,structured programs,2,d2_myhill_nerode,no,3,planned,
interpreter-ssm-medium-expert-s2::d3_inductive_bias,eval,interpreter,ssm,medium,expert,structured programs,2,d3_inductive_bias,no,3,planned,
interpreter-ssm-medium-expert-s2::d4_probing,eval,interpreter,ssm,medium,expert,structured programs,2,d4_probing,no,3,planned,
interpreter-ssm-medium-expert-s2::fragility,eval,interpreter,ssm,medium,expert,structured programs,2,fragility,no,3,planned,
interpreter-ssm-medium-noisy-s0::d1_next_token,eval,interpreter,ssm,medium,noisy,structured + random ops,0,d1_next_token,no,1,planned,
interpreter-ssm-medium-noisy-s0::d2_myhill_nerode,eval,interpreter,ssm,medium,noisy,structured + random ops,0,d2_myhill_nerode,no,1,planned,
interpreter-ssm-medium-noisy-s0::d3_inductive_bias,eval,interpreter,ssm,medium,noisy,structured + random ops,0,d3_inductive_bias,no,1,planned,
interpreter-ssm-medium-noisy-s0::d4_probing,eval,interpreter,ssm,medium,noisy,structured + random ops,0,d4_probing,no,1,planned,
interpreter-ssm-medium-noisy-s0::fragility,eval,interpreter,ssm,medium,noisy,structured + random ops,0,fragility,no,1,planned,
interpreter-ssm-medium-noisy-s1::d1_next_token,eval,interpreter,ssm,medium,noisy,structured + random ops,1,d1_next_token,no,2,planned,
interpreter-ssm-medium-noisy-s1::d2_myhill_nerode,eval,interpreter,ssm,medium,noisy,structured + random ops,1,d2_myhill_nerode,no,2,planned,
interpreter-ssm-medium-noisy-s1::d3_inductive_bias,eval,interpreter,ssm,medium,noisy,structured + random ops,1,d3_inductive_bias,no,2,planned,
interpreter-ssm-medium-noisy-s1::d4_probing,eval,interpreter,ssm,medium,noisy,structured + random ops,1,d4_probing,no,2,planned,
interpreter-ssm-medium-noisy-s1::fragility,eval,interpreter,ssm,medium,noisy,structured + random ops,1,fragility,no,2,planned,
interpreter-ssm-medium-noisy-s2::d1_next_token,eval,interpreter,ssm,medium,noisy,structured + random ops,2,d1_next_token,no,3,planned,
interpreter-ssm-medium-noisy-s2::d2_myhill_nerode,eval,interpreter,ssm,medium,noisy,structured + random ops,2,d2_myhill_nerode,no,3,planned,
interpreter-ssm-medium-noisy-s2::d3_inductive_bias,eval,interpreter,ssm,medium,noisy,structured + random ops,2,d3_inductive_bias,no,3,planned,
interpreter-ssm-medium-noisy-s2::d4_probing,eval,interpreter,ssm,medium,noisy,structured + random ops,2,d4_probing,no,3,planned,
interpreter-ssm-medium-noisy-s2::fragility,eval,interpreter,ssm,medium,noisy,structured + random ops,2,fragility,no,3,planned,
interpreter-ssm-medium-random-s0::d1_next_token,eval,interpreter,ssm,medium,random,random valid ops,0,d1_next_token,no,1,planned,
interpreter-ssm-medium-random-s0::d2_myhill_nerode,eval,interpreter,ssm,medium,random,random valid ops,0,d2_myhill_nerode,no,1,planned,
interpreter-ssm-medium-random-s0::d3_inductive_bias,eval,interpreter,ssm,medium,random,random valid ops,0,d3_inductive_bias,no,1,planned,
interpreter-ssm-medium-random-s0::d4_probing,eval,interpreter,ssm,medium,random,random valid ops,0,d4_probing,no,1,planned,
interpreter-ssm-medium-random-s0::fragility,eval,interpreter,ssm,medium,random,random valid ops,0,fragility,no,1,planned,
interpreter-ssm-medium-random-s1::d1_next_token,eval,interpreter,ssm,medium,random,random valid ops,1,d1_next_token,no,2,planned,
interpreter-ssm-medium-random-s1::d2_myhill_nerode,eval,interpreter,ssm,medium,random,random valid ops,1,d2_myhill_nerode,no,2,planned,
interpreter-ssm-medium-random-s1::d3_inductive_bias,eval,interpreter,ssm,medium,random,random valid ops,1,d3_inductive_bias,no,2,planned,
interpreter-ssm-medium-random-s1::d4_probing,eval,interpreter,ssm,medium,random,random valid ops,1,d4_probing,no,2,planned,
interpreter-ssm-medium-random-s1::fragility,eval,interpreter,ssm,medium,random,random valid ops,1,fragility,no,2,planned,
interpreter-ssm-medium-random-s2::d1_next_token,eval,interpreter,ssm,medium,random,random valid ops,2,d1_next_token,no,3,planned,
interpreter-ssm-medium-random-s2::d2_myhill_nerode,eval,interpreter,ssm,medium,random,random valid ops,2,d2_myhill_nerode,no,3,planned,
interpreter-ssm-medium-random-s2::d3_inductive_bias,eval,interpreter,ssm,medium,random,random valid ops,2,d3_inductive_bias,no,3,planned,
interpreter-ssm-medium-random-s2::d4_probing,eval,interpreter,ssm,medium,random,random valid ops,2,d4_probing,no,3,planned,
interpreter-ssm-medium-random-s2::fragility,eval,interpreter,ssm,medium,random,random valid ops,2,fragility,no,3,planned,
interpreter-ssm-large-expert-s0::d1_next_token,eval,interpreter,ssm,large,expert,structured programs,0,d1_next_token,no,3,planned,
interpreter-ssm-large-expert-s0::d2_myhill_nerode,eval,interpreter,ssm,large,expert,structured programs,0,d2_myhill_nerode,no,3,planned,
interpreter-ssm-large-expert-s0::d3_inductive_bias,eval,interpreter,ssm,large,expert,structured programs,0,d3_inductive_bias,no,3,planned,
interpreter-ssm-large-expert-s0::d4_probing,eval,interpreter,ssm,large,expert,structured programs,0,d4_probing,no,3,planned,
interpreter-ssm-large-expert-s0::fragility,eval,interpreter,ssm,large,expert,structured programs,0,fragility,no,3,planned,
interpreter-ssm-large-expert-s1::d1_next_token,eval,interpreter,ssm,large,expert,structured programs,1,d1_next_token,no,3,planned,
interpreter-ssm-large-expert-s1::d2_myhill_nerode,eval,interpreter,ssm,large,expert,structured programs,1,d2_myhill_nerode,no,3,planned,
interpreter-ssm-large-expert-s1::d3_inductive_bias,eval,interpreter,ssm,large,expert,structured programs,1,d3_inductive_bias,no,3,planned,
interpreter-ssm-large-expert-s1::d4_probing,eval,interpreter,ssm,large,expert,structured programs,1,d4_probing,no,3,planned,
interpreter-ssm-large-expert-s1::fragility,eval,interpreter,ssm,large,expert,structured programs,1,fragility,no,3,planned,
interpreter-ssm-large-expert-s2::d1_next_token,eval,interpreter,ssm,large,expert,structured programs,2,d1_next_token,no,3,planned,
interpreter-ssm-large-expert-s2::d2_myhill_nerode,eval,interpreter,ssm,large,expert,structured programs,2,d2_myhill_nerode,no,3,planned,
interpreter-ssm-large-expert-s2::d3_inductive_bias,eval,interpreter,ssm,large,expert,structured programs,2,d3_inductive_bias,no,3,planned,
interpreter-ssm-large-expert-s2::d4_probing,eval,interpreter,ssm,large,expert,structured programs,2,d4_probing,no,3,planned,
interpreter-ssm-large-expert-s2::fragility,eval,interpreter,ssm,large,expert,structured programs,2,fragility,no,3,planned,
interpreter-ssm-large-noisy-s0::d1_next_token,eval,interpreter,ssm,large,noisy,structured + random ops,0,d1_next_token,no,3,planned,
interpreter-ssm-large-noisy-s0::d2_myhill_nerode,eval,interpreter,ssm,large,noisy,structured + random ops,0,d2_myhill_nerode,no,3,planned,
interpreter-ssm-large-noisy-s0::d3_inductive_bias,eval,interpreter,ssm,large,noisy,structured + random ops,0,d3_inductive_bias,no,3,planned,
interpreter-ssm-large-noisy-s0::d4_probing,eval,interpreter,ssm,large,noisy,structured + random ops,0,d4_probing,no,3,planned,
interpreter-ssm-large-noisy-s0::fragility,eval,interpreter,ssm,large,noisy,structured + random ops,0,fragility,no,3,planned,
interpreter-ssm-large-noisy-s1::d1_next_token,eval,interpreter,ssm,large,noisy,structured + random ops,1,d1_next_token,no,3,planned,
interpreter-ssm-large-noisy-s1::d2_myhill_nerode,eval,interpreter,ssm,large,noisy,structured + random ops,1,d2_myhill_nerode,no,3,planned,
interpreter-ssm-large-noisy-s1::d3_inductive_bias,eval,interpreter,ssm,large,noisy,structured + random ops,1,d3_inductive_bias,no,3,planned,
interpreter-ssm-large-noisy-s1::d4_probing,eval,interpreter,ssm,large,noisy,structured + random ops,1,d4_probing,no,3,planned,
interpreter-ssm-large-noisy-s1::fragility,eval,interpreter,ssm,large,noisy,structured + random ops,1,fragility,no,3,planned,
interpreter-ssm-large-noisy-s2::d1_next_token,eval,interpreter,ssm,large,noisy,structured + random ops,2,d1_next_token,no,3,planned,
interpreter-ssm-large-noisy-s2::d2_myhill_nerode,eval,interpreter,ssm,large,noisy,structured + random ops,2,d2_myhill_nerode,no,3,planned,
interpreter-ssm-large-noisy-s2::d3_inductive_bias,eval,interpreter,ssm,large,noisy,structured + random ops,2,d3_inductive_bias,no,3,planned,
interpreter-ssm-large-noisy-s2::d4_probing,eval,interpreter,ssm,large,noisy,structured + random ops,2,d4_probing,no,3,planned,
interpreter-ssm-large-noisy-s2::fragility,eval,interpreter,ssm,large,noisy,structured + random ops,2,fragility,no,3,planned,
interpreter-ssm-large-random-s0::d1_next_token,eval,interpreter,ssm,large,random,random valid ops,0,d1_next_token,no,3,planned,
interpreter-ssm-large-random-s0::d2_myhill_nerode,eval,interpreter,ssm,large,random,random valid ops,0,d2_myhill_nerode,no,3,planned,
interpreter-ssm-large-random-s0::d3_inductive_bias,eval,interpreter,ssm,large,random,random valid ops,0,d3_inductive_bias,no,3,planned,
interpreter-ssm-large-random-s0::d4_probing,eval,interpreter,ssm,large,random,random valid ops,0,d4_probing,no,3,planned,
interpreter-ssm-large-random-s0::fragility,eval,interpreter,ssm,large,random,random valid ops,0,fragility,no,3,planned,
interpreter-ssm-large-random-s1::d1_next_token,eval,interpreter,ssm,large,random,random valid ops,1,d1_next_token,no,3,planned,
interpreter-ssm-large-random-s1::d2_myhill_nerode,eval,interpreter,ssm,large,random,random valid ops,1,d2_myhill_nerode,no,3,planned,
interpreter-ssm-large-random-s1::d3_inductive_bias,eval,interpreter,ssm,large,random,random valid ops,1,d3_inductive_bias,no,3,planned,
interpreter-ssm-large-random-s1::d4_probing,eval,interpreter,ssm,large,random,random valid ops,1,d4_probing,no,3,planned,
interpreter-ssm-large-random-s1::fragility,eval,interpreter,ssm,large,random,random valid ops,1,fragility,no,3,planned,
interpreter-ssm-large-random-s2::d1_next_token,eval,interpreter,ssm,large,random,random valid ops,2,d1_next_token,no,3,planned,
interpreter-ssm-large-random-s2::d2_myhill_nerode,eval,interpreter,ssm,large,random,random valid ops,2,d2_myhill_nerode,no,3,planned,
interpreter-ssm-large-random-s2::d3_inductive_bias,eval,interpreter,ssm,large,random,random valid ops,2,d3_inductive_bias,no,3,planned,
interpreter-ssm-large-random-s2::d4_probing,eval,interpreter,ssm,large,random,random valid ops,2,d4_probing,no,3,planned,
interpreter-ssm-large-random-s2::fragility,eval,interpreter,ssm,large,random,random valid ops,2,fragility,no,3,planned,
interpreter-lstm-small-expert-s0::d1_next_token,eval,interpreter,lstm,small,expert,structured programs,0,d1_next_token,yes,4,planned,
interpreter-lstm-small-expert-s0::d2_myhill_nerode,eval,interpreter,lstm,small,expert,structured programs,0,d2_myhill_nerode,yes,4,planned,
interpreter-lstm-small-expert-s0::d3_inductive_bias,eval,interpreter,lstm,small,expert,structured programs,0,d3_inductive_bias,yes,4,planned,
interpreter-lstm-small-expert-s0::d4_probing,eval,interpreter,lstm,small,expert,structured programs,0,d4_probing,yes,4,planned,
interpreter-lstm-small-expert-s0::fragility,eval,interpreter,lstm,small,expert,structured programs,0,fragility,yes,4,planned,
interpreter-lstm-small-expert-s1::d1_next_token,eval,interpreter,lstm,small,expert,structured programs,1,d1_next_token,yes,4,planned,
interpreter-lstm-small-expert-s1::d2_myhill_nerode,eval,interpreter,lstm,small,expert,structured programs,1,d2_myhill_nerode,yes,4,planned,
interpreter-lstm-small-expert-s1::d3_inductive_bias,eval,interpreter,lstm,small,expert,structured programs,1,d3_inductive_bias,yes,4,planned,
interpreter-lstm-small-expert-s1::d4_probing,eval,interpreter,lstm,small,expert,structured programs,1,d4_probing,yes,4,planned,
interpreter-lstm-small-expert-s1::fragility,eval,interpreter,lstm,small,expert,structured programs,1,fragility,yes,4,planned,
interpreter-lstm-small-expert-s2::d1_next_token,eval,interpreter,lstm,small,expert,structured programs,2,d1_next_token,yes,4,planned,
interpreter-lstm-small-expert-s2::d2_myhill_nerode,eval,interpreter,lstm,small,expert,structured programs,2,d2_myhill_nerode,yes,4,planned,
interpreter-lstm-small-expert-s2::d3_inductive_bias,eval,interpreter,lstm,small,expert,structured programs,2,d3_inductive_bias,yes,4,planned,
interpreter-lstm-small-expert-s2::d4_probing,eval,interpreter,lstm,small,expert,structured programs,2,d4_probing,yes,4,planned,
interpreter-lstm-small-expert-s2::fragility,eval,interpreter,lstm,small,expert,structured programs,2,fragility,yes,4,planned,
interpreter-lstm-small-noisy-s0::d1_next_token,eval,interpreter,lstm,small,noisy,structured + random ops,0,d1_next_token,yes,4,planned,
interpreter-lstm-small-noisy-s0::d2_myhill_nerode,eval,interpreter,lstm,small,noisy,structured + random ops,0,d2_myhill_nerode,yes,4,planned,
interpreter-lstm-small-noisy-s0::d3_inductive_bias,eval,interpreter,lstm,small,noisy,structured + random ops,0,d3_inductive_bias,yes,4,planned,
interpreter-lstm-small-noisy-s0::d4_probing,eval,interpreter,lstm,small,noisy,structured + random ops,0,d4_probing,yes,4,planned,
interpreter-lstm-small-noisy-s0::fragility,eval,interpreter,lstm,small,noisy,structured + random ops,0,fragility,yes,4,planned,
interpreter-lstm-small-noisy-s1::d1_next_token,eval,interpreter,lstm,small,noisy,structured + random ops,1,d1_next_token,yes,4,planned,
interpreter-lstm-small-noisy-s1::d2_myhill_nerode,eval,interpreter,lstm,small,noisy,structured + random ops,1,d2_myhill_nerode,yes,4,planned,
interpreter-lstm-small-noisy-s1::d3_inductive_bias,eval,interpreter,lstm,small,noisy,structured + random ops,1,d3_inductive_bias,yes,4,planned,
interpreter-lstm-small-noisy-s1::d4_probing,eval,interpreter,lstm,small,noisy,structured + random ops,1,d4_probing,yes,4,planned,
interpreter-lstm-small-noisy-s1::fragility,eval,interpreter,lstm,small,noisy,structured + random ops,1,fragility,yes,4,planned,
interpreter-lstm-small-noisy-s2::d1_next_token,eval,interpreter,lstm,small,noisy,structured + random ops,2,d1_next_token,yes,4,planned,
interpreter-lstm-small-noisy-s2::d2_myhill_nerode,eval,interpreter,lstm,small,noisy,structured + random ops,2,d2_myhill_nerode,yes,4,planned,
interpreter-lstm-small-noisy-s2::d3_inductive_bias,eval,interpreter,lstm,small,noisy,structured + random ops,2,d3_inductive_bias,yes,4,planned,
interpreter-lstm-small-noisy-s2::d4_probing,eval,interpreter,lstm,small,noisy,structured + random ops,2,d4_probing,yes,4,planned,
interpreter-lstm-small-noisy-s2::fragility,eval,interpreter,lstm,small,noisy,structured + random ops,2,fragility,yes,4,planned,
interpreter-lstm-small-random-s0::d1_next_token,eval,interpreter,lstm,small,random,random valid ops,0,d1_next_token,yes,4,planned,
interpreter-lstm-small-random-s0::d2_myhill_nerode,eval,interpreter,lstm,small,random,random valid ops,0,d2_myhill_nerode,yes,4,planned,
interpreter-lstm-small-random-s0::d3_inductive_bias,eval,interpreter,lstm,small,random,random valid ops,0,d3_inductive_bias,yes,4,planned,
interpreter-lstm-small-random-s0::d4_probing,eval,interpreter,lstm,small,random,random valid ops,0,d4_probing,yes,4,planned,
interpreter-lstm-small-random-s0::fragility,eval,interpreter,lstm,small,random,random valid ops,0,fragility,yes,4,planned,
interpreter-lstm-small-random-s1::d1_next_token,eval,interpreter,lstm,small,random,random valid ops,1,d1_next_token,yes,4,planned,
interpreter-lstm-small-random-s1::d2_myhill_nerode,eval,interpreter,lstm,small,random,random valid ops,1,d2_myhill_nerode,yes,4,planned,
interpreter-lstm-small-random-s1::d3_inductive_bias,eval,interpreter,lstm,small,random,random valid ops,1,d3_inductive_bias,yes,4,planned,
interpreter-lstm-small-random-s1::d4_probing,eval,interpreter,lstm,small,random,random valid ops,1,d4_probing,yes,4,planned,
interpreter-lstm-small-random-s1::fragility,eval,interpreter,lstm,small,random,random valid ops,1,fragility,yes,4,planned,
interpreter-lstm-small-random-s2::d1_next_token,eval,interpreter,lstm,small,random,random valid ops,2,d1_next_token,yes,4,planned,
interpreter-lstm-small-random-s2::d2_myhill_nerode,eval,interpreter,lstm,small,random,random valid ops,2,d2_myhill_nerode,yes,4,planned,
interpreter-lstm-small-random-s2::d3_inductive_bias,eval,interpreter,lstm,small,random,random valid ops,2,d3_inductive_bias,yes,4,planned,
interpreter-lstm-small-random-s2::d4_probing,eval,interpreter,lstm,small,random,random valid ops,2,d4_probing,yes,4,planned,
interpreter-lstm-small-random-s2::fragility,eval,interpreter,lstm,small,random,random valid ops,2,fragility,yes,4,planned,
interpreter-lstm-medium-expert-s0::d1_next_token,eval,interpreter,lstm,medium,expert,structured programs,0,d1_next_token,yes,4,planned,
interpreter-lstm-medium-expert-s0::d2_myhill_nerode,eval,interpreter,lstm,medium,expert,structured programs,0,d2_myhill_nerode,yes,4,planned,
interpreter-lstm-medium-expert-s0::d3_inductive_bias,eval,interpreter,lstm,medium,expert,structured programs,0,d3_inductive_bias,yes,4,planned,
interpreter-lstm-medium-expert-s0::d4_probing,eval,interpreter,lstm,medium,expert,structured programs,0,d4_probing,yes,4,planned,
interpreter-lstm-medium-expert-s0::fragility,eval,interpreter,lstm,medium,expert,structured programs,0,fragility,yes,4,planned,
interpreter-lstm-medium-expert-s1::d1_next_token,eval,interpreter,lstm,medium,expert,structured programs,1,d1_next_token,yes,4,planned,
interpreter-lstm-medium-expert-s1::d2_myhill_nerode,eval,interpreter,lstm,medium,expert,structured programs,1,d2_myhill_nerode,yes,4,planned,
interpreter-lstm-medium-expert-s1::d3_inductive_bias,eval,interpreter,lstm,medium,expert,structured programs,1,d3_inductive_bias,yes,4,planned,
interpreter-lstm-medium-expert-s1::d4_probing,eval,interpreter,lstm,medium,expert,structured programs,1,d4_probing,yes,4,planned,
interpreter-lstm-medium-expert-s1::fragility,eval,interpreter,lstm,medium,expert,structured programs,1,fragility,yes,4,planned,
interpreter-lstm-medium-expert-s2::d1_next_token,eval,interpreter,lstm,medium,expert,structured programs,2,d1_next_token,yes,4,planned,
interpreter-lstm-medium-expert-s2::d2_myhill_nerode,eval,interpreter,lstm,medium,expert,structured programs,2,d2_myhill_nerode,yes,4,planned,
interpreter-lstm-medium-expert-s2::d3_inductive_bias,eval,interpreter,lstm,medium,expert,structured programs,2,d3_inductive_bias,yes,4,planned,
interpreter-lstm-medium-expert-s2::d4_probing,eval,interpreter,lstm,medium,expert,structured programs,2,d4_probing,yes,4,planned,
interpreter-lstm-medium-expert-s2::fragility,eval,interpreter,lstm,medium,expert,structured programs,2,fragility,yes,4,planned,
interpreter-lstm-medium-noisy-s0::d1_next_token,eval,interpreter,lstm,medium,noisy,structured + random ops,0,d1_next_token,yes,4,planned,
interpreter-lstm-medium-noisy-s0::d2_myhill_nerode,eval,interpreter,lstm,medium,noisy,structured + random ops,0,d2_myhill_nerode,yes,4,planned,
interpreter-lstm-medium-noisy-s0::d3_inductive_bias,eval,interpreter,lstm,medium,noisy,structured + random ops,0,d3_inductive_bias,yes,4,planned,
interpreter-lstm-medium-noisy-s0::d4_probing,eval,interpreter,lstm,medium,noisy,structured + random ops,0,d4_probing,yes,4,planned,
interpreter-lstm-medium-noisy-s0::fragility,eval,interpreter,lstm,medium,noisy,structured + random ops,0,fragility,yes,4,planned,
interpreter-lstm-medium-noisy-s1::d1_next_token,eval,interpreter,lstm,medium,noisy,structured + random ops,1,d1_next_token,yes,4,planned,
interpreter-lstm-medium-noisy-s1::d2_myhill_nerode,eval,interpreter,lstm,medium,noisy,structured + random ops,1,d2_myhill_nerode,yes,4,planned,
interpreter-lstm-medium-noisy-s1::d3_inductive_bias,eval,interpreter,lstm,medium,noisy,structured + random ops,1,d3_inductive_bias,yes,4,planned,
interpreter-lstm-medium-noisy-s1::d4_probing,eval,interpreter,lstm,medium,noisy,structured + random ops,1,d4_probing,yes,4,planned,
interpreter-lstm-medium-noisy-s1::fragility,eval,interpreter,lstm,medium,noisy,structured + random ops,1,fragility,yes,4,planned,
interpreter-lstm-medium-noisy-s2::d1_next_token,eval,interpreter,lstm,medium,noisy,structured + random ops,2,d1_next_token,yes,4,planned,
interpreter-lstm-medium-noisy-s2::d2_myhill_nerode,eval,interpreter,lstm,medium,noisy,structured + random ops,2,d2_myhill_nerode,yes,4,planned,
interpreter-lstm-medium-noisy-s2::d3_inductive_bias,eval,interpreter,lstm,medium,noisy,structured + random ops,2,d3_inductive_bias,yes,4,planned,
interpreter-lstm-medium-noisy-s2::d4_probing,eval,interpreter,lstm,medium,noisy,structured + random ops,2,d4_probing,yes,4,planned,
interpreter-lstm-medium-noisy-s2::fragility,eval,interpreter,lstm,medium,noisy,structured + random ops,2,fragility,yes,4,planned,
interpreter-lstm-medium-random-s0::d1_next_token,eval,interpreter,lstm,medium,random,random valid ops,0,d1_next_token,yes,4,planned,
interpreter-lstm-medium-random-s0::d2_myhill_nerode,eval,interpreter,lstm,medium,random,random valid ops,0,d2_myhill_nerode,yes,4,planned,
interpreter-lstm-medium-random-s0::d3_inductive_bias,eval,interpreter,lstm,medium,random,random valid ops,0,d3_inductive_bias,yes,4,planned,
interpreter-lstm-medium-random-s0::d4_probing,eval,interpreter,lstm,medium,random,random valid ops,0,d4_probing,yes,4,planned,
interpreter-lstm-medium-random-s0::fragility,eval,interpreter,lstm,medium,random,random valid ops,0,fragility,yes,4,planned,
interpreter-lstm-medium-random-s1::d1_next_token,eval,interpreter,lstm,medium,random,random valid ops,1,d1_next_token,yes,4,planned,
interpreter-lstm-medium-random-s1::d2_myhill_nerode,eval,interpreter,lstm,medium,random,random valid ops,1,d2_myhill_nerode,yes,4,planned,
interpreter-lstm-medium-random-s1::d3_inductive_bias,eval,interpreter,lstm,medium,random,random valid ops,1,d3_inductive_bias,yes,4,planned,
interpreter-lstm-medium-random-s1::d4_probing,eval,interpreter,lstm,medium,random,random valid ops,1,d4_probing,yes,4,planned,
interpreter-lstm-medium-random-s1::fragility,eval,interpreter,lstm,medium,random,random valid ops,1,fragility,yes,4,planned,
interpreter-lstm-medium-random-s2::d1_next_token,eval,interpreter,lstm,medium,random,random valid ops,2,d1_next_token,yes,4,planned,
interpreter-lstm-medium-random-s2::d2_myhill_nerode,eval,interpreter,lstm,medium,random,random valid ops,2,d2_myhill_nerode,yes,4,planned,
interpreter-lstm-medium-random-s2::d3_inductive_bias,eval,interpreter,lstm,medium,random,random valid ops,2,d3_inductive_bias,yes,4,planned,
interpreter-lstm-medium-random-s2::d4_probing,eval,interpreter,lstm,medium,random,random valid ops,2,d4_probing,yes,4,planned,
interpreter-lstm-medium-random-s2::fragility,eval,interpreter,lstm,medium,random,random valid ops,2,fragility,yes,4,planned,
interpreter-lstm-large-expert-s0::d1_next_token,eval,interpreter,lstm,large,expert,structured programs,0,d1_next_token,yes,4,planned,
interpreter-lstm-large-expert-s0::d2_myhill_nerode,eval,interpreter,lstm,large,expert,structured programs,0,d2_myhill_nerode,yes,4,planned,
interpreter-lstm-large-expert-s0::d3_inductive_bias,eval,interpreter,lstm,large,expert,structured programs,0,d3_inductive_bias,yes,4,planned,
interpreter-lstm-large-expert-s0::d4_probing,eval,interpreter,lstm,large,expert,structured programs,0,d4_probing,yes,4,planned,
interpreter-lstm-large-expert-s0::fragility,eval,interpreter,lstm,large,expert,structured programs,0,fragility,yes,4,planned,
interpreter-lstm-large-expert-s1::d1_next_token,eval,interpreter,lstm,large,expert,structured programs,1,d1_next_token,yes,4,planned,
interpreter-lstm-large-expert-s1::d2_myhill_nerode,eval,interpreter,lstm,large,expert,structured programs,1,d2_myhill_nerode,yes,4,planned,
interpreter-lstm-large-expert-s1::d3_inductive_bias,eval,interpreter,lstm,large,expert,structured programs,1,d3_inductive_bias,yes,4,planned,
interpreter-lstm-large-expert-s1::d4_probing,eval,interpreter,lstm,large,expert,structured programs,1,d4_probing,yes,4,planned,
interpreter-lstm-large-expert-s1::fragility,eval,interpreter,lstm,large,expert,structured programs,1,fragility,yes,4,planned,
interpreter-lstm-large-expert-s2::d1_next_token,eval,interpreter,lstm,large,expert,structured programs,2,d1_next_token,yes,4,planned,
interpreter-lstm-large-expert-s2::d2_myhill_nerode,eval,interpreter,lstm,large,expert,structured programs,2,d2_myhill_nerode,yes,4,planned,
interpreter-lstm-large-expert-s2::d3_inductive_bias,eval,interpreter,lstm,large,expert,structured programs,2,d3_inductive_bias,yes,4,planned,
interpreter-lstm-large-expert-s2::d4_probing,eval,interpreter,lstm,large,expert,structured programs,2,d4_probing,yes,4,planned,
interpreter-lstm-large-expert-s2::fragility,eval,interpreter,lstm,large,expert,structured programs,2,fragility,yes,4,planned,
interpreter-lstm-large-noisy-s0::d1_next_token,eval,interpreter,lstm,large,noisy,structured + random ops,0,d1_next_token,yes,4,planned,
interpreter-lstm-large-noisy-s0::d2_myhill_nerode,eval,interpreter,lstm,large,noisy,structured + random ops,0,d2_myhill_nerode,yes,4,planned,
interpreter-lstm-large-noisy-s0::d3_inductive_bias,eval,interpreter,lstm,large,noisy,structured + random ops,0,d3_inductive_bias,yes,4,planned,
interpreter-lstm-large-noisy-s0::d4_probing,eval,interpreter,lstm,large,noisy,structured + random ops,0,d4_probing,yes,4,planned,
interpreter-lstm-large-noisy-s0::fragility,eval,interpreter,lstm,large,noisy,structured + random ops,0,fragility,yes,4,planned,
interpreter-lstm-large-noisy-s1::d1_next_token,eval,interpreter,lstm,large,noisy,structured + random ops,1,d1_next_token,yes,4,planned,
interpreter-lstm-large-noisy-s1::d2_myhill_nerode,eval,interpreter,lstm,large,noisy,structured + random ops,1,d2_myhill_nerode,yes,4,planned,
interpreter-lstm-large-noisy-s1::d3_inductive_bias,eval,interpreter,lstm,large,noisy,structured + random ops,1,d3_inductive_bias,yes,4,planned,
interpreter-lstm-large-noisy-s1::d4_probing,eval,interpreter,lstm,large,noisy,structured + random ops,1,d4_probing,yes,4,planned,
interpreter-lstm-large-noisy-s1::fragility,eval,interpreter,lstm,large,noisy,structured + random ops,1,fragility,yes,4,planned,
interpreter-lstm-large-noisy-s2::d1_next_token,eval,interpreter,lstm,large,noisy,structured + random ops,2,d1_next_token,yes,4,planned,
interpreter-lstm-large-noisy-s2::d2_myhill_nerode,eval,interpreter,lstm,large,noisy,structured + random ops,2,d2_myhill_nerode,yes,4,planned,
interpreter-lstm-large-noisy-s2::d3_inductive_bias,eval,interpreter,lstm,large,noisy,structured + random ops,2,d3_inductive_bias,yes,4,planned,
interpreter-lstm-large-noisy-s2::d4_probing,eval,interpreter,lstm,large,noisy,structured + random ops,2,d4_probing,yes,4,planned,
interpreter-lstm-large-noisy-s2::fragility,eval,interpreter,lstm,large,noisy,structured + random ops,2,fragility,yes,4,planned,
interpreter-lstm-large-random-s0::d1_next_token,eval,interpreter,lstm,large,random,random valid ops,0,d1_next_token,yes,4,planned,
interpreter-lstm-large-random-s0::d2_myhill_nerode,eval,interpreter,lstm,large,random,random valid ops,0,d2_myhill_nerode,yes,4,planned,
interpreter-lstm-large-random-s0::d3_inductive_bias,eval,interpreter,lstm,large,random,random valid ops,0,d3_inductive_bias,yes,4,planned,
interpreter-lstm-large-random-s0::d4_probing,eval,interpreter,lstm,large,random,random valid ops,0,d4_probing,yes,4,planned,
interpreter-lstm-large-random-s0::fragility,eval,interpreter,lstm,large,random,random valid ops,0,fragility,yes,4,planned,
interpreter-lstm-large-random-s1::d1_next_token,eval,interpreter,lstm,large,random,random valid ops,1,d1_next_token,yes,4,planned,
interpreter-lstm-large-random-s1::d2_myhill_nerode,eval,interpreter,lstm,large,random,random valid ops,1,d2_myhill_nerode,yes,4,planned,
interpreter-lstm-large-random-s1::d3_inductive_bias,eval,interpreter,lstm,large,random,random valid ops,1,d3_inductive_bias,yes,4,planned,
interpreter-lstm-large-random-s1::d4_probing,eval,interpreter,lstm,large,random,random valid ops,1,d4_probing,yes,4,planned,
interpreter-lstm-large-random-s1::fragility,eval,interpreter,lstm,large,random,random valid ops,1,fragility,yes,4,planned,
interpreter-lstm-large-random-s2::d1_next_token,eval,interpreter,lstm,large,random,random valid ops,2,d1_next_token,yes,4,planned,
interpreter-lstm-large-random-s2::d2_myhill_nerode,eval,interpreter,lstm,large,random,random valid ops,2,d2_myhill_nerode,yes,4,planned,
interpreter-lstm-large-random-s2::d3_inductive_bias,eval,interpreter,lstm,large,random,random valid ops,2,d3_inductive_bias,yes,4,planned,
interpreter-lstm-large-random-s2::d4_probing,eval,interpreter,lstm,large,random,random valid ops,2,d4_probing,yes,4,planned,
interpreter-lstm-large-random-s2::fragility,eval,interpreter,lstm,large,random,random valid ops,2,fragility,yes,4,planned,
chemistry-transformer-small-expert-s0::d1_next_token,eval,chemistry,transformer,small,expert,USPTO / ORD routes,0,d1_next_token,yes,4,planned,
chemistry-transformer-small-expert-s0::d2_myhill_nerode,eval,chemistry,transformer,small,expert,USPTO / ORD routes,0,d2_myhill_nerode,yes,4,planned,
chemistry-transformer-small-expert-s0::d3_inductive_bias,eval,chemistry,transformer,small,expert,USPTO / ORD routes,0,d3_inductive_bias,yes,4,planned,
chemistry-transformer-small-expert-s0::d4_probing,eval,chemistry,transformer,small,expert,USPTO / ORD routes,0,d4_probing,yes,4,planned,
chemistry-transformer-small-expert-s0::fragility,eval,chemistry,transformer,small,expert,USPTO / ORD routes,0,fragility,yes,4,planned,
chemistry-transformer-small-expert-s1::d1_next_token,eval,chemistry,transformer,small,expert,USPTO / ORD routes,1,d1_next_token,yes,4,planned,
chemistry-transformer-small-expert-s1::d2_myhill_nerode,eval,chemistry,transformer,small,expert,USPTO / ORD routes,1,d2_myhill_nerode,yes,4,planned,
chemistry-transformer-small-expert-s1::d3_inductive_bias,eval,chemistry,transformer,small,expert,USPTO / ORD routes,1,d3_inductive_bias,yes,4,planned,
chemistry-transformer-small-expert-s1::d4_probing,eval,chemistry,transformer,small,expert,USPTO / ORD routes,1,d4_probing,yes,4,planned,
chemistry-transformer-small-expert-s1::fragility,eval,chemistry,transformer,small,expert,USPTO / ORD routes,1,fragility,yes,4,planned,
chemistry-transformer-small-expert-s2::d1_next_token,eval,chemistry,transformer,small,expert,USPTO / ORD routes,2,d1_next_token,yes,4,planned,
chemistry-transformer-small-expert-s2::d2_myhill_nerode,eval,chemistry,transformer,small,expert,USPTO / ORD routes,2,d2_myhill_nerode,yes,4,planned,
chemistry-transformer-small-expert-s2::d3_inductive_bias,eval,chemistry,transformer,small,expert,USPTO / ORD routes,2,d3_inductive_bias,yes,4,planned,
chemistry-transformer-small-expert-s2::d4_probing,eval,chemistry,transformer,small,expert,USPTO / ORD routes,2,d4_probing,yes,4,planned,
chemistry-transformer-small-expert-s2::fragility,eval,chemistry,transformer,small,expert,USPTO / ORD routes,2,fragility,yes,4,planned,
chemistry-transformer-small-noisy-s0::d1_next_token,eval,chemistry,transformer,small,noisy,routes + random steps,0,d1_next_token,yes,4,planned,
chemistry-transformer-small-noisy-s0::d2_myhill_nerode,eval,chemistry,transformer,small,noisy,routes + random steps,0,d2_myhill_nerode,yes,4,planned,
chemistry-transformer-small-noisy-s0::d3_inductive_bias,eval,chemistry,transformer,small,noisy,routes + random steps,0,d3_inductive_bias,yes,4,planned,
chemistry-transformer-small-noisy-s0::d4_probing,eval,chemistry,transformer,small,noisy,routes + random steps,0,d4_probing,yes,4,planned,
chemistry-transformer-small-noisy-s0::fragility,eval,chemistry,transformer,small,noisy,routes + random steps,0,fragility,yes,4,planned,
chemistry-transformer-small-noisy-s1::d1_next_token,eval,chemistry,transformer,small,noisy,routes + random steps,1,d1_next_token,yes,4,planned,
chemistry-transformer-small-noisy-s1::d2_myhill_nerode,eval,chemistry,transformer,small,noisy,routes + random steps,1,d2_myhill_nerode,yes,4,planned,
chemistry-transformer-small-noisy-s1::d3_inductive_bias,eval,chemistry,transformer,small,noisy,routes + random steps,1,d3_inductive_bias,yes,4,planned,
chemistry-transformer-small-noisy-s1::d4_probing,eval,chemistry,transformer,small,noisy,routes + random steps,1,d4_probing,yes,4,planned,
chemistry-transformer-small-noisy-s1::fragility,eval,chemistry,transformer,small,noisy,routes + random steps,1,fragility,yes,4,planned,
chemistry-transformer-small-noisy-s2::d1_next_token,eval,chemistry,transformer,small,noisy,routes + random steps,2,d1_next_token,yes,4,planned,
chemistry-transformer-small-noisy-s2::d2_myhill_nerode,eval,chemistry,transformer,small,noisy,routes + random steps,2,d2_myhill_nerode,yes,4,planned,
chemistry-transformer-small-noisy-s2::d3_inductive_bias,eval,chemistry,transformer,small,noisy,routes + random steps,2,d3_inductive_bias,yes,4,planned,
chemistry-transformer-small-noisy-s2::d4_probing,eval,chemistry,transformer,small,noisy,routes + random steps,2,d4_probing,yes,4,planned,
chemistry-transformer-small-noisy-s2::fragility,eval,chemistry,transformer,small,noisy,routes + random steps,2,fragility,yes,4,planned,
chemistry-transformer-small-random-s0::d1_next_token,eval,chemistry,transformer,small,random,random valid steps,0,d1_next_token,yes,4,planned,
chemistry-transformer-small-random-s0::d2_myhill_nerode,eval,chemistry,transformer,small,random,random valid steps,0,d2_myhill_nerode,yes,4,planned,
chemistry-transformer-small-random-s0::d3_inductive_bias,eval,chemistry,transformer,small,random,random valid steps,0,d3_inductive_bias,yes,4,planned,
chemistry-transformer-small-random-s0::d4_probing,eval,chemistry,transformer,small,random,random valid steps,0,d4_probing,yes,4,planned,
chemistry-transformer-small-random-s0::fragility,eval,chemistry,transformer,small,random,random valid steps,0,fragility,yes,4,planned,
chemistry-transformer-small-random-s1::d1_next_token,eval,chemistry,transformer,small,random,random valid steps,1,d1_next_token,yes,4,planned,
chemistry-transformer-small-random-s1::d2_myhill_nerode,eval,chemistry,transformer,small,random,random valid steps,1,d2_myhill_nerode,yes,4,planned,
chemistry-transformer-small-random-s1::d3_inductive_bias,eval,chemistry,transformer,small,random,random valid steps,1,d3_inductive_bias,yes,4,planned,
chemistry-transformer-small-random-s1::d4_probing,eval,chemistry,transformer,small,random,random valid steps,1,d4_probing,yes,4,planned,
chemistry-transformer-small-random-s1::fragility,eval,chemistry,transformer,small,random,random valid steps,1,fragility,yes,4,planned,
chemistry-transformer-small-random-s2::d1_next_token,eval,chemistry,transformer,small,random,random valid steps,2,d1_next_token,yes,4,planned,
chemistry-transformer-small-random-s2::d2_myhill_nerode,eval,chemistry,transformer,small,random,random valid steps,2,d2_myhill_nerode,yes,4,planned,
chemistry-transformer-small-random-s2::d3_inductive_bias,eval,chemistry,transformer,small,random,random valid steps,2,d3_inductive_bias,yes,4,planned,
chemistry-transformer-small-random-s2::d4_probing,eval,chemistry,transformer,small,random,random valid steps,2,d4_probing,yes,4,planned,
chemistry-transformer-small-random-s2::fragility,eval,chemistry,transformer,small,random,random valid steps,2,fragility,yes,4,planned,
chemistry-transformer-medium-expert-s0::d1_next_token,eval,chemistry,transformer,medium,expert,USPTO / ORD routes,0,d1_next_token,yes,4,planned,
chemistry-transformer-medium-expert-s0::d2_myhill_nerode,eval,chemistry,transformer,medium,expert,USPTO / ORD routes,0,d2_myhill_nerode,yes,4,planned,
chemistry-transformer-medium-expert-s0::d3_inductive_bias,eval,chemistry,transformer,medium,expert,USPTO / ORD routes,0,d3_inductive_bias,yes,4,planned,
chemistry-transformer-medium-expert-s0::d4_probing,eval,chemistry,transformer,medium,expert,USPTO / ORD routes,0,d4_probing,yes,4,planned,
chemistry-transformer-medium-expert-s0::fragility,eval,chemistry,transformer,medium,expert,USPTO / ORD routes,0,fragility,yes,4,planned,
chemistry-transformer-medium-expert-s1::d1_next_token,eval,chemistry,transformer,medium,expert,USPTO / ORD routes,1,d1_next_token,yes,4,planned,
chemistry-transformer-medium-expert-s1::d2_myhill_nerode,eval,chemistry,transformer,medium,expert,USPTO / ORD routes,1,d2_myhill_nerode,yes,4,planned,
chemistry-transformer-medium-expert-s1::d3_inductive_bias,eval,chemistry,transformer,medium,expert,USPTO / ORD routes,1,d3_inductive_bias,yes,4,planned,
chemistry-transformer-medium-expert-s1::d4_probing,eval,chemistry,transformer,medium,expert,USPTO / ORD routes,1,d4_probing,yes,4,planned,
chemistry-transformer-medium-expert-s1::fragility,eval,chemistry,transformer,medium,expert,USPTO / ORD routes,1,fragility,yes,4,planned,
chemistry-transformer-medium-expert-s2::d1_next_token,eval,chemistry,transformer,medium,expert,USPTO / ORD routes,2,d1_next_token,yes,4,planned,
chemistry-transformer-medium-expert-s2::d2_myhill_nerode,eval,chemistry,transformer,medium,expert,USPTO / ORD routes,2,d2_myhill_nerode,yes,4,planned,
chemistry-transformer-medium-expert-s2::d3_inductive_bias,eval,chemistry,transformer,medium,expert,USPTO / ORD routes,2,d3_inductive_bias,yes,4,planned,
chemistry-transformer-medium-expert-s2::d4_probing,eval,chemistry,transformer,medium,expert,USPTO / ORD routes,2,d4_probing,yes,4,planned,
chemistry-transformer-medium-expert-s2::fragility,eval,chemistry,transformer,medium,expert,USPTO / ORD routes,2,fragility,yes,4,planned,
chemistry-transformer-medium-noisy-s0::d1_next_token,eval,chemistry,transformer,medium,noisy,routes + random steps,0,d1_next_token,yes,4,planned,
chemistry-transformer-medium-noisy-s0::d2_myhill_nerode,eval,chemistry,transformer,medium,noisy,routes + random steps,0,d2_myhill_nerode,yes,4,planned,
chemistry-transformer-medium-noisy-s0::d3_inductive_bias,eval,chemistry,transformer,medium,noisy,routes + random steps,0,d3_inductive_bias,yes,4,planned,
chemistry-transformer-medium-noisy-s0::d4_probing,eval,chemistry,transformer,medium,noisy,routes + random steps,0,d4_probing,yes,4,planned,
chemistry-transformer-medium-noisy-s0::fragility,eval,chemistry,transformer,medium,noisy,routes + random steps,0,fragility,yes,4,planned,
chemistry-transformer-medium-noisy-s1::d1_next_token,eval,chemistry,transformer,medium,noisy,routes + random steps,1,d1_next_token,yes,4,planned,
chemistry-transformer-medium-noisy-s1::d2_myhill_nerode,eval,chemistry,transformer,medium,noisy,routes + random steps,1,d2_myhill_nerode,yes,4,planned,
chemistry-transformer-medium-noisy-s1::d3_inductive_bias,eval,chemistry,transformer,medium,noisy,routes + random steps,1,d3_inductive_bias,yes,4,planned,
chemistry-transformer-medium-noisy-s1::d4_probing,eval,chemistry,transformer,medium,noisy,routes + random steps,1,d4_probing,yes,4,planned,
chemistry-transformer-medium-noisy-s1::fragility,eval,chemistry,transformer,medium,noisy,routes + random steps,1,fragility,yes,4,planned,
chemistry-transformer-medium-noisy-s2::d1_next_token,eval,chemistry,transformer,medium,noisy,routes + random steps,2,d1_next_token,yes,4,planned,
chemistry-transformer-medium-noisy-s2::d2_myhill_nerode,eval,chemistry,transformer,medium,noisy,routes + random steps,2,d2_myhill_nerode,yes,4,planned,
chemistry-transformer-medium-noisy-s2::d3_inductive_bias,eval,chemistry,transformer,medium,noisy,routes + random steps,2,d3_inductive_bias,yes,4,planned,
chemistry-transformer-medium-noisy-s2::d4_probing,eval,chemistry,transformer,medium,noisy,routes + random steps,2,d4_probing,yes,4,planned,
chemistry-transformer-medium-noisy-s2::fragility,eval,chemistry,transformer,medium,noisy,routes + random steps,2,fragility,yes,4,planned,
chemistry-transformer-medium-random-s0::d1_next_token,eval,chemistry,transformer,medium,random,random valid steps,0,d1_next_token,yes,4,planned,
chemistry-transformer-medium-random-s0::d2_myhill_nerode,eval,chemistry,transformer,medium,random,random valid steps,0,d2_myhill_nerode,yes,4,planned,
chemistry-transformer-medium-random-s0::d3_inductive_bias,eval,chemistry,transformer,medium,random,random valid steps,0,d3_inductive_bias,yes,4,planned,
chemistry-transformer-medium-random-s0::d4_probing,eval,chemistry,transformer,medium,random,random valid steps,0,d4_probing,yes,4,planned,
chemistry-transformer-medium-random-s0::fragility,eval,chemistry,transformer,medium,random,random valid steps,0,fragility,yes,4,planned,
chemistry-transformer-medium-random-s1::d1_next_token,eval,chemistry,transformer,medium,random,random valid steps,1,d1_next_token,yes,4,planned,
chemistry-transformer-medium-random-s1::d2_myhill_nerode,eval,chemistry,transformer,medium,random,random valid steps,1,d2_myhill_nerode,yes,4,planned,
chemistry-transformer-medium-random-s1::d3_inductive_bias,eval,chemistry,transformer,medium,random,random valid steps,1,d3_inductive_bias,yes,4,planned,
chemistry-transformer-medium-random-s1::d4_probing,eval,chemistry,transformer,medium,random,random valid steps,1,d4_probing,yes,4,planned,
chemistry-transformer-medium-random-s1::fragility,eval,chemistry,transformer,medium,random,random valid steps,1,fragility,yes,4,planned,
chemistry-transformer-medium-random-s2::d1_next_token,eval,chemistry,transformer,medium,random,random valid steps,2,d1_next_token,yes,4,planned,
chemistry-transformer-medium-random-s2::d2_myhill_nerode,eval,chemistry,transformer,medium,random,random valid steps,2,d2_myhill_nerode,yes,4,planned,
chemistry-transformer-medium-random-s2::d3_inductive_bias,eval,chemistry,transformer,medium,random,random valid steps,2,d3_inductive_bias,yes,4,planned,
chemistry-transformer-medium-random-s2::d4_probing,eval,chemistry,transformer,medium,random,random valid steps,2,d4_probing,yes,4,planned,
chemistry-transformer-medium-random-s2::fragility,eval,chemistry,transformer,medium,random,random valid steps,2,fragility,yes,4,planned,
chemistry-transformer-large-expert-s0::d1_next_token,eval,chemistry,transformer,large,expert,USPTO / ORD routes,0,d1_next_token,yes,4,planned,
chemistry-transformer-large-expert-s0::d2_myhill_nerode,eval,chemistry,transformer,large,expert,USPTO / ORD routes,0,d2_myhill_nerode,yes,4,planned,
chemistry-transformer-large-expert-s0::d3_inductive_bias,eval,chemistry,transformer,large,expert,USPTO / ORD routes,0,d3_inductive_bias,yes,4,planned,
chemistry-transformer-large-expert-s0::d4_probing,eval,chemistry,transformer,large,expert,USPTO / ORD routes,0,d4_probing,yes,4,planned,
chemistry-transformer-large-expert-s0::fragility,eval,chemistry,transformer,large,expert,USPTO / ORD routes,0,fragility,yes,4,planned,
chemistry-transformer-large-expert-s1::d1_next_token,eval,chemistry,transformer,large,expert,USPTO / ORD routes,1,d1_next_token,yes,4,planned,
chemistry-transformer-large-expert-s1::d2_myhill_nerode,eval,chemistry,transformer,large,expert,USPTO / ORD routes,1,d2_myhill_nerode,yes,4,planned,
chemistry-transformer-large-expert-s1::d3_inductive_bias,eval,chemistry,transformer,large,expert,USPTO / ORD routes,1,d3_inductive_bias,yes,4,planned,
chemistry-transformer-large-expert-s1::d4_probing,eval,chemistry,transformer,large,expert,USPTO / ORD routes,1,d4_probing,yes,4,planned,
chemistry-transformer-large-expert-s1::fragility,eval,chemistry,transformer,large,expert,USPTO / ORD routes,1,fragility,yes,4,planned,
chemistry-transformer-large-expert-s2::d1_next_token,eval,chemistry,transformer,large,expert,USPTO / ORD routes,2,d1_next_token,yes,4,planned,
chemistry-transformer-large-expert-s2::d2_myhill_nerode,eval,chemistry,transformer,large,expert,USPTO / ORD routes,2,d2_myhill_nerode,yes,4,planned,
chemistry-transformer-large-expert-s2::d3_inductive_bias,eval,chemistry,transformer,large,expert,USPTO / ORD routes,2,d3_inductive_bias,yes,4,planned,
chemistry-transformer-large-expert-s2::d4_probing,eval,chemistry,transformer,large,expert,USPTO / ORD routes,2,d4_probing,yes,4,planned,
chemistry-transformer-large-expert-s2::fragility,eval,chemistry,transformer,large,expert,USPTO / ORD routes,2,fragility,yes,4,planned,
chemistry-transformer-large-noisy-s0::d1_next_token,eval,chemistry,transformer,large,noisy,routes + random steps,0,d1_next_token,yes,4,planned,
chemistry-transformer-large-noisy-s0::d2_myhill_nerode,eval,chemistry,transformer,large,noisy,routes + random steps,0,d2_myhill_nerode,yes,4,planned,
chemistry-transformer-large-noisy-s0::d3_inductive_bias,eval,chemistry,transformer,large,noisy,routes + random steps,0,d3_inductive_bias,yes,4,planned,
chemistry-transformer-large-noisy-s0::d4_probing,eval,chemistry,transformer,large,noisy,routes + random steps,0,d4_probing,yes,4,planned,
chemistry-transformer-large-noisy-s0::fragility,eval,chemistry,transformer,large,noisy,routes + random steps,0,fragility,yes,4,planned,
chemistry-transformer-large-noisy-s1::d1_next_token,eval,chemistry,transformer,large,noisy,routes + random steps,1,d1_next_token,yes,4,planned,
chemistry-transformer-large-noisy-s1::d2_myhill_nerode,eval,chemistry,transformer,large,noisy,routes + random steps,1,d2_myhill_nerode,yes,4,planned,
chemistry-transformer-large-noisy-s1::d3_inductive_bias,eval,chemistry,transformer,large,noisy,routes + random steps,1,d3_inductive_bias,yes,4,planned,
chemistry-transformer-large-noisy-s1::d4_probing,eval,chemistry,transformer,large,noisy,routes + random steps,1,d4_probing,yes,4,planned,
chemistry-transformer-large-noisy-s1::fragility,eval,chemistry,transformer,large,noisy,routes + random steps,1,fragility,yes,4,planned,
chemistry-transformer-large-noisy-s2::d1_next_token,eval,chemistry,transformer,large,noisy,routes + random steps,2,d1_next_token,yes,4,planned,
chemistry-transformer-large-noisy-s2::d2_myhill_nerode,eval,chemistry,transformer,large,noisy,routes + random steps,2,d2_myhill_nerode,yes,4,planned,
chemistry-transformer-large-noisy-s2::d3_inductive_bias,eval,chemistry,transformer,large,noisy,routes + random steps,2,d3_inductive_bias,yes,4,planned,
chemistry-transformer-large-noisy-s2::d4_probing,eval,chemistry,transformer,large,noisy,routes + random steps,2,d4_probing,yes,4,planned,
chemistry-transformer-large-noisy-s2::fragility,eval,chemistry,transformer,large,noisy,routes + random steps,2,fragility,yes,4,planned,
chemistry-transformer-large-random-s0::d1_next_token,eval,chemistry,transformer,large,random,random valid steps,0,d1_next_token,yes,4,planned,
chemistry-transformer-large-random-s0::d2_myhill_nerode,eval,chemistry,transformer,large,random,random valid steps,0,d2_myhill_nerode,yes,4,planned,
chemistry-transformer-large-random-s0::d3_inductive_bias,eval,chemistry,transformer,large,random,random valid steps,0,d3_inductive_bias,yes,4,planned,
chemistry-transformer-large-random-s0::d4_probing,eval,chemistry,transformer,large,random,random valid steps,0,d4_probing,yes,4,planned,
chemistry-transformer-large-random-s0::fragility,eval,chemistry,transformer,large,random,random valid steps,0,fragility,yes,4,planned,
chemistry-transformer-large-random-s1::d1_next_token,eval,chemistry,transformer,large,random,random valid steps,1,d1_next_token,yes,4,planned,
chemistry-transformer-large-random-s1::d2_myhill_nerode,eval,chemistry,transformer,large,random,random valid steps,1,d2_myhill_nerode,yes,4,planned,
chemistry-transformer-large-random-s1::d3_inductive_bias,eval,chemistry,transformer,large,random,random valid steps,1,d3_inductive_bias,yes,4,planned,
chemistry-transformer-large-random-s1::d4_probing,eval,chemistry,transformer,large,random,random valid steps,1,d4_probing,yes,4,planned,
chemistry-transformer-large-random-s1::fragility,eval,chemistry,transformer,large,random,random valid steps,1,fragility,yes,4,planned,
chemistry-transformer-large-random-s2::d1_next_token,eval,chemistry,transformer,large,random,random valid steps,2,d1_next_token,yes,4,planned,
chemistry-transformer-large-random-s2::d2_myhill_nerode,eval,chemistry,transformer,large,random,random valid steps,2,d2_myhill_nerode,yes,4,planned,
chemistry-transformer-large-random-s2::d3_inductive_bias,eval,chemistry,transformer,large,random,random valid steps,2,d3_inductive_bias,yes,4,planned,
chemistry-transformer-large-random-s2::d4_probing,eval,chemistry,transformer,large,random,random valid steps,2,d4_probing,yes,4,planned,
chemistry-transformer-large-random-s2::fragility,eval,chemistry,transformer,large,random,random valid steps,2,fragility,yes,4,planned,
chemistry-ssm-small-expert-s0::d1_next_token,eval,chemistry,ssm,small,expert,USPTO / ORD routes,0,d1_next_token,yes,4,planned,
chemistry-ssm-small-expert-s0::d2_myhill_nerode,eval,chemistry,ssm,small,expert,USPTO / ORD routes,0,d2_myhill_nerode,yes,4,planned,
chemistry-ssm-small-expert-s0::d3_inductive_bias,eval,chemistry,ssm,small,expert,USPTO / ORD routes,0,d3_inductive_bias,yes,4,planned,
chemistry-ssm-small-expert-s0::d4_probing,eval,chemistry,ssm,small,expert,USPTO / ORD routes,0,d4_probing,yes,4,planned,
chemistry-ssm-small-expert-s0::fragility,eval,chemistry,ssm,small,expert,USPTO / ORD routes,0,fragility,yes,4,planned,
chemistry-ssm-small-expert-s1::d1_next_token,eval,chemistry,ssm,small,expert,USPTO / ORD routes,1,d1_next_token,yes,4,planned,
chemistry-ssm-small-expert-s1::d2_myhill_nerode,eval,chemistry,ssm,small,expert,USPTO / ORD routes,1,d2_myhill_nerode,yes,4,planned,
chemistry-ssm-small-expert-s1::d3_inductive_bias,eval,chemistry,ssm,small,expert,USPTO / ORD routes,1,d3_inductive_bias,yes,4,planned,
chemistry-ssm-small-expert-s1::d4_probing,eval,chemistry,ssm,small,expert,USPTO / ORD routes,1,d4_probing,yes,4,planned,
chemistry-ssm-small-expert-s1::fragility,eval,chemistry,ssm,small,expert,USPTO / ORD routes,1,fragility,yes,4,planned,
chemistry-ssm-small-expert-s2::d1_next_token,eval,chemistry,ssm,small,expert,USPTO / ORD routes,2,d1_next_token,yes,4,planned,
chemistry-ssm-small-expert-s2::d2_myhill_nerode,eval,chemistry,ssm,small,expert,USPTO / ORD routes,2,d2_myhill_nerode,yes,4,planned,
chemistry-ssm-small-expert-s2::d3_inductive_bias,eval,chemistry,ssm,small,expert,USPTO / ORD routes,2,d3_inductive_bias,yes,4,planned,
chemistry-ssm-small-expert-s2::d4_probing,eval,chemistry,ssm,small,expert,USPTO / ORD routes,2,d4_probing,yes,4,planned,
chemistry-ssm-small-expert-s2::fragility,eval,chemistry,ssm,small,expert,USPTO / ORD routes,2,fragility,yes,4,planned,
chemistry-ssm-small-noisy-s0::d1_next_token,eval,chemistry,ssm,small,noisy,routes + random steps,0,d1_next_token,yes,4,planned,
chemistry-ssm-small-noisy-s0::d2_myhill_nerode,eval,chemistry,ssm,small,noisy,routes + random steps,0,d2_myhill_nerode,yes,4,planned,
chemistry-ssm-small-noisy-s0::d3_inductive_bias,eval,chemistry,ssm,small,noisy,routes + random steps,0,d3_inductive_bias,yes,4,planned,
chemistry-ssm-small-noisy-s0::d4_probing,eval,chemistry,ssm,small,noisy,routes + random steps,0,d4_probing,yes,4,planned,
chemistry-ssm-small-noisy-s0::fragility,eval,chemistry,ssm,small,noisy,routes + random steps,0,fragility,yes,4,planned,
chemistry-ssm-small-noisy-s1::d1_next_token,eval,chemistry,ssm,small,noisy,routes + random steps,1,d1_next_token,yes,4,planned,
chemistry-ssm-small-noisy-s1::d2_myhill_nerode,eval,chemistry,ssm,small,noisy,routes + random steps,1,d2_myhill_nerode,yes,4,planned,
chemistry-ssm-small-noisy-s1::d3_inductive_bias,eval,chemistry,ssm,small,noisy,routes + random steps,1,d3_inductive_bias,yes,4,planned,
chemistry-ssm-small-noisy-s1::d4_probing,eval,chemistry,ssm,small,noisy,routes + random steps,1,d4_probing,yes,4,planned,
chemistry-ssm-small-noisy-s1::fragility,eval,chemistry,ssm,small,noisy,routes + random steps,1,fragility,yes,4,planned,
chemistry-ssm-small-noisy-s2::d1_next_token,eval,chemistry,ssm,small,noisy,routes + random steps,2,d1_next_token,yes,4,planned,
chemistry-ssm-small-noisy-s2::d2_myhill_nerode,eval,chemistry,ssm,small,noisy,routes + random steps,2,d2_myhill_nerode,yes,4,planned,
chemistry-ssm-small-noisy-s2::d3_inductive_bias,eval,chemistry,ssm,small,noisy,routes + random steps,2,d3_inductive_bias,yes,4,planned,
chemistry-ssm-small-noisy-s2::d4_probing,eval,chemistry,ssm,small,noisy,routes + random steps,2,d4_probing,yes,4,planned,
chemistry-ssm-small-noisy-s2::fragility,eval,chemistry,ssm,small,noisy,routes + random steps,2,fragility,yes,4,planned,
chemistry-ssm-small-random-s0::d1_next_token,eval,chemistry,ssm,small,random,random valid steps,0,d1_next_token,yes,4,planned,
chemistry-ssm-small-random-s0::d2_myhill_nerode,eval,chemistry,ssm,small,random,random valid steps,0,d2_myhill_nerode,yes,4,planned,
chemistry-ssm-small-random-s0::d3_inductive_bias,eval,chemistry,ssm,small,random,random valid steps,0,d3_inductive_bias,yes,4,planned,
chemistry-ssm-small-random-s0::d4_probing,eval,chemistry,ssm,small,random,random valid steps,0,d4_probing,yes,4,planned,
chemistry-ssm-small-random-s0::fragility,eval,chemistry,ssm,small,random,random valid steps,0,fragility,yes,4,planned,
chemistry-ssm-small-random-s1::d1_next_token,eval,chemistry,ssm,small,random,random valid steps,1,d1_next_token,yes,4,planned,
chemistry-ssm-small-random-s1::d2_myhill_nerode,eval,chemistry,ssm,small,random,random valid steps,1,d2_myhill_nerode,yes,4,planned,
chemistry-ssm-small-random-s1::d3_inductive_bias,eval,chemistry,ssm,small,random,random valid steps,1,d3_inductive_bias,yes,4,planned,
chemistry-ssm-small-random-s1::d4_probing,eval,chemistry,ssm,small,random,random valid steps,1,d4_probing,yes,4,planned,
chemistry-ssm-small-random-s1::fragility,eval,chemistry,ssm,small,random,random valid steps,1,fragility,yes,4,planned,
chemistry-ssm-small-random-s2::d1_next_token,eval,chemistry,ssm,small,random,random valid steps,2,d1_next_token,yes,4,planned,
chemistry-ssm-small-random-s2::d2_myhill_nerode,eval,chemistry,ssm,small,random,random valid steps,2,d2_myhill_nerode,yes,4,planned,
chemistry-ssm-small-random-s2::d3_inductive_bias,eval,chemistry,ssm,small,random,random valid steps,2,d3_inductive_bias,yes,4,planned,
chemistry-ssm-small-random-s2::d4_probing,eval,chemistry,ssm,small,random,random valid steps,2,d4_probing,yes,4,planned,
chemistry-ssm-small-random-s2::fragility,eval,chemistry,ssm,small,random,random valid steps,2,fragility,yes,4,planned,
chemistry-ssm-medium-expert-s0::d1_next_token,eval,chemistry,ssm,medium,expert,USPTO / ORD routes,0,d1_next_token,yes,4,planned,
chemistry-ssm-medium-expert-s0::d2_myhill_nerode,eval,chemistry,ssm,medium,expert,USPTO / ORD routes,0,d2_myhill_nerode,yes,4,planned,
chemistry-ssm-medium-expert-s0::d3_inductive_bias,eval,chemistry,ssm,medium,expert,USPTO / ORD routes,0,d3_inductive_bias,yes,4,planned,
chemistry-ssm-medium-expert-s0::d4_probing,eval,chemistry,ssm,medium,expert,USPTO / ORD routes,0,d4_probing,yes,4,planned,
chemistry-ssm-medium-expert-s0::fragility,eval,chemistry,ssm,medium,expert,USPTO / ORD routes,0,fragility,yes,4,planned,
chemistry-ssm-medium-expert-s1::d1_next_token,eval,chemistry,ssm,medium,expert,USPTO / ORD routes,1,d1_next_token,yes,4,planned,
chemistry-ssm-medium-expert-s1::d2_myhill_nerode,eval,chemistry,ssm,medium,expert,USPTO / ORD routes,1,d2_myhill_nerode,yes,4,planned,
chemistry-ssm-medium-expert-s1::d3_inductive_bias,eval,chemistry,ssm,medium,expert,USPTO / ORD routes,1,d3_inductive_bias,yes,4,planned,
chemistry-ssm-medium-expert-s1::d4_probing,eval,chemistry,ssm,medium,expert,USPTO / ORD routes,1,d4_probing,yes,4,planned,
chemistry-ssm-medium-expert-s1::fragility,eval,chemistry,ssm,medium,expert,USPTO / ORD routes,1,fragility,yes,4,planned,
chemistry-ssm-medium-expert-s2::d1_next_token,eval,chemistry,ssm,medium,expert,USPTO / ORD routes,2,d1_next_token,yes,4,planned,
chemistry-ssm-medium-expert-s2::d2_myhill_nerode,eval,chemistry,ssm,medium,expert,USPTO / ORD routes,2,d2_myhill_nerode,yes,4,planned,
chemistry-ssm-medium-expert-s2::d3_inductive_bias,eval,chemistry,ssm,medium,expert,USPTO / ORD routes,2,d3_inductive_bias,yes,4,planned,
chemistry-ssm-medium-expert-s2::d4_probing,eval,chemistry,ssm,medium,expert,USPTO / ORD routes,2,d4_probing,yes,4,planned,
chemistry-ssm-medium-expert-s2::fragility,eval,chemistry,ssm,medium,expert,USPTO / ORD routes,2,fragility,yes,4,planned,
chemistry-ssm-medium-noisy-s0::d1_next_token,eval,chemistry,ssm,medium,noisy,routes + random steps,0,d1_next_token,yes,4,planned,
chemistry-ssm-medium-noisy-s0::d2_myhill_nerode,eval,chemistry,ssm,medium,noisy,routes + random steps,0,d2_myhill_nerode,yes,4,planned,
chemistry-ssm-medium-noisy-s0::d3_inductive_bias,eval,chemistry,ssm,medium,noisy,routes + random steps,0,d3_inductive_bias,yes,4,planned,
chemistry-ssm-medium-noisy-s0::d4_probing,eval,chemistry,ssm,medium,noisy,routes + random steps,0,d4_probing,yes,4,planned,
chemistry-ssm-medium-noisy-s0::fragility,eval,chemistry,ssm,medium,noisy,routes + random steps,0,fragility,yes,4,planned,
chemistry-ssm-medium-noisy-s1::d1_next_token,eval,chemistry,ssm,medium,noisy,routes + random steps,1,d1_next_token,yes,4,planned,
chemistry-ssm-medium-noisy-s1::d2_myhill_nerode,eval,chemistry,ssm,medium,noisy,routes + random steps,1,d2_myhill_nerode,yes,4,planned,
chemistry-ssm-medium-noisy-s1::d3_inductive_bias,eval,chemistry,ssm,medium,noisy,routes + random steps,1,d3_inductive_bias,yes,4,planned,
chemistry-ssm-medium-noisy-s1::d4_probing,eval,chemistry,ssm,medium,noisy,routes + random steps,1,d4_probing,yes,4,planned,
chemistry-ssm-medium-noisy-s1::fragility,eval,chemistry,ssm,medium,noisy,routes + random steps,1,fragility,yes,4,planned,
chemistry-ssm-medium-noisy-s2::d1_next_token,eval,chemistry,ssm,medium,noisy,routes + random steps,2,d1_next_token,yes,4,planned,
chemistry-ssm-medium-noisy-s2::d2_myhill_nerode,eval,chemistry,ssm,medium,noisy,routes + random steps,2,d2_myhill_nerode,yes,4,planned,
chemistry-ssm-medium-noisy-s2::d3_inductive_bias,eval,chemistry,ssm,medium,noisy,routes + random steps,2,d3_inductive_bias,yes,4,planned,
chemistry-ssm-medium-noisy-s2::d4_probing,eval,chemistry,ssm,medium,noisy,routes + random steps,2,d4_probing,yes,4,planned,
chemistry-ssm-medium-noisy-s2::fragility,eval,chemistry,ssm,medium,noisy,routes + random steps,2,fragility,yes,4,planned,
chemistry-ssm-medium-random-s0::d1_next_token,eval,chemistry,ssm,medium,random,random valid steps,0,d1_next_token,yes,4,planned,
chemistry-ssm-medium-random-s0::d2_myhill_nerode,eval,chemistry,ssm,medium,random,random valid steps,0,d2_myhill_nerode,yes,4,planned,
chemistry-ssm-medium-random-s0::d3_inductive_bias,eval,chemistry,ssm,medium,random,random valid steps,0,d3_inductive_bias,yes,4,planned,
chemistry-ssm-medium-random-s0::d4_probing,eval,chemistry,ssm,medium,random,random valid steps,0,d4_probing,yes,4,planned,
chemistry-ssm-medium-random-s0::fragility,eval,chemistry,ssm,medium,random,random valid steps,0,fragility,yes,4,planned,
chemistry-ssm-medium-random-s1::d1_next_token,eval,chemistry,ssm,medium,random,random valid steps,1,d1_next_token,yes,4,planned,
chemistry-ssm-medium-random-s1::d2_myhill_nerode,eval,chemistry,ssm,medium,random,random valid steps,1,d2_myhill_nerode,yes,4,planned,
chemistry-ssm-medium-random-s1::d3_inductive_bias,eval,chemistry,ssm,medium,random,random valid steps,1,d3_inductive_bias,yes,4,planned,
chemistry-ssm-medium-random-s1::d4_probing,eval,chemistry,ssm,medium,random,random valid steps,1,d4_probing,yes,4,planned,
chemistry-ssm-medium-random-s1::fragility,eval,chemistry,ssm,medium,random,random valid steps,1,fragility,yes,4,planned,
chemistry-ssm-medium-random-s2::d1_next_token,eval,chemistry,ssm,medium,random,random valid steps,2,d1_next_token,yes,4,planned,
chemistry-ssm-medium-random-s2::d2_myhill_nerode,eval,chemistry,ssm,medium,random,random valid steps,2,d2_myhill_nerode,yes,4,planned,
chemistry-ssm-medium-random-s2::d3_inductive_bias,eval,chemistry,ssm,medium,random,random valid steps,2,d3_inductive_bias,yes,4,planned,
chemistry-ssm-medium-random-s2::d4_probing,eval,chemistry,ssm,medium,random,random valid steps,2,d4_probing,yes,4,planned,
chemistry-ssm-medium-random-s2::fragility,eval,chemistry,ssm,medium,random,random valid steps,2,fragility,yes,4,planned,
chemistry-ssm-large-expert-s0::d1_next_token,eval,chemistry,ssm,large,expert,USPTO / ORD routes,0,d1_next_token,yes,4,planned,
chemistry-ssm-large-expert-s0::d2_myhill_nerode,eval,chemistry,ssm,large,expert,USPTO / ORD routes,0,d2_myhill_nerode,yes,4,planned,
chemistry-ssm-large-expert-s0::d3_inductive_bias,eval,chemistry,ssm,large,expert,USPTO / ORD routes,0,d3_inductive_bias,yes,4,planned,
chemistry-ssm-large-expert-s0::d4_probing,eval,chemistry,ssm,large,expert,USPTO / ORD routes,0,d4_probing,yes,4,planned,
chemistry-ssm-large-expert-s0::fragility,eval,chemistry,ssm,large,expert,USPTO / ORD routes,0,fragility,yes,4,planned,
chemistry-ssm-large-expert-s1::d1_next_token,eval,chemistry,ssm,large,expert,USPTO / ORD routes,1,d1_next_token,yes,4,planned,
chemistry-ssm-large-expert-s1::d2_myhill_nerode,eval,chemistry,ssm,large,expert,USPTO / ORD routes,1,d2_myhill_nerode,yes,4,planned,
chemistry-ssm-large-expert-s1::d3_inductive_bias,eval,chemistry,ssm,large,expert,USPTO / ORD routes,1,d3_inductive_bias,yes,4,planned,
chemistry-ssm-large-expert-s1::d4_probing,eval,chemistry,ssm,large,expert,USPTO / ORD routes,1,d4_probing,yes,4,planned,
chemistry-ssm-large-expert-s1::fragility,eval,chemistry,ssm,large,expert,USPTO / ORD routes,1,fragility,yes,4,planned,
chemistry-ssm-large-expert-s2::d1_next_token,eval,chemistry,ssm,large,expert,USPTO / ORD routes,2,d1_next_token,yes,4,planned,
chemistry-ssm-large-expert-s2::d2_myhill_nerode,eval,chemistry,ssm,large,expert,USPTO / ORD routes,2,d2_myhill_nerode,yes,4,planned,
chemistry-ssm-large-expert-s2::d3_inductive_bias,eval,chemistry,ssm,large,expert,USPTO / ORD routes,2,d3_inductive_bias,yes,4,planned,
chemistry-ssm-large-expert-s2::d4_probing,eval,chemistry,ssm,large,expert,USPTO / ORD routes,2,d4_probing,yes,4,planned,
chemistry-ssm-large-expert-s2::fragility,eval,chemistry,ssm,large,expert,USPTO / ORD routes,2,fragility,yes,4,planned,
chemistry-ssm-large-noisy-s0::d1_next_token,eval,chemistry,ssm,large,noisy,routes + random steps,0,d1_next_token,yes,4,planned,
chemistry-ssm-large-noisy-s0::d2_myhill_nerode,eval,chemistry,ssm,large,noisy,routes + random steps,0,d2_myhill_nerode,yes,4,planned,
chemistry-ssm-large-noisy-s0::d3_inductive_bias,eval,chemistry,ssm,large,noisy,routes + random steps,0,d3_inductive_bias,yes,4,planned,
chemistry-ssm-large-noisy-s0::d4_probing,eval,chemistry,ssm,large,noisy,routes + random steps,0,d4_probing,yes,4,planned,
chemistry-ssm-large-noisy-s0::fragility,eval,chemistry,ssm,large,noisy,routes + random steps,0,fragility,yes,4,planned,
chemistry-ssm-large-noisy-s1::d1_next_token,eval,chemistry,ssm,large,noisy,routes + random steps,1,d1_next_token,yes,4,planned,
chemistry-ssm-large-noisy-s1::d2_myhill_nerode,eval,chemistry,ssm,large,noisy,routes + random steps,1,d2_myhill_nerode,yes,4,planned,
chemistry-ssm-large-noisy-s1::d3_inductive_bias,eval,chemistry,ssm,large,noisy,routes + random steps,1,d3_inductive_bias,yes,4,planned,
chemistry-ssm-large-noisy-s1::d4_probing,eval,chemistry,ssm,large,noisy,routes + random steps,1,d4_probing,yes,4,planned,
chemistry-ssm-large-noisy-s1::fragility,eval,chemistry,ssm,large,noisy,routes + random steps,1,fragility,yes,4,planned,
chemistry-ssm-large-noisy-s2::d1_next_token,eval,chemistry,ssm,large,noisy,routes + random steps,2,d1_next_token,yes,4,planned,
chemistry-ssm-large-noisy-s2::d2_myhill_nerode,eval,chemistry,ssm,large,noisy,routes + random steps,2,d2_myhill_nerode,yes,4,planned,
chemistry-ssm-large-noisy-s2::d3_inductive_bias,eval,chemistry,ssm,large,noisy,routes + random steps,2,d3_inductive_bias,yes,4,planned,
chemistry-ssm-large-noisy-s2::d4_probing,eval,chemistry,ssm,large,noisy,routes + random steps,2,d4_probing,yes,4,planned,
chemistry-ssm-large-noisy-s2::fragility,eval,chemistry,ssm,large,noisy,routes + random steps,2,fragility,yes,4,planned,
chemistry-ssm-large-random-s0::d1_next_token,eval,chemistry,ssm,large,random,random valid steps,0,d1_next_token,yes,4,planned,
chemistry-ssm-large-random-s0::d2_myhill_nerode,eval,chemistry,ssm,large,random,random valid steps,0,d2_myhill_nerode,yes,4,planned,
chemistry-ssm-large-random-s0::d3_inductive_bias,eval,chemistry,ssm,large,random,random valid steps,0,d3_inductive_bias,yes,4,planned,
chemistry-ssm-large-random-s0::d4_probing,eval,chemistry,ssm,large,random,random valid steps,0,d4_probing,yes,4,planned,
chemistry-ssm-large-random-s0::fragility,eval,chemistry,ssm,large,random,random valid steps,0,fragility,yes,4,planned,
chemistry-ssm-large-random-s1::d1_next_token,eval,chemistry,ssm,large,random,random valid steps,1,d1_next_token,yes,4,planned,
chemistry-ssm-large-random-s1::d2_myhill_nerode,eval,chemistry,ssm,large,random,random valid steps,1,d2_myhill_nerode,yes,4,planned,
chemistry-ssm-large-random-s1::d3_inductive_bias,eval,chemistry,ssm,large,random,random valid steps,1,d3_inductive_bias,yes,4,planned,
chemistry-ssm-large-random-s1::d4_probing,eval,chemistry,ssm,large,random,random valid steps,1,d4_probing,yes,4,planned,
chemistry-ssm-large-random-s1::fragility,eval,chemistry,ssm,large,random,random valid steps,1,fragility,yes,4,planned,
chemistry-ssm-large-random-s2::d1_next_token,eval,chemistry,ssm,large,random,random valid steps,2,d1_next_token,yes,4,planned,
chemistry-ssm-large-random-s2::d2_myhill_nerode,eval,chemistry,ssm,large,random,random valid steps,2,d2_myhill_nerode,yes,4,planned,
chemistry-ssm-large-random-s2::d3_inductive_bias,eval,chemistry,ssm,large,random,random valid steps,2,d3_inductive_bias,yes,4,planned,
chemistry-ssm-large-random-s2::d4_probing,eval,chemistry,ssm,large,random,random valid steps,2,d4_probing,yes,4,planned,
chemistry-ssm-large-random-s2::fragility,eval,chemistry,ssm,large,random,random valid steps,2,fragility,yes,4,planned,
chemistry-lstm-small-expert-s0::d1_next_token,eval,chemistry,lstm,small,expert,USPTO / ORD routes,0,d1_next_token,yes,4,planned,
chemistry-lstm-small-expert-s0::d2_myhill_nerode,eval,chemistry,lstm,small,expert,USPTO / ORD routes,0,d2_myhill_nerode,yes,4,planned,
chemistry-lstm-small-expert-s0::d3_inductive_bias,eval,chemistry,lstm,small,expert,USPTO / ORD routes,0,d3_inductive_bias,yes,4,planned,
chemistry-lstm-small-expert-s0::d4_probing,eval,chemistry,lstm,small,expert,USPTO / ORD routes,0,d4_probing,yes,4,planned,
chemistry-lstm-small-expert-s0::fragility,eval,chemistry,lstm,small,expert,USPTO / ORD routes,0,fragility,yes,4,planned,
chemistry-lstm-small-expert-s1::d1_next_token,eval,chemistry,lstm,small,expert,USPTO / ORD routes,1,d1_next_token,yes,4,planned,
chemistry-lstm-small-expert-s1::d2_myhill_nerode,eval,chemistry,lstm,small,expert,USPTO / ORD routes,1,d2_myhill_nerode,yes,4,planned,
chemistry-lstm-small-expert-s1::d3_inductive_bias,eval,chemistry,lstm,small,expert,USPTO / ORD routes,1,d3_inductive_bias,yes,4,planned,
chemistry-lstm-small-expert-s1::d4_probing,eval,chemistry,lstm,small,expert,USPTO / ORD routes,1,d4_probing,yes,4,planned,
chemistry-lstm-small-expert-s1::fragility,eval,chemistry,lstm,small,expert,USPTO / ORD routes,1,fragility,yes,4,planned,
chemistry-lstm-small-expert-s2::d1_next_token,eval,chemistry,lstm,small,expert,USPTO / ORD routes,2,d1_next_token,yes,4,planned,
chemistry-lstm-small-expert-s2::d2_myhill_nerode,eval,chemistry,lstm,small,expert,USPTO / ORD routes,2,d2_myhill_nerode,yes,4,planned,
chemistry-lstm-small-expert-s2::d3_inductive_bias,eval,chemistry,lstm,small,expert,USPTO / ORD routes,2,d3_inductive_bias,yes,4,planned,
chemistry-lstm-small-expert-s2::d4_probing,eval,chemistry,lstm,small,expert,USPTO / ORD routes,2,d4_probing,yes,4,planned,
chemistry-lstm-small-expert-s2::fragility,eval,chemistry,lstm,small,expert,USPTO / ORD routes,2,fragility,yes,4,planned,
chemistry-lstm-small-noisy-s0::d1_next_token,eval,chemistry,lstm,small,noisy,routes + random steps,0,d1_next_token,yes,4,planned,
chemistry-lstm-small-noisy-s0::d2_myhill_nerode,eval,chemistry,lstm,small,noisy,routes + random steps,0,d2_myhill_nerode,yes,4,planned,
chemistry-lstm-small-noisy-s0::d3_inductive_bias,eval,chemistry,lstm,small,noisy,routes + random steps,0,d3_inductive_bias,yes,4,planned,
chemistry-lstm-small-noisy-s0::d4_probing,eval,chemistry,lstm,small,noisy,routes + random steps,0,d4_probing,yes,4,planned,
chemistry-lstm-small-noisy-s0::fragility,eval,chemistry,lstm,small,noisy,routes + random steps,0,fragility,yes,4,planned,
chemistry-lstm-small-noisy-s1::d1_next_token,eval,chemistry,lstm,small,noisy,routes + random steps,1,d1_next_token,yes,4,planned,
chemistry-lstm-small-noisy-s1::d2_myhill_nerode,eval,chemistry,lstm,small,noisy,routes + random steps,1,d2_myhill_nerode,yes,4,planned,
chemistry-lstm-small-noisy-s1::d3_inductive_bias,eval,chemistry,lstm,small,noisy,routes + random steps,1,d3_inductive_bias,yes,4,planned,
chemistry-lstm-small-noisy-s1::d4_probing,eval,chemistry,lstm,small,noisy,routes + random steps,1,d4_probing,yes,4,planned,
chemistry-lstm-small-noisy-s1::fragility,eval,chemistry,lstm,small,noisy,routes + random steps,1,fragility,yes,4,planned,
chemistry-lstm-small-noisy-s2::d1_next_token,eval,chemistry,lstm,small,noisy,routes + random steps,2,d1_next_token,yes,4,planned,
chemistry-lstm-small-noisy-s2::d2_myhill_nerode,eval,chemistry,lstm,small,noisy,routes + random steps,2,d2_myhill_nerode,yes,4,planned,
chemistry-lstm-small-noisy-s2::d3_inductive_bias,eval,chemistry,lstm,small,noisy,routes + random steps,2,d3_inductive_bias,yes,4,planned,
chemistry-lstm-small-noisy-s2::d4_probing,eval,chemistry,lstm,small,noisy,routes + random steps,2,d4_probing,yes,4,planned,
chemistry-lstm-small-noisy-s2::fragility,eval,chemistry,lstm,small,noisy,routes + random steps,2,fragility,yes,4,planned,
chemistry-lstm-small-random-s0::d1_next_token,eval,chemistry,lstm,small,random,random valid steps,0,d1_next_token,yes,4,planned,
chemistry-lstm-small-random-s0::d2_myhill_nerode,eval,chemistry,lstm,small,random,random valid steps,0,d2_myhill_nerode,yes,4,planned,
chemistry-lstm-small-random-s0::d3_inductive_bias,eval,chemistry,lstm,small,random,random valid steps,0,d3_inductive_bias,yes,4,planned,
chemistry-lstm-small-random-s0::d4_probing,eval,chemistry,lstm,small,random,random valid steps,0,d4_probing,yes,4,planned,
chemistry-lstm-small-random-s0::fragility,eval,chemistry,lstm,small,random,random valid steps,0,fragility,yes,4,planned,
chemistry-lstm-small-random-s1::d1_next_token,eval,chemistry,lstm,small,random,random valid steps,1,d1_next_token,yes,4,planned,
chemistry-lstm-small-random-s1::d2_myhill_nerode,eval,chemistry,lstm,small,random,random valid steps,1,d2_myhill_nerode,yes,4,planned,
chemistry-lstm-small-random-s1::d3_inductive_bias,eval,chemistry,lstm,small,random,random valid steps,1,d3_inductive_bias,yes,4,planned,
chemistry-lstm-small-random-s1::d4_probing,eval,chemistry,lstm,small,random,random valid steps,1,d4_probing,yes,4,planned,
chemistry-lstm-small-random-s1::fragility,eval,chemistry,lstm,small,random,random valid steps,1,fragility,yes,4,planned,
chemistry-lstm-small-random-s2::d1_next_token,eval,chemistry,lstm,small,random,random valid steps,2,d1_next_token,yes,4,planned,
chemistry-lstm-small-random-s2::d2_myhill_nerode,eval,chemistry,lstm,small,random,random valid steps,2,d2_myhill_nerode,yes,4,planned,
chemistry-lstm-small-random-s2::d3_inductive_bias,eval,chemistry,lstm,small,random,random valid steps,2,d3_inductive_bias,yes,4,planned,
chemistry-lstm-small-random-s2::d4_probing,eval,chemistry,lstm,small,random,random valid steps,2,d4_probing,yes,4,planned,
chemistry-lstm-small-random-s2::fragility,eval,chemistry,lstm,small,random,random valid steps,2,fragility,yes,4,planned,
chemistry-lstm-medium-expert-s0::d1_next_token,eval,chemistry,lstm,medium,expert,USPTO / ORD routes,0,d1_next_token,yes,4,planned,
chemistry-lstm-medium-expert-s0::d2_myhill_nerode,eval,chemistry,lstm,medium,expert,USPTO / ORD routes,0,d2_myhill_nerode,yes,4,planned,
chemistry-lstm-medium-expert-s0::d3_inductive_bias,eval,chemistry,lstm,medium,expert,USPTO / ORD routes,0,d3_inductive_bias,yes,4,planned,
chemistry-lstm-medium-expert-s0::d4_probing,eval,chemistry,lstm,medium,expert,USPTO / ORD routes,0,d4_probing,yes,4,planned,
chemistry-lstm-medium-expert-s0::fragility,eval,chemistry,lstm,medium,expert,USPTO / ORD routes,0,fragility,yes,4,planned,
chemistry-lstm-medium-expert-s1::d1_next_token,eval,chemistry,lstm,medium,expert,USPTO / ORD routes,1,d1_next_token,yes,4,planned,
chemistry-lstm-medium-expert-s1::d2_myhill_nerode,eval,chemistry,lstm,medium,expert,USPTO / ORD routes,1,d2_myhill_nerode,yes,4,planned,
chemistry-lstm-medium-expert-s1::d3_inductive_bias,eval,chemistry,lstm,medium,expert,USPTO / ORD routes,1,d3_inductive_bias,yes,4,planned,
chemistry-lstm-medium-expert-s1::d4_probing,eval,chemistry,lstm,medium,expert,USPTO / ORD routes,1,d4_probing,yes,4,planned,
chemistry-lstm-medium-expert-s1::fragility,eval,chemistry,lstm,medium,expert,USPTO / ORD routes,1,fragility,yes,4,planned,
chemistry-lstm-medium-expert-s2::d1_next_token,eval,chemistry,lstm,medium,expert,USPTO / ORD routes,2,d1_next_token,yes,4,planned,
chemistry-lstm-medium-expert-s2::d2_myhill_nerode,eval,chemistry,lstm,medium,expert,USPTO / ORD routes,2,d2_myhill_nerode,yes,4,planned,
chemistry-lstm-medium-expert-s2::d3_inductive_bias,eval,chemistry,lstm,medium,expert,USPTO / ORD routes,2,d3_inductive_bias,yes,4,planned,
chemistry-lstm-medium-expert-s2::d4_probing,eval,chemistry,lstm,medium,expert,USPTO / ORD routes,2,d4_probing,yes,4,planned,
chemistry-lstm-medium-expert-s2::fragility,eval,chemistry,lstm,medium,expert,USPTO / ORD routes,2,fragility,yes,4,planned,
chemistry-lstm-medium-noisy-s0::d1_next_token,eval,chemistry,lstm,medium,noisy,routes + random steps,0,d1_next_token,yes,4,planned,
chemistry-lstm-medium-noisy-s0::d2_myhill_nerode,eval,chemistry,lstm,medium,noisy,routes + random steps,0,d2_myhill_nerode,yes,4,planned,
chemistry-lstm-medium-noisy-s0::d3_inductive_bias,eval,chemistry,lstm,medium,noisy,routes + random steps,0,d3_inductive_bias,yes,4,planned,
chemistry-lstm-medium-noisy-s0::d4_probing,eval,chemistry,lstm,medium,noisy,routes + random steps,0,d4_probing,yes,4,planned,
chemistry-lstm-medium-noisy-s0::fragility,eval,chemistry,lstm,medium,noisy,routes + random steps,0,fragility,yes,4,planned,
chemistry-lstm-medium-noisy-s1::d1_next_token,eval,chemistry,lstm,medium,noisy,routes + random steps,1,d1_next_token,yes,4,planned,
chemistry-lstm-medium-noisy-s1::d2_myhill_nerode,eval,chemistry,lstm,medium,noisy,routes + random steps,1,d2_myhill_nerode,yes,4,planned,
chemistry-lstm-medium-noisy-s1::d3_inductive_bias,eval,chemistry,lstm,medium,noisy,routes + random steps,1,d3_inductive_bias,yes,4,planned,
chemistry-lstm-medium-noisy-s1::d4_probing,eval,chemistry,lstm,medium,noisy,routes + random steps,1,d4_probing,yes,4,planned,
chemistry-lstm-medium-noisy-s1::fragility,eval,chemistry,lstm,medium,noisy,routes + random steps,1,fragility,yes,4,planned,
chemistry-lstm-medium-noisy-s2::d1_next_token,eval,chemistry,lstm,medium,noisy,routes + random steps,2,d1_next_token,yes,4,planned,
chemistry-lstm-medium-noisy-s2::d2_myhill_nerode,eval,chemistry,lstm,medium,noisy,routes + random steps,2,d2_myhill_nerode,yes,4,planned,
chemistry-lstm-medium-noisy-s2::d3_inductive_bias,eval,chemistry,lstm,medium,noisy,routes + random steps,2,d3_inductive_bias,yes,4,planned,
chemistry-lstm-medium-noisy-s2::d4_probing,eval,chemistry,lstm,medium,noisy,routes + random steps,2,d4_probing,yes,4,planned,
chemistry-lstm-medium-noisy-s2::fragility,eval,chemistry,lstm,medium,noisy,routes + random steps,2,fragility,yes,4,planned,
chemistry-lstm-medium-random-s0::d1_next_token,eval,chemistry,lstm,medium,random,random valid steps,0,d1_next_token,yes,4,planned,
chemistry-lstm-medium-random-s0::d2_myhill_nerode,eval,chemistry,lstm,medium,random,random valid steps,0,d2_myhill_nerode,yes,4,planned,
chemistry-lstm-medium-random-s0::d3_inductive_bias,eval,chemistry,lstm,medium,random,random valid steps,0,d3_inductive_bias,yes,4,planned,
chemistry-lstm-medium-random-s0::d4_probing,eval,chemistry,lstm,medium,random,random valid steps,0,d4_probing,yes,4,planned,
chemistry-lstm-medium-random-s0::fragility,eval,chemistry,lstm,medium,random,random valid steps,0,fragility,yes,4,planned,
chemistry-lstm-medium-random-s1::d1_next_token,eval,chemistry,lstm,medium,random,random valid steps,1,d1_next_token,yes,4,planned,
chemistry-lstm-medium-random-s1::d2_myhill_nerode,eval,chemistry,lstm,medium,random,random valid steps,1,d2_myhill_nerode,yes,4,planned,
chemistry-lstm-medium-random-s1::d3_inductive_bias,eval,chemistry,lstm,medium,random,random valid steps,1,d3_inductive_bias,yes,4,planned,
chemistry-lstm-medium-random-s1::d4_probing,eval,chemistry,lstm,medium,random,random valid steps,1,d4_probing,yes,4,planned,
chemistry-lstm-medium-random-s1::fragility,eval,chemistry,lstm,medium,random,random valid steps,1,fragility,yes,4,planned,
chemistry-lstm-medium-random-s2::d1_next_token,eval,chemistry,lstm,medium,random,random valid steps,2,d1_next_token,yes,4,planned,
chemistry-lstm-medium-random-s2::d2_myhill_nerode,eval,chemistry,lstm,medium,random,random valid steps,2,d2_myhill_nerode,yes,4,planned,
chemistry-lstm-medium-random-s2::d3_inductive_bias,eval,chemistry,lstm,medium,random,random valid steps,2,d3_inductive_bias,yes,4,planned,
chemistry-lstm-medium-random-s2::d4_probing,eval,chemistry,lstm,medium,random,random valid steps,2,d4_probing,yes,4,planned,
chemistry-lstm-medium-random-s2::fragility,eval,chemistry,lstm,medium,random,random valid steps,2,fragility,yes,4,planned,
chemistry-lstm-large-expert-s0::d1_next_token,eval,chemistry,lstm,large,expert,USPTO / ORD routes,0,d1_next_token,yes,4,planned,
chemistry-lstm-large-expert-s0::d2_myhill_nerode,eval,chemistry,lstm,large,expert,USPTO / ORD routes,0,d2_myhill_nerode,yes,4,planned,
chemistry-lstm-large-expert-s0::d3_inductive_bias,eval,chemistry,lstm,large,expert,USPTO / ORD routes,0,d3_inductive_bias,yes,4,planned,
chemistry-lstm-large-expert-s0::d4_probing,eval,chemistry,lstm,large,expert,USPTO / ORD routes,0,d4_probing,yes,4,planned,
chemistry-lstm-large-expert-s0::fragility,eval,chemistry,lstm,large,expert,USPTO / ORD routes,0,fragility,yes,4,planned,
chemistry-lstm-large-expert-s1::d1_next_token,eval,chemistry,lstm,large,expert,USPTO / ORD routes,1,d1_next_token,yes,4,planned,
chemistry-lstm-large-expert-s1::d2_myhill_nerode,eval,chemistry,lstm,large,expert,USPTO / ORD routes,1,d2_myhill_nerode,yes,4,planned,
chemistry-lstm-large-expert-s1::d3_inductive_bias,eval,chemistry,lstm,large,expert,USPTO / ORD routes,1,d3_inductive_bias,yes,4,planned,
chemistry-lstm-large-expert-s1::d4_probing,eval,chemistry,lstm,large,expert,USPTO / ORD routes,1,d4_probing,yes,4,planned,
chemistry-lstm-large-expert-s1::fragility,eval,chemistry,lstm,large,expert,USPTO / ORD routes,1,fragility,yes,4,planned,
chemistry-lstm-large-expert-s2::d1_next_token,eval,chemistry,lstm,large,expert,USPTO / ORD routes,2,d1_next_token,yes,4,planned,
chemistry-lstm-large-expert-s2::d2_myhill_nerode,eval,chemistry,lstm,large,expert,USPTO / ORD routes,2,d2_myhill_nerode,yes,4,planned,
chemistry-lstm-large-expert-s2::d3_inductive_bias,eval,chemistry,lstm,large,expert,USPTO / ORD routes,2,d3_inductive_bias,yes,4,planned,
chemistry-lstm-large-expert-s2::d4_probing,eval,chemistry,lstm,large,expert,USPTO / ORD routes,2,d4_probing,yes,4,planned,
chemistry-lstm-large-expert-s2::fragility,eval,chemistry,lstm,large,expert,USPTO / ORD routes,2,fragility,yes,4,planned,
chemistry-lstm-large-noisy-s0::d1_next_token,eval,chemistry,lstm,large,noisy,routes + random steps,0,d1_next_token,yes,4,planned,
chemistry-lstm-large-noisy-s0::d2_myhill_nerode,eval,chemistry,lstm,large,noisy,routes + random steps,0,d2_myhill_nerode,yes,4,planned,
chemistry-lstm-large-noisy-s0::d3_inductive_bias,eval,chemistry,lstm,large,noisy,routes + random steps,0,d3_inductive_bias,yes,4,planned,
chemistry-lstm-large-noisy-s0::d4_probing,eval,chemistry,lstm,large,noisy,routes + random steps,0,d4_probing,yes,4,planned,
chemistry-lstm-large-noisy-s0::fragility,eval,chemistry,lstm,large,noisy,routes + random steps,0,fragility,yes,4,planned,
chemistry-lstm-large-noisy-s1::d1_next_token,eval,chemistry,lstm,large,noisy,routes + random steps,1,d1_next_token,yes,4,planned,
chemistry-lstm-large-noisy-s1::d2_myhill_nerode,eval,chemistry,lstm,large,noisy,routes + random steps,1,d2_myhill_nerode,yes,4,planned,
chemistry-lstm-large-noisy-s1::d3_inductive_bias,eval,chemistry,lstm,large,noisy,routes + random steps,1,d3_inductive_bias,yes,4,planned,
chemistry-lstm-large-noisy-s1::d4_probing,eval,chemistry,lstm,large,noisy,routes + random steps,1,d4_probing,yes,4,planned,
chemistry-lstm-large-noisy-s1::fragility,eval,chemistry,lstm,large,noisy,routes + random steps,1,fragility,yes,4,planned,
chemistry-lstm-large-noisy-s2::d1_next_token,eval,chemistry,lstm,large,noisy,routes + random steps,2,d1_next_token,yes,4,planned,
chemistry-lstm-large-noisy-s2::d2_myhill_nerode,eval,chemistry,lstm,large,noisy,routes + random steps,2,d2_myhill_nerode,yes,4,planned,
chemistry-lstm-large-noisy-s2::d3_inductive_bias,eval,chemistry,lstm,large,noisy,routes + random steps,2,d3_inductive_bias,yes,4,planned,
chemistry-lstm-large-noisy-s2::d4_probing,eval,chemistry,lstm,large,noisy,routes + random steps,2,d4_probing,yes,4,planned,
chemistry-lstm-large-noisy-s2::fragility,eval,chemistry,lstm,large,noisy,routes + random steps,2,fragility,yes,4,planned,
chemistry-lstm-large-random-s0::d1_next_token,eval,chemistry,lstm,large,random,random valid steps,0,d1_next_token,yes,4,planned,
chemistry-lstm-large-random-s0::d2_myhill_nerode,eval,chemistry,lstm,large,random,random valid steps,0,d2_myhill_nerode,yes,4,planned,
chemistry-lstm-large-random-s0::d3_inductive_bias,eval,chemistry,lstm,large,random,random valid steps,0,d3_inductive_bias,yes,4,planned,
chemistry-lstm-large-random-s0::d4_probing,eval,chemistry,lstm,large,random,random valid steps,0,d4_probing,yes,4,planned,
chemistry-lstm-large-random-s0::fragility,eval,chemistry,lstm,large,random,random valid steps,0,fragility,yes,4,planned,
chemistry-lstm-large-random-s1::d1_next_token,eval,chemistry,lstm,large,random,random valid steps,1,d1_next_token,yes,4,planned,
chemistry-lstm-large-random-s1::d2_myhill_nerode,eval,chemistry,lstm,large,random,random valid steps,1,d2_myhill_nerode,yes,4,planned,
chemistry-lstm-large-random-s1::d3_inductive_bias,eval,chemistry,lstm,large,random,random valid steps,1,d3_inductive_bias,yes,4,planned,
chemistry-lstm-large-random-s1::d4_probing,eval,chemistry,lstm,large,random,random valid steps,1,d4_probing,yes,4,planned,
chemistry-lstm-large-random-s1::fragility,eval,chemistry,lstm,large,random,random valid steps,1,fragility,yes,4,planned,
chemistry-lstm-large-random-s2::d1_next_token,eval,chemistry,lstm,large,random,random valid steps,2,d1_next_token,yes,4,planned,
chemistry-lstm-large-random-s2::d2_myhill_nerode,eval,chemistry,lstm,large,random,random valid steps,2,d2_myhill_nerode,yes,4,planned,
chemistry-lstm-large-random-s2::d3_inductive_bias,eval,chemistry,lstm,large,random,random valid steps,2,d3_inductive_bias,yes,4,planned,
chemistry-lstm-large-random-s2::d4_probing,eval,chemistry,lstm,large,random,random valid steps,2,d4_probing,yes,4,planned,
chemistry-lstm-large-random-s2::fragility,eval,chemistry,lstm,large,random,random valid steps,2,fragility,yes,4,planned,
